ID,Casa,Categoría,Perfume,Tipo,Tamaño,UPC_EAN,SKU_GEORGINA,Foto_URL,Fuente,Precio_Referencia,Costo_GEORGINA,Precio_Venta_GEORGINA,Inventario,Proveedor,Estado,Notas
PERF-00001,Lattafa,Árabe,24 Carat Gold,EDP/EDT/Parfum (verificar),,,LATTAFA-24-CARAT-GOLD-0000,,Catálogo de la casa / referencia de catálogo,,,,,,Referencia — revisar antes de publicar,
PERF-00002,Lattafa,Árabe,24 Carat Pure Gold,EDP/EDT/Parfum (verificar),,,LATTAFA-24-CARAT-PURE-GOLD-0001,,Catálogo de la casa / referencia de catálogo,,,,,,Referencia — revisar antes de publicar,
PERF-00003,Lattafa,Árabe,24 Carat White Gold,EDP/EDT/Parfum (verificar),,,LATTAFA-24-CARAT-WHITE-GOLD-0002,,Catálogo de la casa / referencia de catálogo,,,,,,Referencia — revisar antes de publicar,
PERF-00004,Lattafa,Árabe,Ajayeb Dubai,EDP/EDT/Parfum (verificar),,,LATTAFA-AJAYEB-DUBAI-0003,,Catálogo de la casa / referencia de catálogo,,,,,,Referencia — revisar antes de publicar,
PERF-00005,Lattafa,Árabe,Ajwad,EDP/EDT/Parfum (verificar),,,LATTAFA-AJWAD-0004,,Catálogo de la casa / referencia de catálogo,,,,,,Referencia — revisar antes de publicar,
PERF-00006,Lattafa,Árabe,Ajwad Pink to Pink,EDP/EDT/Parfum (verificar),,,LATTAFA-AJWAD-PINK-TO-PINK-0005,,Catálogo de la casa / referencia de catálogo,,,,,,Referencia — revisar antes de publicar,
PERF-00007,Lattafa,Árabe,Al Dur Al Maknoon,EDP/EDT/Parfum (verificar),,,LATTAFA-AL-DUR-AL-MAKNOON-0006,,Catálogo de la casa / referencia de catálogo,,,,,,Referencia — revisar antes de publicar,
PERF-00008,Lattafa,Árabe,Al Nashama Caprice,EDP/EDT/Parfum (verificar),,,LATTAFA-AL-NASHAMA-CAPRICE-0007,,Catálogo de la casa / referencia de catálogo,,,,,,Referencia — revisar antes de publicar,
PERF-00009,Lattafa,Árabe,Al Nashama,EDP/EDT/Parfum (verificar),,,LATTAFA-AL-NASHAMA-0008,,Catálogo de la casa / referencia de catálogo,,,,,,Referencia — revisar antes de publicar,
PERF-00010,Lattafa,Árabe,Al Noble Ameer,EDP/EDT/Parfum (verificar),,,LATTAFA-AL-NOBLE-AMEER-0009,,Catálogo de la casa / referencia de catálogo,,,,,,Referencia — revisar antes de publicar,
PERF-00011,Lattafa,Árabe,Al Noble Safeer,EDP/EDT/Parfum (verificar),,,LATTAFA-AL-NOBLE-SAFEER-0010,,Catálogo de la casa / referencia de catálogo,,,,,,Referencia — revisar antes de publicar,
PERF-00012,Lattafa,Árabe,Al Noble Wazeer,EDP/EDT/Parfum (verificar),,,LATTAFA-AL-NOBLE-WAZEER-0011,,Catálogo de la casa / referencia de catálogo,,,,,,Referencia — revisar antes de publicar,
PERF-00013,Lattafa,Árabe,Ana Abiyedh,EDP/EDT/Parfum (verificar),,,LATTAFA-ANA-ABIYEDH-0012,,Catálogo de la casa / referencia de catálogo,,,,,,Referencia — revisar antes de publicar,
PERF-00014,Lattafa,Árabe,Ana Abiyedh Rouge,EDP/EDT/Parfum (verificar),,,LATTAFA-ANA-ABIYEDH-ROUGE-0013,,Catálogo de la casa / referencia de catálogo,,,,,,Referencia — revisar antes de publicar,
PERF-00015,Lattafa,Árabe,Ana Abiyedh Coral,EDP/EDT/Parfum (verificar),,,LATTAFA-ANA-ABIYEDH-CORAL-0014,,Catálogo de la casa / referencia de catálogo,,,,,,Referencia — revisar antes de publicar,
PERF-00016,Lattafa,Árabe,Ana Abiyedh Poudree,EDP/EDT/Parfum (verificar),,,LATTAFA-ANA-ABIYEDH-POUDREE-0015,,Catálogo de la casa / referencia de catálogo,,,,,,Referencia — revisar antes de publicar,
PERF-00017,Lattafa,Árabe,Ana Abiyedh White,EDP/EDT/Parfum (verificar),,,LATTAFA-ANA-ABIYEDH-WHITE-0016,,Catálogo de la casa / referencia de catálogo,,,,,,Referencia — revisar antes de publicar,
PERF-00018,Lattafa,Árabe,Ameer Al Oudh Intense Oud,EDP/EDT/Parfum (verificar),,,LATTAFA-AMEER-AL-OUDH-INTENSE-OU-0017,,Catálogo de la casa / referencia de catálogo,,,,,,Referencia — revisar antes de publicar,
PERF-00019,Lattafa,Árabe,Ameer Al Oudh,EDP/EDT/Parfum (verificar),,,LATTAFA-AMEER-AL-OUDH-0018,,Catálogo de la casa / referencia de catálogo,,,,,,Referencia — revisar antes de publicar,
PERF-00020,Lattafa,Árabe,Asad,EDP/EDT/Parfum (verificar),,,LATTAFA-ASAD-0019,,Catálogo de la casa / referencia de catálogo,,,,,,Referencia — revisar antes de publicar,
PERF-00021,Lattafa,Árabe,Asad Bourbon,EDP/EDT/Parfum (verificar),,,LATTAFA-ASAD-BOURBON-0020,,Catálogo de la casa / referencia de catálogo,,,,,,Referencia — revisar antes de publicar,
PERF-00022,Lattafa,Árabe,Asad Elixir,EDP/EDT/Parfum (verificar),,,LATTAFA-ASAD-ELIXIR-0021,,Catálogo de la casa / referencia de catálogo,,,,,,Referencia — revisar antes de publicar,
PERF-00023,Lattafa,Árabe,Asad Zanzibar,EDP/EDT/Parfum (verificar),,,LATTAFA-ASAD-ZANZIBAR-0022,,Catálogo de la casa / referencia de catálogo,,,,,,Referencia — revisar antes de publicar,
PERF-00024,Lattafa,Árabe,Asdaaf Ameerat Al Arab,EDP/EDT/Parfum (verificar),,,LATTAFA-ASDAAF-AMEERAT-AL-ARAB-0023,,Catálogo de la casa / referencia de catálogo,,,,,,Referencia — revisar antes de publicar,
PERF-00025,Lattafa,Árabe,Asdaaf Ameerat Al Arab Prive Rose,EDP/EDT/Parfum (verificar),,,LATTAFA-ASDAAF-AMEERAT-AL-ARAB-P-0024,,Catálogo de la casa / referencia de catálogo,,,,,,Referencia — revisar antes de publicar,
PERF-00026,Lattafa,Árabe,Asdaaf Ameerat Al Arab Imperium,EDP/EDT/Parfum (verificar),,,LATTAFA-ASDAAF-AMEERAT-AL-ARAB-I-0025,,Catálogo de la casa / referencia de catálogo,,,,,,Referencia — revisar antes de publicar,
PERF-00027,Lattafa,Árabe,Asdaaf Fouad,EDP/EDT/Parfum (verificar),,,LATTAFA-ASDAAF-FOUAD-0026,,Catálogo de la casa / referencia de catálogo,,,,,,Referencia — revisar antes de publicar,
PERF-00028,Lattafa,Árabe,Asdaaf Reem,EDP/EDT/Parfum (verificar),,,LATTAFA-ASDAAF-REEM-0027,,Catálogo de la casa / referencia de catálogo,,,,,,Referencia — revisar antes de publicar,
PERF-00029,Lattafa,Árabe,Atheeri,EDP/EDT/Parfum (verificar),,,LATTAFA-ATHEERI-0028,,Catálogo de la casa / referencia de catálogo,,,,,,Referencia — revisar antes de publicar,
PERF-00030,Lattafa,Árabe,Azeezah,EDP/EDT/Parfum (verificar),,,LATTAFA-AZEEZAH-0029,,Catálogo de la casa / referencia de catálogo,,,,,,Referencia — revisar antes de publicar,
PERF-00031,Lattafa,Árabe,Bade'e Al Oud Amethyst,EDP/EDT/Parfum (verificar),,,LATTAFA-BADE-E-AL-OUD-AMETHYST-0030,,Catálogo de la casa / referencia de catálogo,,,,,,Referencia — revisar antes de publicar,
PERF-00032,Lattafa,Árabe,Bade'e Al Oud Honor & Glory,EDP/EDT/Parfum (verificar),,,LATTAFA-BADE-E-AL-OUD-HONOR-GLOR-0031,,Catálogo de la casa / referencia de catálogo,,,,,,Referencia — revisar antes de publicar,
PERF-00033,Lattafa,Árabe,Bade'e Al Oud Sublime,EDP/EDT/Parfum (verificar),,,LATTAFA-BADE-E-AL-OUD-SUBLIME-0032,,Catálogo de la casa / referencia de catálogo,,,,,,Referencia — revisar antes de publicar,
PERF-00034,Lattafa,Árabe,Bade'e Al Oud Oud for Glory,EDP/EDT/Parfum (verificar),,,LATTAFA-BADE-E-AL-OUD-OUD-FOR-GL-0033,,Catálogo de la casa / referencia de catálogo,,,,,,Referencia — revisar antes de publicar,
PERF-00035,Lattafa,Árabe,Bade'e Al Oud Noble Blush,EDP/EDT/Parfum (verificar),,,LATTAFA-BADE-E-AL-OUD-NOBLE-BLUS-0034,,Catálogo de la casa / referencia de catálogo,,,,,,Referencia — revisar antes de publicar,
PERF-00036,Lattafa,Árabe,Bade'e Al Oud Oud for Glory Extreme,EDP/EDT/Parfum (verificar),,,LATTAFA-BADE-E-AL-OUD-OUD-FOR-GL-0035,,Catálogo de la casa / referencia de catálogo,,,,,,Referencia — revisar antes de publicar,
PERF-00037,Lattafa,Árabe,Bade'e Al Oud Sublime Rose,EDP/EDT/Parfum (verificar),,,LATTAFA-BADE-E-AL-OUD-SUBLIME-RO-0036,,Catálogo de la casa / referencia de catálogo,,,,,,Referencia — revisar antes de publicar,
PERF-00038,Lattafa,Árabe,Bade'e Al Oud Honor & Glory Limited Edition,EDP/EDT/Parfum (verificar),,,LATTAFA-BADE-E-AL-OUD-HONOR-GLOR-0037,,Catálogo de la casa / referencia de catálogo,,,,,,Referencia — revisar antes de publicar,
PERF-00039,Lattafa,Árabe,Bade'e Al Oud Amethyst Limited Edition,EDP/EDT/Parfum (verificar),,,LATTAFA-BADE-E-AL-OUD-AMETHYST-L-0038,,Catálogo de la casa / referencia de catálogo,,,,,,Referencia — revisar antes de publicar,
PERF-00040,Lattafa,Árabe,Confidential Private Gold,EDP/EDT/Parfum (verificar),,,LATTAFA-CONFIDENTIAL-PRIVATE-GOL-0039,,Catálogo de la casa / referencia de catálogo,,,,,,Referencia — revisar antes de publicar,
PERF-00041,Lattafa,Árabe,Confidential Private Gold Intense,EDP/EDT/Parfum (verificar),,,LATTAFA-CONFIDENTIAL-PRIVATE-GOL-0040,,Catálogo de la casa / referencia de catálogo,,,,,,Referencia — revisar antes de publicar,
PERF-00042,Lattafa,Árabe,Confidential Private Oud,EDP/EDT/Parfum (verificar),,,LATTAFA-CONFIDENTIAL-PRIVATE-OUD-0041,,Catálogo de la casa / referencia de catálogo,,,,,,Referencia — revisar antes de publicar,
PERF-00043,Lattafa,Árabe,Confidential Private Blue,EDP/EDT/Parfum (verificar),,,LATTAFA-CONFIDENTIAL-PRIVATE-BLU-0042,,Catálogo de la casa / referencia de catálogo,,,,,,Referencia — revisar antes de publicar,
PERF-00044,Lattafa,Árabe,Confidential Private Musk,EDP/EDT/Parfum (verificar),,,LATTAFA-CONFIDENTIAL-PRIVATE-MUS-0043,,Catálogo de la casa / referencia de catálogo,,,,,,Referencia — revisar antes de publicar,
PERF-00045,Lattafa,Árabe,Dalal,EDP/EDT/Parfum (verificar),,,LATTAFA-DALAL-0044,,Catálogo de la casa / referencia de catálogo,,,,,,Referencia — revisar antes de publicar,
PERF-00046,Lattafa,Árabe,Ejaazi,EDP/EDT/Parfum (verificar),,,LATTAFA-EJAAZI-0045,,Catálogo de la casa / referencia de catálogo,,,,,,Referencia — revisar antes de publicar,
PERF-00047,Lattafa,Árabe,Ejaazi Intensive Silver,EDP/EDT/Parfum (verificar),,,LATTAFA-EJAAZI-INTENSIVE-SILVER-0046,,Catálogo de la casa / referencia de catálogo,,,,,,Referencia — revisar antes de publicar,
PERF-00048,Lattafa,Árabe,Eclaire,EDP/EDT/Parfum (verificar),,,LATTAFA-ECLAIRE-0047,,Catálogo de la casa / referencia de catálogo,,,,,,Referencia — revisar antes de publicar,
PERF-00049,Lattafa,Árabe,Fakhar Black,EDP/EDT/Parfum (verificar),,,LATTAFA-FAKHAR-BLACK-0048,,Catálogo de la casa / referencia de catálogo,,,,,,Referencia — revisar antes de publicar,
PERF-00050,Lattafa,Árabe,Fakhar Extrait,EDP/EDT/Parfum (verificar),,,LATTAFA-FAKHAR-EXTRAIT-0049,,Catálogo de la casa / referencia de catálogo,,,,,,Referencia — revisar antes de publicar,
PERF-00051,Lattafa,Árabe,Fakhar Gold,EDP/EDT/Parfum (verificar),,,LATTAFA-FAKHAR-GOLD-0050,,Catálogo de la casa / referencia de catálogo,,,,,,Referencia — revisar antes de publicar,
PERF-00052,Lattafa,Árabe,Fakhar Rose,EDP/EDT/Parfum (verificar),,,LATTAFA-FAKHAR-ROSE-0051,,Catálogo de la casa / referencia de catálogo,,,,,,Referencia — revisar antes de publicar,
PERF-00053,Lattafa,Árabe,Fakhar Women,EDP/EDT/Parfum (verificar),,,LATTAFA-FAKHAR-WOMEN-0052,,Catálogo de la casa / referencia de catálogo,,,,,,Referencia — revisar antes de publicar,
PERF-00054,Lattafa,Árabe,Fakhar Men,EDP/EDT/Parfum (verificar),,,LATTAFA-FAKHAR-MEN-0053,,Catálogo de la casa / referencia de catálogo,,,,,,Referencia — revisar antes de publicar,
PERF-00055,Lattafa,Árabe,Fakhar Platin,EDP/EDT/Parfum (verificar),,,LATTAFA-FAKHAR-PLATIN-0054,,Catálogo de la casa / referencia de catálogo,,,,,,Referencia — revisar antes de publicar,
PERF-00056,Lattafa,Árabe,Fakhar Extrait Pour Homme,EDP/EDT/Parfum (verificar),,,LATTAFA-FAKHAR-EXTRAIT-POUR-HOMM-0055,,Catálogo de la casa / referencia de catálogo,,,,,,Referencia — revisar antes de publicar,
PERF-00057,Lattafa,Árabe,Fakhar Gold Extrait,EDP/EDT/Parfum (verificar),,,LATTAFA-FAKHAR-GOLD-EXTRAIT-0056,,Catálogo de la casa / referencia de catálogo,,,,,,Referencia — revisar antes de publicar,
PERF-00058,Lattafa,Árabe,Fahad,EDP/EDT/Parfum (verificar),,,LATTAFA-FAHAD-0057,,Catálogo de la casa / referencia de catálogo,,,,,,Referencia — revisar antes de publicar,
PERF-00059,Lattafa,Árabe,Fame,EDP/EDT/Parfum (verificar),,,LATTAFA-FAME-0058,,Catálogo de la casa / referencia de catálogo,,,,,,Referencia — revisar antes de publicar,
PERF-00060,Lattafa,Árabe,Fame Intense,EDP/EDT/Parfum (verificar),,,LATTAFA-FAME-INTENSE-0059,,Catálogo de la casa / referencia de catálogo,,,,,,Referencia — revisar antes de publicar,
PERF-00061,Lattafa,Árabe,Fattan,EDP/EDT/Parfum (verificar),,,LATTAFA-FATTAN-0060,,Catálogo de la casa / referencia de catálogo,,,,,,Referencia — revisar antes de publicar,
PERF-00062,Lattafa,Árabe,Fattan Pour Homme,EDP/EDT/Parfum (verificar),,,LATTAFA-FATTAN-POUR-HOMME-0061,,Catálogo de la casa / referencia de catálogo,,,,,,Referencia — revisar antes de publicar,
PERF-00063,Lattafa,Árabe,Haya,EDP/EDT/Parfum (verificar),,,LATTAFA-HAYA-0062,,Catálogo de la casa / referencia de catálogo,,,,,,Referencia — revisar antes de publicar,
PERF-00064,Lattafa,Árabe,Hayaati Gold Elixir,EDP/EDT/Parfum (verificar),,,LATTAFA-HAYAATI-GOLD-ELIXIR-0063,,Catálogo de la casa / referencia de catálogo,,,,,,Referencia — revisar antes de publicar,
PERF-00065,Lattafa,Árabe,Hayaati Black,EDP/EDT/Parfum (verificar),,,LATTAFA-HAYAATI-BLACK-0064,,Catálogo de la casa / referencia de catálogo,,,,,,Referencia — revisar antes de publicar,
PERF-00066,Lattafa,Árabe,Hayaati Florence,EDP/EDT/Parfum (verificar),,,LATTAFA-HAYAATI-FLORENCE-0065,,Catálogo de la casa / referencia de catálogo,,,,,,Referencia — revisar antes de publicar,
PERF-00067,Lattafa,Árabe,His Confession,EDP/EDT/Parfum (verificar),,,LATTAFA-HIS-CONFESSION-0066,,Catálogo de la casa / referencia de catálogo,,,,,,Referencia — revisar antes de publicar,
PERF-00068,Lattafa,Árabe,His Confession Night Club,EDP/EDT/Parfum (verificar),,,LATTAFA-HIS-CONFESSION-NIGHT-CLU-0067,,Catálogo de la casa / referencia de catálogo,,,,,,Referencia — revisar antes de publicar,
PERF-00069,Lattafa,Árabe,Ishq Al Shuyukh Gold,EDP/EDT/Parfum (verificar),,,LATTAFA-ISHQ-AL-SHUYUKH-GOLD-0068,,Catálogo de la casa / referencia de catálogo,,,,,,Referencia — revisar antes de publicar,
PERF-00070,Lattafa,Árabe,Ishq Al Shuyukh Silver,EDP/EDT/Parfum (verificar),,,LATTAFA-ISHQ-AL-SHUYUKH-SILVER-0069,,Catálogo de la casa / referencia de catálogo,,,,,,Referencia — revisar antes de publicar,
PERF-00071,Lattafa,Árabe,Ishq Al Shuyukh Final Edition,EDP/EDT/Parfum (verificar),,,LATTAFA-ISHQ-AL-SHUYUKH-FINAL-ED-0070,,Catálogo de la casa / referencia de catálogo,,,,,,Referencia — revisar antes de publicar,
PERF-00072,Lattafa,Árabe,Khamrah,EDP/EDT/Parfum (verificar),,,LATTAFA-KHAMRAH-0071,,Catálogo de la casa / referencia de catálogo,,,,,,Referencia — revisar antes de publicar,
PERF-00073,Lattafa,Árabe,Khamrah Qahwa,EDP/EDT/Parfum (verificar),,,LATTAFA-KHAMRAH-QAHWA-0072,,Catálogo de la casa / referencia de catálogo,,,,,,Referencia — revisar antes de publicar,
PERF-00074,Lattafa,Árabe,Khamrah Dukhan,EDP/EDT/Parfum (verificar),,,LATTAFA-KHAMRAH-DUKHAN-0073,,Catálogo de la casa / referencia de catálogo,,,,,,Referencia — revisar antes de publicar,
PERF-00075,Lattafa,Árabe,Khamrah Elixir,EDP/EDT/Parfum (verificar),,,LATTAFA-KHAMRAH-ELIXIR-0074,,Catálogo de la casa / referencia de catálogo,,,,,,Referencia — revisar antes de publicar,
PERF-00076,Lattafa,Árabe,Khamrah Waha,EDP/EDT/Parfum (verificar),,,LATTAFA-KHAMRAH-WAHA-0075,,Catálogo de la casa / referencia de catálogo,,,,,,Referencia — revisar antes de publicar,
PERF-00077,Lattafa,Árabe,Khalis,EDP/EDT/Parfum (verificar),,,LATTAFA-KHALIS-0076,,Catálogo de la casa / referencia de catálogo,,,,,,Referencia — revisar antes de publicar,
PERF-00078,Lattafa,Árabe,Liam Grey,EDP/EDT/Parfum (verificar),,,LATTAFA-LIAM-GREY-0077,,Catálogo de la casa / referencia de catálogo,,,,,,Referencia — revisar antes de publicar,
PERF-00079,Lattafa,Árabe,Liam Blue Shine,EDP/EDT/Parfum (verificar),,,LATTAFA-LIAM-BLUE-SHINE-0078,,Catálogo de la casa / referencia de catálogo,,,,,,Referencia — revisar antes de publicar,
PERF-00080,Lattafa,Árabe,Liam Blue Shine Extrait,EDP/EDT/Parfum (verificar),,,LATTAFA-LIAM-BLUE-SHINE-EXTRAIT-0079,,Catálogo de la casa / referencia de catálogo,,,,,,Referencia — revisar antes de publicar,
PERF-00081,Lattafa,Árabe,Liam Silver,EDP/EDT/Parfum (verificar),,,LATTAFA-LIAM-SILVER-0080,,Catálogo de la casa / referencia de catálogo,,,,,,Referencia — revisar antes de publicar,
PERF-00082,Lattafa,Árabe,Liam Blue,EDP/EDT/Parfum (verificar),,,LATTAFA-LIAM-BLUE-0081,,Catálogo de la casa / referencia de catálogo,,,,,,Referencia — revisar antes de publicar,
PERF-00083,Lattafa,Árabe,Maahir Black Edition,EDP/EDT/Parfum (verificar),,,LATTAFA-MAAHIR-BLACK-EDITION-0082,,Catálogo de la casa / referencia de catálogo,,,,,,Referencia — revisar antes de publicar,
PERF-00084,Lattafa,Árabe,Maahir Gold,EDP/EDT/Parfum (verificar),,,LATTAFA-MAAHIR-GOLD-0083,,Catálogo de la casa / referencia de catálogo,,,,,,Referencia — revisar antes de publicar,
PERF-00085,Lattafa,Árabe,Maahir Legacy,EDP/EDT/Parfum (verificar),,,LATTAFA-MAAHIR-LEGACY-0084,,Catálogo de la casa / referencia de catálogo,,,,,,Referencia — revisar antes de publicar,
PERF-00086,Lattafa,Árabe,Maahir Legacy Silver,EDP/EDT/Parfum (verificar),,,LATTAFA-MAAHIR-LEGACY-SILVER-0085,,Catálogo de la casa / referencia de catálogo,,,,,,Referencia — revisar antes de publicar,
PERF-00087,Lattafa,Árabe,Maahir Gold Edition,EDP/EDT/Parfum (verificar),,,LATTAFA-MAAHIR-GOLD-EDITION-0086,,Catálogo de la casa / referencia de catálogo,,,,,,Referencia — revisar antes de publicar,
PERF-00088,Lattafa,Árabe,Maahir Honor,EDP/EDT/Parfum (verificar),,,LATTAFA-MAAHIR-HONOR-0087,,Catálogo de la casa / referencia de catálogo,,,,,,Referencia — revisar antes de publicar,
PERF-00089,Lattafa,Árabe,Masa,EDP/EDT/Parfum (verificar),,,LATTAFA-MASA-0088,,Catálogo de la casa / referencia de catálogo,,,,,,Referencia — revisar antes de publicar,
PERF-00090,Lattafa,Árabe,Mayar,EDP/EDT/Parfum (verificar),,,LATTAFA-MAYAR-0089,,Catálogo de la casa / referencia de catálogo,,,,,,Referencia — revisar antes de publicar,
PERF-00091,Lattafa,Árabe,Mayar Natural Intense,EDP/EDT/Parfum (verificar),,,LATTAFA-MAYAR-NATURAL-INTENSE-0090,,Catálogo de la casa / referencia de catálogo,,,,,,Referencia — revisar antes de publicar,
PERF-00092,Lattafa,Árabe,Mayar Cherry Intense,EDP/EDT/Parfum (verificar),,,LATTAFA-MAYAR-CHERRY-INTENSE-0091,,Catálogo de la casa / referencia de catálogo,,,,,,Referencia — revisar antes de publicar,
PERF-00093,Lattafa,Árabe,Mayar Rose,EDP/EDT/Parfum (verificar),,,LATTAFA-MAYAR-ROSE-0092,,Catálogo de la casa / referencia de catálogo,,,,,,Referencia — revisar antes de publicar,
PERF-00094,Lattafa,Árabe,Mawj,EDP/EDT/Parfum (verificar),,,LATTAFA-MAWJ-0093,,Catálogo de la casa / referencia de catálogo,,,,,,Referencia — revisar antes de publicar,
PERF-00095,Lattafa,Árabe,Mawj Moscow Mule,EDP/EDT/Parfum (verificar),,,LATTAFA-MAWJ-MOSCOW-MULE-0094,,Catálogo de la casa / referencia de catálogo,,,,,,Referencia — revisar antes de publicar,
PERF-00096,Lattafa,Árabe,Mawj Appletini,EDP/EDT/Parfum (verificar),,,LATTAFA-MAWJ-APPLETINI-0095,,Catálogo de la casa / referencia de catálogo,,,,,,Referencia — revisar antes de publicar,
PERF-00097,Lattafa,Árabe,Mawj Cognac,EDP/EDT/Parfum (verificar),,,LATTAFA-MAWJ-COGNAC-0096,,Catálogo de la casa / referencia de catálogo,,,,,,Referencia — revisar antes de publicar,
PERF-00098,Lattafa,Árabe,Musk Mood,EDP/EDT/Parfum (verificar),,,LATTAFA-MUSK-MOOD-0097,,Catálogo de la casa / referencia de catálogo,,,,,,Referencia — revisar antes de publicar,
PERF-00099,Lattafa,Árabe,Musk Mood Elixir,EDP/EDT/Parfum (verificar),,,LATTAFA-MUSK-MOOD-ELIXIR-0098,,Catálogo de la casa / referencia de catálogo,,,,,,Referencia — revisar antes de publicar,
PERF-00100,Lattafa,Árabe,Najdia,EDP/EDT/Parfum (verificar),,,LATTAFA-NAJDIA-0099,,Catálogo de la casa / referencia de catálogo,,,,,,Referencia — revisar antes de publicar,
PERF-00101,Lattafa,Árabe,Najdia Tribute,EDP/EDT/Parfum (verificar),,,LATTAFA-NAJDIA-TRIBUTE-0100,,Catálogo de la casa / referencia de catálogo,,,,,,Referencia — revisar antes de publicar,
PERF-00102,Lattafa,Árabe,Najdia Intense,EDP/EDT/Parfum (verificar),,,LATTAFA-NAJDIA-INTENSE-0101,,Catálogo de la casa / referencia de catálogo,,,,,,Referencia — revisar antes de publicar,
PERF-00103,Lattafa,Árabe,Nebras,EDP/EDT/Parfum (verificar),,,LATTAFA-NEBRAS-0102,,Catálogo de la casa / referencia de catálogo,,,,,,Referencia — revisar antes de publicar,
PERF-00104,Lattafa,Árabe,Niche Emarati Antique,EDP/EDT/Parfum (verificar),,,LATTAFA-NICHE-EMARATI-ANTIQUE-0103,,Catálogo de la casa / referencia de catálogo,,,,,,Referencia — revisar antes de publicar,
PERF-00105,Lattafa,Árabe,Niche Emarati Antique Gold,EDP/EDT/Parfum (verificar),,,LATTAFA-NICHE-EMARATI-ANTIQUE-GO-0104,,Catálogo de la casa / referencia de catálogo,,,,,,Referencia — revisar antes de publicar,
PERF-00106,Lattafa,Árabe,Niche Emarati Al Nashama,EDP/EDT/Parfum (verificar),,,LATTAFA-NICHE-EMARATI-AL-NASHAMA-0105,,Catálogo de la casa / referencia de catálogo,,,,,,Referencia — revisar antes de publicar,
PERF-00107,Lattafa,Árabe,Niche Emarati Khalidi,EDP/EDT/Parfum (verificar),,,LATTAFA-NICHE-EMARATI-KHALIDI-0106,,Catálogo de la casa / referencia de catálogo,,,,,,Referencia — revisar antes de publicar,
PERF-00108,Lattafa,Árabe,Niche Emarati Raw Human,EDP/EDT/Parfum (verificar),,,LATTAFA-NICHE-EMARATI-RAW-HUMAN-0107,,Catálogo de la casa / referencia de catálogo,,,,,,Referencia — revisar antes de publicar,
PERF-00109,Lattafa,Árabe,Noble Blush,EDP/EDT/Parfum (verificar),,,LATTAFA-NOBLE-BLUSH-0108,,Catálogo de la casa / referencia de catálogo,,,,,,Referencia — revisar antes de publicar,
PERF-00110,Lattafa,Árabe,Opulent Oud,EDP/EDT/Parfum (verificar),,,LATTAFA-OPULENT-OUD-0109,,Catálogo de la casa / referencia de catálogo,,,,,,Referencia — revisar antes de publicar,
PERF-00111,Lattafa,Árabe,Opulent Dubai,EDP/EDT/Parfum (verificar),,,LATTAFA-OPULENT-DUBAI-0110,,Catálogo de la casa / referencia de catálogo,,,,,,Referencia — revisar antes de publicar,
PERF-00112,Lattafa,Árabe,Opulent Musk,EDP/EDT/Parfum (verificar),,,LATTAFA-OPULENT-MUSK-0111,,Catálogo de la casa / referencia de catálogo,,,,,,Referencia — revisar antes de publicar,
PERF-00113,Lattafa,Árabe,Opulent Red,EDP/EDT/Parfum (verificar),,,LATTAFA-OPULENT-RED-0112,,Catálogo de la casa / referencia de catálogo,,,,,,Referencia — revisar antes de publicar,
PERF-00114,Lattafa,Árabe,Opulent Blue,EDP/EDT/Parfum (verificar),,,LATTAFA-OPULENT-BLUE-0113,,Catálogo de la casa / referencia de catálogo,,,,,,Referencia — revisar antes de publicar,
PERF-00115,Lattafa,Árabe,Qaed Al Fursan,EDP/EDT/Parfum (verificar),,,LATTAFA-QAED-AL-FURSAN-0114,,Catálogo de la casa / referencia de catálogo,,,,,,Referencia — revisar antes de publicar,
PERF-00116,Lattafa,Árabe,Qaed Al Fursan Unlimited,EDP/EDT/Parfum (verificar),,,LATTAFA-QAED-AL-FURSAN-UNLIMITED-0115,,Catálogo de la casa / referencia de catálogo,,,,,,Referencia — revisar antes de publicar,
PERF-00117,Lattafa,Árabe,Qaed Al Fursan Untamed,EDP/EDT/Parfum (verificar),,,LATTAFA-QAED-AL-FURSAN-UNTAMED-0116,,Catálogo de la casa / referencia de catálogo,,,,,,Referencia — revisar antes de publicar,
PERF-00118,Lattafa,Árabe,Qaed Al Fursan Flamboyant,EDP/EDT/Parfum (verificar),,,LATTAFA-QAED-AL-FURSAN-FLAMBOYAN-0117,,Catálogo de la casa / referencia de catálogo,,,,,,Referencia — revisar antes de publicar,
PERF-00119,Lattafa,Árabe,Ra'ed Luxe,EDP/EDT/Parfum (verificar),,,LATTAFA-RA-ED-LUXE-0118,,Catálogo de la casa / referencia de catálogo,,,,,,Referencia — revisar antes de publicar,
PERF-00120,Lattafa,Árabe,Ra'ed Silver,EDP/EDT/Parfum (verificar),,,LATTAFA-RA-ED-SILVER-0119,,Catálogo de la casa / referencia de catálogo,,,,,,Referencia — revisar antes de publicar,
PERF-00121,Lattafa,Árabe,Ra'ed Oud,EDP/EDT/Parfum (verificar),,,LATTAFA-RA-ED-OUD-0120,,Catálogo de la casa / referencia de catálogo,,,,,,Referencia — revisar antes de publicar,
PERF-00122,Lattafa,Árabe,Raghba,EDP/EDT/Parfum (verificar),,,LATTAFA-RAGHBA-0121,,Catálogo de la casa / referencia de catálogo,,,,,,Referencia — revisar antes de publicar,
PERF-00123,Lattafa,Árabe,Raghba Wood Intense,EDP/EDT/Parfum (verificar),,,LATTAFA-RAGHBA-WOOD-INTENSE-0122,,Catálogo de la casa / referencia de catálogo,,,,,,Referencia — revisar antes de publicar,
PERF-00124,Lattafa,Árabe,Raghba for Men,EDP/EDT/Parfum (verificar),,,LATTAFA-RAGHBA-FOR-MEN-0123,,Catálogo de la casa / referencia de catálogo,,,,,,Referencia — revisar antes de publicar,
PERF-00125,Lattafa,Árabe,Ramz Silver,EDP/EDT/Parfum (verificar),,,LATTAFA-RAMZ-SILVER-0124,,Catálogo de la casa / referencia de catálogo,,,,,,Referencia — revisar antes de publicar,
PERF-00126,Lattafa,Árabe,Ramz Gold,EDP/EDT/Parfum (verificar),,,LATTAFA-RAMZ-GOLD-0125,,Catálogo de la casa / referencia de catálogo,,,,,,Referencia — revisar antes de publicar,
PERF-00127,Lattafa,Árabe,Ramz Lattafa,EDP/EDT/Parfum (verificar),,,LATTAFA-RAMZ-LATTAFA-0126,,Catálogo de la casa / referencia de catálogo,,,,,,Referencia — revisar antes de publicar,
PERF-00128,Lattafa,Árabe,Rouat Al Musk,EDP/EDT/Parfum (verificar),,,LATTAFA-ROUAT-AL-MUSK-0127,,Catálogo de la casa / referencia de catálogo,,,,,,Referencia — revisar antes de publicar,
PERF-00129,Lattafa,Árabe,Rouat Al Oud,EDP/EDT/Parfum (verificar),,,LATTAFA-ROUAT-AL-OUD-0128,,Catálogo de la casa / referencia de catálogo,,,,,,Referencia — revisar antes de publicar,
PERF-00130,Lattafa,Árabe,Rouat Al Oud Intense,EDP/EDT/Parfum (verificar),,,LATTAFA-ROUAT-AL-OUD-INTENSE-0129,,Catálogo de la casa / referencia de catálogo,,,,,,Referencia — revisar antes de publicar,
PERF-00131,Lattafa,Árabe,Sakeena,EDP/EDT/Parfum (verificar),,,LATTAFA-SAKEENA-0130,,Catálogo de la casa / referencia de catálogo,,,,,,Referencia — revisar antes de publicar,
PERF-00132,Lattafa,Árabe,Salvo,EDP/EDT/Parfum (verificar),,,LATTAFA-SALVO-0131,,Catálogo de la casa / referencia de catálogo,,,,,,Referencia — revisar antes de publicar,
PERF-00133,Lattafa,Árabe,Salvo Intense,EDP/EDT/Parfum (verificar),,,LATTAFA-SALVO-INTENSE-0132,,Catálogo de la casa / referencia de catálogo,,,,,,Referencia — revisar antes de publicar,
PERF-00134,Lattafa,Árabe,Sheikh Al Shuyukh Final Edition,EDP/EDT/Parfum (verificar),,,LATTAFA-SHEIKH-AL-SHUYUKH-FINAL--0133,,Catálogo de la casa / referencia de catálogo,,,,,,Referencia — revisar antes de publicar,
PERF-00135,Lattafa,Árabe,Sheikh Al Shuyukh Luxe Edition,EDP/EDT/Parfum (verificar),,,LATTAFA-SHEIKH-AL-SHUYUKH-LUXE-E-0134,,Catálogo de la casa / referencia de catálogo,,,,,,Referencia — revisar antes de publicar,
PERF-00136,Lattafa,Árabe,Sheikh Al Shuyukh Supreme,EDP/EDT/Parfum (verificar),,,LATTAFA-SHEIKH-AL-SHUYUKH-SUPREM-0135,,Catálogo de la casa / referencia de catálogo,,,,,,Referencia — revisar antes de publicar,
PERF-00137,Lattafa,Árabe,Sheikh Al Shuyukh Khusoosi,EDP/EDT/Parfum (verificar),,,LATTAFA-SHEIKH-AL-SHUYUKH-KHUSOO-0136,,Catálogo de la casa / referencia de catálogo,,,,,,Referencia — revisar antes de publicar,
PERF-00138,Lattafa,Árabe,Suqraat,EDP/EDT/Parfum (verificar),,,LATTAFA-SUQRAAT-0137,,Catálogo de la casa / referencia de catálogo,,,,,,Referencia — revisar antes de publicar,
PERF-00139,Lattafa,Árabe,Thouq,EDP/EDT/Parfum (verificar),,,LATTAFA-THOUQ-0138,,Catálogo de la casa / referencia de catálogo,,,,,,Referencia — revisar antes de publicar,
PERF-00140,Lattafa,Árabe,Teriaq,EDP/EDT/Parfum (verificar),,,LATTAFA-TERIAQ-0139,,Catálogo de la casa / referencia de catálogo,,,,,,Referencia — revisar antes de publicar,
PERF-00141,Lattafa,Árabe,Teriaq Intense,EDP/EDT/Parfum (verificar),,,LATTAFA-TERIAQ-INTENSE-0140,,Catálogo de la casa / referencia de catálogo,,,,,,Referencia — revisar antes de publicar,
PERF-00142,Lattafa,Árabe,The Kingdom,EDP/EDT/Parfum (verificar),,,LATTAFA-THE-KINGDOM-0141,,Catálogo de la casa / referencia de catálogo,,,,,,Referencia — revisar antes de publicar,
PERF-00143,Lattafa,Árabe,The Kingdom for Men,EDP/EDT/Parfum (verificar),,,LATTAFA-THE-KINGDOM-FOR-MEN-0142,,Catálogo de la casa / referencia de catálogo,,,,,,Referencia — revisar antes de publicar,
PERF-00144,Lattafa,Árabe,The Kingdom for Women,EDP/EDT/Parfum (verificar),,,LATTAFA-THE-KINGDOM-FOR-WOMEN-0143,,Catálogo de la casa / referencia de catálogo,,,,,,Referencia — revisar antes de publicar,
PERF-00145,Lattafa,Árabe,Taj Al Ward,EDP/EDT/Parfum (verificar),,,LATTAFA-TAJ-AL-WARD-0144,,Catálogo de la casa / referencia de catálogo,,,,,,Referencia — revisar antes de publicar,
PERF-00146,Lattafa,Árabe,Velvet Oud,EDP/EDT/Parfum (verificar),,,LATTAFA-VELVET-OUD-0145,,Catálogo de la casa / referencia de catálogo,,,,,,Referencia — revisar antes de publicar,
PERF-00147,Lattafa,Árabe,Velvet Oud Gold,EDP/EDT/Parfum (verificar),,,LATTAFA-VELVET-OUD-GOLD-0146,,Catálogo de la casa / referencia de catálogo,,,,,,Referencia — revisar antes de publicar,
PERF-00148,Lattafa,Árabe,Victoria,EDP/EDT/Parfum (verificar),,,LATTAFA-VICTORIA-0147,,Catálogo de la casa / referencia de catálogo,,,,,,Referencia — revisar antes de publicar,
PERF-00149,Lattafa,Árabe,Wajood,EDP/EDT/Parfum (verificar),,,LATTAFA-WAJOOD-0148,,Catálogo de la casa / referencia de catálogo,,,,,,Referencia — revisar antes de publicar,
PERF-00150,Lattafa,Árabe,Yara,EDP/EDT/Parfum (verificar),,,LATTAFA-YARA-0149,,Catálogo de la casa / referencia de catálogo,,,,,,Referencia — revisar antes de publicar,
PERF-00151,Lattafa,Árabe,Yara Candy,EDP/EDT/Parfum (verificar),,,LATTAFA-YARA-CANDY-0150,,Catálogo de la casa / referencia de catálogo,,,,,,Referencia — revisar antes de publicar,
PERF-00152,Lattafa,Árabe,Yara Moi,EDP/EDT/Parfum (verificar),,,LATTAFA-YARA-MOI-0151,,Catálogo de la casa / referencia de catálogo,,,,,,Referencia — revisar antes de publicar,
PERF-00153,Lattafa,Árabe,Yara Tous,EDP/EDT/Parfum (verificar),,,LATTAFA-YARA-TOUS-0152,,Catálogo de la casa / referencia de catálogo,,,,,,Referencia — revisar antes de publicar,
PERF-00154,Lattafa,Árabe,Yara Elixir,EDP/EDT/Parfum (verificar),,,LATTAFA-YARA-ELIXIR-0153,,Catálogo de la casa / referencia de catálogo,,,,,,Referencia — revisar antes de publicar,
PERF-00155,Lattafa,Árabe,Yara Confetti,EDP/EDT/Parfum (verificar),,,LATTAFA-YARA-CONFETTI-0154,,Catálogo de la casa / referencia de catálogo,,,,,,Referencia — revisar antes de publicar,
PERF-00156,Lattafa,Árabe,Yara Moi Rose,EDP/EDT/Parfum (verificar),,,LATTAFA-YARA-MOI-ROSE-0155,,Catálogo de la casa / referencia de catálogo,,,,,,Referencia — revisar antes de publicar,
PERF-00157,Lattafa,Árabe,Yara Rose,EDP/EDT/Parfum (verificar),,,LATTAFA-YARA-ROSE-0156,,Catálogo de la casa / referencia de catálogo,,,,,,Referencia — revisar antes de publicar,
PERF-00158,Lattafa,Árabe,Yara Pink,EDP/EDT/Parfum (verificar),,,LATTAFA-YARA-PINK-0157,,Catálogo de la casa / referencia de catálogo,,,,,,Referencia — revisar antes de publicar,
PERF-00159,Lattafa,Árabe,Yara Marshmallow,EDP/EDT/Parfum (verificar),,,LATTAFA-YARA-MARSHMALLOW-0158,,Catálogo de la casa / referencia de catálogo,,,,,,Referencia — revisar antes de publicar,
PERF-00160,Lattafa,Árabe,Yara Pistachio,EDP/EDT/Parfum (verificar),,,LATTAFA-YARA-PISTACHIO-0159,,Catálogo de la casa / referencia de catálogo,,,,,,Referencia — revisar antes de publicar,
PERF-00161,Lattafa,Árabe,Zanzibar Edition,EDP/EDT/Parfum (verificar),,,LATTAFA-ZANZIBAR-EDITION-0160,,Catálogo de la casa / referencia de catálogo,,,,,,Referencia — revisar antes de publicar,
PERF-00162,Maison Alhambra,Árabe,Afro Leather,EDP/EDT/Parfum (verificar),,,MAISON-A-AFRO-LEATHER-0161,,Catálogo de la casa / referencia de catálogo,,,,,,Referencia — revisar antes de publicar,
PERF-00163,Maison Alhambra,Árabe,Alpine Homme Sport,EDP/EDT/Parfum (verificar),,,MAISON-A-ALPINE-HOMME-SPORT-0162,,Catálogo de la casa / referencia de catálogo,,,,,,Referencia — revisar antes de publicar,
PERF-00164,Maison Alhambra,Árabe,Amber & Leather,EDP/EDT/Parfum (verificar),,,MAISON-A-AMBER-LEATHER-0163,,Catálogo de la casa / referencia de catálogo,,,,,,Referencia — revisar antes de publicar,
PERF-00165,Maison Alhambra,Árabe,Amberley,EDP/EDT/Parfum (verificar),,,MAISON-A-AMBERLEY-0164,,Catálogo de la casa / referencia de catálogo,,,,,,Referencia — revisar antes de publicar,
PERF-00166,Maison Alhambra,Árabe,Anarch,EDP/EDT/Parfum (verificar),,,MAISON-A-ANARCH-0165,,Catálogo de la casa / referencia de catálogo,,,,,,Referencia — revisar antes de publicar,
PERF-00167,Maison Alhambra,Árabe,Anchor Black,EDP/EDT/Parfum (verificar),,,MAISON-A-ANCHOR-BLACK-0166,,Catálogo de la casa / referencia de catálogo,,,,,,Referencia — revisar antes de publicar,
PERF-00168,Maison Alhambra,Árabe,Aquilo Pour Homme,EDP/EDT/Parfum (verificar),,,MAISON-A-AQUILO-POUR-HOMME-0167,,Catálogo de la casa / referencia de catálogo,,,,,,Referencia — revisar antes de publicar,
PERF-00169,Maison Alhambra,Árabe,Aromatic Rouge,EDP/EDT/Parfum (verificar),,,MAISON-A-AROMATIC-ROUGE-0168,,Catálogo de la casa / referencia de catálogo,,,,,,Referencia — revisar antes de publicar,
PERF-00170,Maison Alhambra,Árabe,Athena,EDP/EDT/Parfum (verificar),,,MAISON-A-ATHENA-0169,,Catálogo de la casa / referencia de catálogo,,,,,,Referencia — revisar antes de publicar,
PERF-00171,Maison Alhambra,Árabe,Aura D'eclat,EDP/EDT/Parfum (verificar),,,MAISON-A-AURA-D-ECLAT-0170,,Catálogo de la casa / referencia de catálogo,,,,,,Referencia — revisar antes de publicar,
PERF-00172,Maison Alhambra,Árabe,Avant,EDP/EDT/Parfum (verificar),,,MAISON-A-AVANT-0171,,Catálogo de la casa / referencia de catálogo,,,,,,Referencia — revisar antes de publicar,
PERF-00173,Maison Alhambra,Árabe,Baroque Rouge 540,EDP/EDT/Parfum (verificar),,,MAISON-A-BAROQUE-ROUGE-540-0172,,Catálogo de la casa / referencia de catálogo,,,,,,Referencia — revisar antes de publicar,
PERF-00174,Maison Alhambra,Árabe,Baroque Rouge Extrait,EDP/EDT/Parfum (verificar),,,MAISON-A-BAROQUE-ROUGE-EXTRAIT-0173,,Catálogo de la casa / referencia de catálogo,,,,,,Referencia — revisar antes de publicar,
PERF-00175,Maison Alhambra,Árabe,Bright Peach,EDP/EDT/Parfum (verificar),,,MAISON-A-BRIGHT-PEACH-0174,,Catálogo de la casa / referencia de catálogo,,,,,,Referencia — revisar antes de publicar,
PERF-00176,Maison Alhambra,Árabe,Bright Peach Intense,EDP/EDT/Parfum (verificar),,,MAISON-A-BRIGHT-PEACH-INTENSE-0175,,Catálogo de la casa / referencia de catálogo,,,,,,Referencia — revisar antes de publicar,
PERF-00177,Maison Alhambra,Árabe,Chants Tenderina,EDP/EDT/Parfum (verificar),,,MAISON-A-CHANTS-TENDERINA-0176,,Catálogo de la casa / referencia de catálogo,,,,,,Referencia — revisar antes de publicar,
PERF-00178,Maison Alhambra,Árabe,Chateau Ottoman,EDP/EDT/Parfum (verificar),,,MAISON-A-CHATEAU-OTTOMAN-0177,,Catálogo de la casa / referencia de catálogo,,,,,,Referencia — revisar antes de publicar,
PERF-00179,Maison Alhambra,Árabe,Candid Tonight,EDP/EDT/Parfum (verificar),,,MAISON-A-CANDID-TONIGHT-0178,,Catálogo de la casa / referencia de catálogo,,,,,,Referencia — revisar antes de publicar,
PERF-00180,Maison Alhambra,Árabe,Candid Tonight Intense,EDP/EDT/Parfum (verificar),,,MAISON-A-CANDID-TONIGHT-INTENSE-0179,,Catálogo de la casa / referencia de catálogo,,,,,,Referencia — revisar antes de publicar,
PERF-00181,Maison Alhambra,Árabe,Candid,EDP/EDT/Parfum (verificar),,,MAISON-A-CANDID-0180,,Catálogo de la casa / referencia de catálogo,,,,,,Referencia — revisar antes de publicar,
PERF-00182,Maison Alhambra,Árabe,Delilah,EDP/EDT/Parfum (verificar),,,MAISON-A-DELILAH-0181,,Catálogo de la casa / referencia de catálogo,,,,,,Referencia — revisar antes de publicar,
PERF-00183,Maison Alhambra,Árabe,Delilah Pour Femme,EDP/EDT/Parfum (verificar),,,MAISON-A-DELILAH-POUR-FEMME-0182,,Catálogo de la casa / referencia de catálogo,,,,,,Referencia — revisar antes de publicar,
PERF-00184,Maison Alhambra,Árabe,Dark Aoud,EDP/EDT/Parfum (verificar),,,MAISON-A-DARK-AOUD-0183,,Catálogo de la casa / referencia de catálogo,,,,,,Referencia — revisar antes de publicar,
PERF-00185,Maison Alhambra,Árabe,Dark Door Sport,EDP/EDT/Parfum (verificar),,,MAISON-A-DARK-DOOR-SPORT-0184,,Catálogo de la casa / referencia de catálogo,,,,,,Referencia — revisar antes de publicar,
PERF-00186,Maison Alhambra,Árabe,Dark Door Intense,EDP/EDT/Parfum (verificar),,,MAISON-A-DARK-DOOR-INTENSE-0185,,Catálogo de la casa / referencia de catálogo,,,,,,Referencia — revisar antes de publicar,
PERF-00187,Maison Alhambra,Árabe,Détour Noir,EDP/EDT/Parfum (verificar),,,MAISON-A-D-TOUR-NOIR-0186,,Catálogo de la casa / referencia de catálogo,,,,,,Referencia — revisar antes de publicar,
PERF-00188,Maison Alhambra,Árabe,Détour Noir Exclusif,EDP/EDT/Parfum (verificar),,,MAISON-A-D-TOUR-NOIR-EXCLUSIF-0187,,Catálogo de la casa / referencia de catálogo,,,,,,Referencia — revisar antes de publicar,
PERF-00189,Maison Alhambra,Árabe,Encode Mountain,EDP/EDT/Parfum (verificar),,,MAISON-A-ENCODE-MOUNTAIN-0188,,Catálogo de la casa / referencia de catálogo,,,,,,Referencia — revisar antes de publicar,
PERF-00190,Maison Alhambra,Árabe,Eternal Touch,EDP/EDT/Parfum (verificar),,,MAISON-A-ETERNAL-TOUCH-0189,,Catálogo de la casa / referencia de catálogo,,,,,,Referencia — revisar antes de publicar,
PERF-00191,Maison Alhambra,Árabe,Fabulo Intense,EDP/EDT/Parfum (verificar),,,MAISON-A-FABULO-INTENSE-0190,,Catálogo de la casa / referencia de catálogo,,,,,,Referencia — revisar antes de publicar,
PERF-00192,Maison Alhambra,Árabe,Flaming Elixir,EDP/EDT/Parfum (verificar),,,MAISON-A-FLAMING-ELIXIR-0191,,Catálogo de la casa / referencia de catálogo,,,,,,Referencia — revisar antes de publicar,
PERF-00193,Maison Alhambra,Árabe,Forbidden Love,EDP/EDT/Parfum (verificar),,,MAISON-A-FORBIDDEN-LOVE-0192,,Catálogo de la casa / referencia de catálogo,,,,,,Referencia — revisar antes de publicar,
PERF-00194,Maison Alhambra,Árabe,Galatea,EDP/EDT/Parfum (verificar),,,MAISON-A-GALATEA-0193,,Catálogo de la casa / referencia de catálogo,,,,,,Referencia — revisar antes de publicar,
PERF-00195,Maison Alhambra,Árabe,Galatea Leather,EDP/EDT/Parfum (verificar),,,MAISON-A-GALATEA-LEATHER-0194,,Catálogo de la casa / referencia de catálogo,,,,,,Referencia — revisar antes de publicar,
PERF-00196,Maison Alhambra,Árabe,Glacier Bella,EDP/EDT/Parfum (verificar),,,MAISON-A-GLACIER-BELLA-0195,,Catálogo de la casa / referencia de catálogo,,,,,,Referencia — revisar antes de publicar,
PERF-00197,Maison Alhambra,Árabe,Glacier Bold,EDP/EDT/Parfum (verificar),,,MAISON-A-GLACIER-BOLD-0196,,Catálogo de la casa / referencia de catálogo,,,,,,Referencia — revisar antes de publicar,
PERF-00198,Maison Alhambra,Árabe,Glacier Pour Homme,EDP/EDT/Parfum (verificar),,,MAISON-A-GLACIER-POUR-HOMME-0197,,Catálogo de la casa / referencia de catálogo,,,,,,Referencia — revisar antes de publicar,
PERF-00199,Maison Alhambra,Árabe,Glacier Ultra,EDP/EDT/Parfum (verificar),,,MAISON-A-GLACIER-ULTRA-0198,,Catálogo de la casa / referencia de catálogo,,,,,,Referencia — revisar antes de publicar,
PERF-00200,Maison Alhambra,Árabe,Glacier Le Noir,EDP/EDT/Parfum (verificar),,,MAISON-A-GLACIER-LE-NOIR-0199,,Catálogo de la casa / referencia de catálogo,,,,,,Referencia — revisar antes de publicar,
PERF-00201,Maison Alhambra,Árabe,Hercules,EDP/EDT/Parfum (verificar),,,MAISON-A-HERCULES-0200,,Catálogo de la casa / referencia de catálogo,,,,,,Referencia — revisar antes de publicar,
PERF-00202,Maison Alhambra,Árabe,Infini Rose,EDP/EDT/Parfum (verificar),,,MAISON-A-INFINI-ROSE-0201,,Catálogo de la casa / referencia de catálogo,,,,,,Referencia — revisar antes de publicar,
PERF-00203,Maison Alhambra,Árabe,In A Minute,EDP/EDT/Parfum (verificar),,,MAISON-A-IN-A-MINUTE-0202,,Catálogo de la casa / referencia de catálogo,,,,,,Referencia — revisar antes de publicar,
PERF-00204,Maison Alhambra,Árabe,In Love With You,EDP/EDT/Parfum (verificar),,,MAISON-A-IN-LOVE-WITH-YOU-0203,,Catálogo de la casa / referencia de catálogo,,,,,,Referencia — revisar antes de publicar,
PERF-00205,Maison Alhambra,Árabe,Jean Lowe Immortal,EDP/EDT/Parfum (verificar),,,MAISON-A-JEAN-LOWE-IMMORTAL-0204,,Catálogo de la casa / referencia de catálogo,,,,,,Referencia — revisar antes de publicar,
PERF-00206,Maison Alhambra,Árabe,Jean Lowe Noir,EDP/EDT/Parfum (verificar),,,MAISON-A-JEAN-LOWE-NOIR-0205,,Catálogo de la casa / referencia de catálogo,,,,,,Referencia — revisar antes de publicar,
PERF-00207,Maison Alhambra,Árabe,Jean Lowe Azure,EDP/EDT/Parfum (verificar),,,MAISON-A-JEAN-LOWE-AZURE-0206,,Catálogo de la casa / referencia de catálogo,,,,,,Referencia — revisar antes de publicar,
PERF-00208,Maison Alhambra,Árabe,Jean Lowe Fraiche,EDP/EDT/Parfum (verificar),,,MAISON-A-JEAN-LOWE-FRAICHE-0207,,Catálogo de la casa / referencia de catálogo,,,,,,Referencia — revisar antes de publicar,
PERF-00209,Maison Alhambra,Árabe,Jorge Di Profumo,EDP/EDT/Parfum (verificar),,,MAISON-A-JORGE-DI-PROFUMO-0208,,Catálogo de la casa / referencia de catálogo,,,,,,Referencia — revisar antes de publicar,
PERF-00210,Maison Alhambra,Árabe,Kismet Angel,EDP/EDT/Parfum (verificar),,,MAISON-A-KISMET-ANGEL-0209,,Catálogo de la casa / referencia de catálogo,,,,,,Referencia — revisar antes de publicar,
PERF-00211,Maison Alhambra,Árabe,Kismet Magic,EDP/EDT/Parfum (verificar),,,MAISON-A-KISMET-MAGIC-0210,,Catálogo de la casa / referencia de catálogo,,,,,,Referencia — revisar antes de publicar,
PERF-00212,Maison Alhambra,Árabe,Kismet for Women,EDP/EDT/Parfum (verificar),,,MAISON-A-KISMET-FOR-WOMEN-0211,,Catálogo de la casa / referencia de catálogo,,,,,,Referencia — revisar antes de publicar,
PERF-00213,Maison Alhambra,Árabe,Kismet for Men,EDP/EDT/Parfum (verificar),,,MAISON-A-KISMET-FOR-MEN-0212,,Catálogo de la casa / referencia de catálogo,,,,,,Referencia — revisar antes de publicar,
PERF-00214,Maison Alhambra,Árabe,Kismet Moscow,EDP/EDT/Parfum (verificar),,,MAISON-A-KISMET-MOSCOW-0213,,Catálogo de la casa / referencia de catálogo,,,,,,Referencia — revisar antes de publicar,
PERF-00215,Maison Alhambra,Árabe,Lovely Cherie,EDP/EDT/Parfum (verificar),,,MAISON-A-LOVELY-CHERIE-0214,,Catálogo de la casa / referencia de catálogo,,,,,,Referencia — revisar antes de publicar,
PERF-00216,Maison Alhambra,Árabe,Lovely Cherie Intense,EDP/EDT/Parfum (verificar),,,MAISON-A-LOVELY-CHERIE-INTENSE-0215,,Catálogo de la casa / referencia de catálogo,,,,,,Referencia — revisar antes de publicar,
PERF-00217,Maison Alhambra,Árabe,La Rouge Baroque,EDP/EDT/Parfum (verificar),,,MAISON-A-LA-ROUGE-BAROQUE-0216,,Catálogo de la casa / referencia de catálogo,,,,,,Referencia — revisar antes de publicar,
PERF-00218,Maison Alhambra,Árabe,La Rouge Baroque Extreme,EDP/EDT/Parfum (verificar),,,MAISON-A-LA-ROUGE-BAROQUE-EXTREME-0217,,Catálogo de la casa / referencia de catálogo,,,,,,Referencia — revisar antes de publicar,
PERF-00219,Maison Alhambra,Árabe,La Voie,EDP/EDT/Parfum (verificar),,,MAISON-A-LA-VOIE-0218,,Catálogo de la casa / referencia de catálogo,,,,,,Referencia — revisar antes de publicar,
PERF-00220,Maison Alhambra,Árabe,La Vivacité,EDP/EDT/Parfum (verificar),,,MAISON-A-LA-VIVACIT-0219,,Catálogo de la casa / referencia de catálogo,,,,,,Referencia — revisar antes de publicar,
PERF-00221,Maison Alhambra,Árabe,La Vivacité Intensa,EDP/EDT/Parfum (verificar),,,MAISON-A-LA-VIVACIT-INTENSA-0220,,Catálogo de la casa / referencia de catálogo,,,,,,Referencia — revisar antes de publicar,
PERF-00222,Maison Alhambra,Árabe,La Vita,EDP/EDT/Parfum (verificar),,,MAISON-A-LA-VITA-0221,,Catálogo de la casa / referencia de catálogo,,,,,,Referencia — revisar antes de publicar,
PERF-00223,Maison Alhambra,Árabe,L'Impression,EDP/EDT/Parfum (verificar),,,MAISON-A-L-IMPRESSION-0222,,Catálogo de la casa / referencia de catálogo,,,,,,Referencia — revisar antes de publicar,
PERF-00224,Maison Alhambra,Árabe,L'Impression Noir,EDP/EDT/Parfum (verificar),,,MAISON-A-L-IMPRESSION-NOIR-0223,,Catálogo de la casa / referencia de catálogo,,,,,,Referencia — revisar antes de publicar,
PERF-00225,Maison Alhambra,Árabe,Libbra,EDP/EDT/Parfum (verificar),,,MAISON-A-LIBBRA-0224,,Catálogo de la casa / referencia de catálogo,,,,,,Referencia — revisar antes de publicar,
PERF-00226,Maison Alhambra,Árabe,Megara,EDP/EDT/Parfum (verificar),,,MAISON-A-MEGARA-0225,,Catálogo de la casa / referencia de catálogo,,,,,,Referencia — revisar antes de publicar,
PERF-00227,Maison Alhambra,Árabe,Montaigne Coco,EDP/EDT/Parfum (verificar),,,MAISON-A-MONTAIGNE-COCO-0226,,Catálogo de la casa / referencia de catálogo,,,,,,Referencia — revisar antes de publicar,
PERF-00228,Maison Alhambra,Árabe,Montaigne Rouge,EDP/EDT/Parfum (verificar),,,MAISON-A-MONTAIGNE-ROUGE-0227,,Catálogo de la casa / referencia de catálogo,,,,,,Referencia — revisar antes de publicar,
PERF-00229,Maison Alhambra,Árabe,Montaigne Vanille,EDP/EDT/Parfum (verificar),,,MAISON-A-MONTAIGNE-VANILLE-0228,,Catálogo de la casa / referencia de catálogo,,,,,,Referencia — revisar antes de publicar,
PERF-00230,Maison Alhambra,Árabe,Mysterious Tobacco,EDP/EDT/Parfum (verificar),,,MAISON-A-MYSTERIOUS-TOBACCO-0229,,Catálogo de la casa / referencia de catálogo,,,,,,Referencia — revisar antes de publicar,
PERF-00231,Maison Alhambra,Árabe,Neroli Riviera,EDP/EDT/Parfum (verificar),,,MAISON-A-NEROLI-RIVIERA-0230,,Catálogo de la casa / referencia de catálogo,,,,,,Referencia — revisar antes de publicar,
PERF-00232,Maison Alhambra,Árabe,No. 2 Men,EDP/EDT/Parfum (verificar),,,MAISON-A-NO-2-MEN-0231,,Catálogo de la casa / referencia de catálogo,,,,,,Referencia — revisar antes de publicar,
PERF-00233,Maison Alhambra,Árabe,No. 2 Women,EDP/EDT/Parfum (verificar),,,MAISON-A-NO-2-WOMEN-0232,,Catálogo de la casa / referencia de catálogo,,,,,,Referencia — revisar antes de publicar,
PERF-00234,Maison Alhambra,Árabe,Olivia,EDP/EDT/Parfum (verificar),,,MAISON-A-OLIVIA-0233,,Catálogo de la casa / referencia de catálogo,,,,,,Referencia — revisar antes de publicar,
PERF-00235,Maison Alhambra,Árabe,Opera Noir,EDP/EDT/Parfum (verificar),,,MAISON-A-OPERA-NOIR-0234,,Catálogo de la casa / referencia de catálogo,,,,,,Referencia — revisar antes de publicar,
PERF-00236,Maison Alhambra,Árabe,Porto Neroli,EDP/EDT/Parfum (verificar),,,MAISON-A-PORTO-NEROLI-0235,,Catálogo de la casa / referencia de catálogo,,,,,,Referencia — revisar antes de publicar,
PERF-00237,Maison Alhambra,Árabe,Philos Centro,EDP/EDT/Parfum (verificar),,,MAISON-A-PHILOS-CENTRO-0236,,Catálogo de la casa / referencia de catálogo,,,,,,Referencia — revisar antes de publicar,
PERF-00238,Maison Alhambra,Árabe,Privee West,EDP/EDT/Parfum (verificar),,,MAISON-A-PRIVEE-WEST-0237,,Catálogo de la casa / referencia de catálogo,,,,,,Referencia — revisar antes de publicar,
PERF-00239,Maison Alhambra,Árabe,Privee Noir,EDP/EDT/Parfum (verificar),,,MAISON-A-PRIVEE-NOIR-0238,,Catálogo de la casa / referencia de catálogo,,,,,,Referencia — revisar antes de publicar,
PERF-00240,Maison Alhambra,Árabe,Reyna,EDP/EDT/Parfum (verificar),,,MAISON-A-REYNA-0239,,Catálogo de la casa / referencia de catálogo,,,,,,Referencia — revisar antes de publicar,
PERF-00241,Maison Alhambra,Árabe,Rose Petals,EDP/EDT/Parfum (verificar),,,MAISON-A-ROSE-PETALS-0240,,Catálogo de la casa / referencia de catálogo,,,,,,Referencia — revisar antes de publicar,
PERF-00242,Maison Alhambra,Árabe,Salvo,EDP/EDT/Parfum (verificar),,,MAISON-A-SALVO-0241,,Catálogo de la casa / referencia de catálogo,,,,,,Referencia — revisar antes de publicar,
PERF-00243,Maison Alhambra,Árabe,Salvo Elixir,EDP/EDT/Parfum (verificar),,,MAISON-A-SALVO-ELIXIR-0242,,Catálogo de la casa / referencia de catálogo,,,,,,Referencia — revisar antes de publicar,
PERF-00244,Maison Alhambra,Árabe,Sceptre Bronzite,EDP/EDT/Parfum (verificar),,,MAISON-A-SCEPTRE-BRONZITE-0243,,Catálogo de la casa / referencia de catálogo,,,,,,Referencia — revisar antes de publicar,
PERF-00245,Maison Alhambra,Árabe,Sceptre Malachite,EDP/EDT/Parfum (verificar),,,MAISON-A-SCEPTRE-MALACHITE-0244,,Catálogo de la casa / referencia de catálogo,,,,,,Referencia — revisar antes de publicar,
PERF-00246,Maison Alhambra,Árabe,Sceptre Oceana,EDP/EDT/Parfum (verificar),,,MAISON-A-SCEPTRE-OCEANA-0245,,Catálogo de la casa / referencia de catálogo,,,,,,Referencia — revisar antes de publicar,
PERF-00247,Maison Alhambra,Árabe,Sceptre Amazonite,EDP/EDT/Parfum (verificar),,,MAISON-A-SCEPTRE-AMAZONITE-0246,,Catálogo de la casa / referencia de catálogo,,,,,,Referencia — revisar antes de publicar,
PERF-00248,Maison Alhambra,Árabe,Signatures No. I,EDP/EDT/Parfum (verificar),,,MAISON-A-SIGNATURES-NO-I-0247,,Catálogo de la casa / referencia de catálogo,,,,,,Referencia — revisar antes de publicar,
PERF-00249,Maison Alhambra,Árabe,Signatures No. II,EDP/EDT/Parfum (verificar),,,MAISON-A-SIGNATURES-NO-II-0248,,Catálogo de la casa / referencia de catálogo,,,,,,Referencia — revisar antes de publicar,
PERF-00250,Maison Alhambra,Árabe,So Candid,EDP/EDT/Parfum (verificar),,,MAISON-A-SO-CANDID-0249,,Catálogo de la casa / referencia de catálogo,,,,,,Referencia — revisar antes de publicar,
PERF-00251,Maison Alhambra,Árabe,So Candid Pour Femme,EDP/EDT/Parfum (verificar),,,MAISON-A-SO-CANDID-POUR-FEMME-0250,,Catálogo de la casa / referencia de catálogo,,,,,,Referencia — revisar antes de publicar,
PERF-00252,Maison Alhambra,Árabe,Tobacco Touch,EDP/EDT/Parfum (verificar),,,MAISON-A-TOBACCO-TOUCH-0251,,Catálogo de la casa / referencia de catálogo,,,,,,Referencia — revisar antes de publicar,
PERF-00253,Maison Alhambra,Árabe,Tobacco Touch Intense,EDP/EDT/Parfum (verificar),,,MAISON-A-TOBACCO-TOUCH-INTENSE-0252,,Catálogo de la casa / referencia de catálogo,,,,,,Referencia — revisar antes de publicar,
PERF-00254,Maison Alhambra,Árabe,The Tux,EDP/EDT/Parfum (verificar),,,MAISON-A-THE-TUX-0253,,Catálogo de la casa / referencia de catálogo,,,,,,Referencia — revisar antes de publicar,
PERF-00255,Maison Alhambra,Árabe,The Serpent,EDP/EDT/Parfum (verificar),,,MAISON-A-THE-SERPENT-0254,,Catálogo de la casa / referencia de catálogo,,,,,,Referencia — revisar antes de publicar,
PERF-00256,Maison Alhambra,Árabe,The Artist No. 1,EDP/EDT/Parfum (verificar),,,MAISON-A-THE-ARTIST-NO-1-0255,,Catálogo de la casa / referencia de catálogo,,,,,,Referencia — revisar antes de publicar,
PERF-00257,Maison Alhambra,Árabe,The Official Club Intense,EDP/EDT/Parfum (verificar),,,MAISON-A-THE-OFFICIAL-CLUB-INTENS-0256,,Catálogo de la casa / referencia de catálogo,,,,,,Referencia — revisar antes de publicar,
PERF-00258,Maison Alhambra,Árabe,Toro Pour Homme,EDP/EDT/Parfum (verificar),,,MAISON-A-TORO-POUR-HOMME-0257,,Catálogo de la casa / referencia de catálogo,,,,,,Referencia — revisar antes de publicar,
PERF-00259,Maison Alhambra,Árabe,Toro Pour Homme Glace,EDP/EDT/Parfum (verificar),,,MAISON-A-TORO-POUR-HOMME-GLACE-0258,,Catálogo de la casa / referencia de catálogo,,,,,,Referencia — revisar antes de publicar,
PERF-00260,Maison Alhambra,Árabe,Victorioso,EDP/EDT/Parfum (verificar),,,MAISON-A-VICTORIOSO-0259,,Catálogo de la casa / referencia de catálogo,,,,,,Referencia — revisar antes de publicar,
PERF-00261,Maison Alhambra,Árabe,Victorioso Victory,EDP/EDT/Parfum (verificar),,,MAISON-A-VICTORIOSO-VICTORY-0260,,Catálogo de la casa / referencia de catálogo,,,,,,Referencia — revisar antes de publicar,
PERF-00262,Maison Alhambra,Árabe,Victorioso Nero,EDP/EDT/Parfum (verificar),,,MAISON-A-VICTORIOSO-NERO-0261,,Catálogo de la casa / referencia de catálogo,,,,,,Referencia — revisar antes de publicar,
PERF-00263,Maison Alhambra,Árabe,Victorioso Legend,EDP/EDT/Parfum (verificar),,,MAISON-A-VICTORIOSO-LEGEND-0262,,Catálogo de la casa / referencia de catálogo,,,,,,Referencia — revisar antes de publicar,
PERF-00264,Maison Alhambra,Árabe,Victorioso Heroic,EDP/EDT/Parfum (verificar),,,MAISON-A-VICTORIOSO-HEROIC-0263,,Catálogo de la casa / referencia de catálogo,,,,,,Referencia — revisar antes de publicar,
PERF-00265,Maison Alhambra,Árabe,Woody Oud,EDP/EDT/Parfum (verificar),,,MAISON-A-WOODY-OUD-0264,,Catálogo de la casa / referencia de catálogo,,,,,,Referencia — revisar antes de publicar,
PERF-00266,Maison Alhambra,Árabe,Yeah,EDP/EDT/Parfum (verificar),,,MAISON-A-YEAH-0265,,Catálogo de la casa / referencia de catálogo,,,,,,Referencia — revisar antes de publicar,
PERF-00267,Maison Alhambra,Árabe,Yeah! Man,EDP/EDT/Parfum (verificar),,,MAISON-A-YEAH-MAN-0266,,Catálogo de la casa / referencia de catálogo,,,,,,Referencia — revisar antes de publicar,
PERF-00268,Maison Alhambra,Árabe,Yeah! Woman,EDP/EDT/Parfum (verificar),,,MAISON-A-YEAH-WOMAN-0267,,Catálogo de la casa / referencia de catálogo,,,,,,Referencia — revisar antes de publicar,
PERF-00269,Maison Alhambra,Árabe,Your Touch,EDP/EDT/Parfum (verificar),,,MAISON-A-YOUR-TOUCH-0268,,Catálogo de la casa / referencia de catálogo,,,,,,Referencia — revisar antes de publicar,
PERF-00270,Maison Alhambra,Árabe,Your Touch Amber,EDP/EDT/Parfum (verificar),,,MAISON-A-YOUR-TOUCH-AMBER-0269,,Catálogo de la casa / referencia de catálogo,,,,,,Referencia — revisar antes de publicar,
PERF-00271,Maison Alhambra,Árabe,Your Touch Gold,EDP/EDT/Parfum (verificar),,,MAISON-A-YOUR-TOUCH-GOLD-0270,,Catálogo de la casa / referencia de catálogo,,,,,,Referencia — revisar antes de publicar,
PERF-00272,Maison Alhambra,Árabe,Your Touch Pour Femme,EDP/EDT/Parfum (verificar),,,MAISON-A-YOUR-TOUCH-POUR-FEMME-0271,,Catálogo de la casa / referencia de catálogo,,,,,,Referencia — revisar antes de publicar,
PERF-00273,Maison Alhambra,Árabe,Lovely Chérie,EDP/EDT/Parfum (verificar),,,MAISON-A-LOVELY-CH-RIE-0272,,Catálogo de la casa / referencia de catálogo,,,,,,Referencia — revisar antes de publicar,
PERF-00274,Maison Alhambra,Árabe,Bronze for Men,EDP/EDT/Parfum (verificar),,,MAISON-A-BRONZE-FOR-MEN-0273,,Catálogo de la casa / referencia de catálogo,,,,,,Referencia — revisar antes de publicar,
PERF-00275,Maison Alhambra,Árabe,Bronze for Women,EDP/EDT/Parfum (verificar),,,MAISON-A-BRONZE-FOR-WOMEN-0274,,Catálogo de la casa / referencia de catálogo,,,,,,Referencia — revisar antes de publicar,
PERF-00276,Maison Alhambra,Árabe,Blue de Chance,EDP/EDT/Parfum (verificar),,,MAISON-A-BLUE-DE-CHANCE-0275,,Catálogo de la casa / referencia de catálogo,,,,,,Referencia — revisar antes de publicar,
PERF-00277,Maison Alhambra,Árabe,Jorge Di Aqua,EDP/EDT/Parfum (verificar),,,MAISON-A-JORGE-DI-AQUA-0276,,Catálogo de la casa / referencia de catálogo,,,,,,Referencia — revisar antes de publicar,
PERF-00278,Maison Alhambra,Árabe,Maitre de Blue,EDP/EDT/Parfum (verificar),,,MAISON-A-MAITRE-DE-BLUE-0277,,Catálogo de la casa / referencia de catálogo,,,,,,Referencia — revisar antes de publicar,
PERF-00279,Maison Alhambra,Árabe,Maitre de Blue Intense,EDP/EDT/Parfum (verificar),,,MAISON-A-MAITRE-DE-BLUE-INTENSE-0278,,Catálogo de la casa / referencia de catálogo,,,,,,Referencia — revisar antes de publicar,
PERF-00280,Maison Alhambra,Árabe,Maitre de Oud,EDP/EDT/Parfum (verificar),,,MAISON-A-MAITRE-DE-OUD-0279,,Catálogo de la casa / referencia de catálogo,,,,,,Referencia — revisar antes de publicar,
PERF-00281,Maison Alhambra,Árabe,The Myth,EDP/EDT/Parfum (verificar),,,MAISON-A-THE-MYTH-0280,,Catálogo de la casa / referencia de catálogo,,,,,,Referencia — revisar antes de publicar,
PERF-00282,Maison Alhambra,Árabe,The Myth Pour Homme,EDP/EDT/Parfum (verificar),,,MAISON-A-THE-MYTH-POUR-HOMME-0281,,Catálogo de la casa / referencia de catálogo,,,,,,Referencia — revisar antes de publicar,
PERF-00283,Afnan,Árabe,9 AM,EDP/EDT/Parfum (verificar),,,AFNAN-9-AM-0282,,Catálogo de la casa / referencia de catálogo,,,,,,Referencia — revisar antes de publicar,
PERF-00284,Afnan,Árabe,9 AM Dive,EDP/EDT/Parfum (verificar),,,AFNAN-9-AM-DIVE-0283,,Catálogo de la casa / referencia de catálogo,,,,,,Referencia — revisar antes de publicar,
PERF-00285,Afnan,Árabe,9 AM Pour Femme,EDP/EDT/Parfum (verificar),,,AFNAN-9-AM-POUR-FEMME-0284,,Catálogo de la casa / referencia de catálogo,,,,,,Referencia — revisar antes de publicar,
PERF-00286,Afnan,Árabe,9 AM Dive Intense,EDP/EDT/Parfum (verificar),,,AFNAN-9-AM-DIVE-INTENSE-0285,,Catálogo de la casa / referencia de catálogo,,,,,,Referencia — revisar antes de publicar,
PERF-00287,Afnan,Árabe,9 PM,EDP/EDT/Parfum (verificar),,,AFNAN-9-PM-0286,,Catálogo de la casa / referencia de catálogo,,,,,,Referencia — revisar antes de publicar,
PERF-00288,Afnan,Árabe,9 PM Elixir,EDP/EDT/Parfum (verificar),,,AFNAN-9-PM-ELIXIR-0287,,Catálogo de la casa / referencia de catálogo,,,,,,Referencia — revisar antes de publicar,
PERF-00289,Afnan,Árabe,9 PM Rebel,EDP/EDT/Parfum (verificar),,,AFNAN-9-PM-REBEL-0288,,Catálogo de la casa / referencia de catálogo,,,,,,Referencia — revisar antes de publicar,
PERF-00290,Afnan,Árabe,9 PM Pour Femme,EDP/EDT/Parfum (verificar),,,AFNAN-9-PM-POUR-FEMME-0289,,Catálogo de la casa / referencia de catálogo,,,,,,Referencia — revisar antes de publicar,
PERF-00291,Afnan,Árabe,9 PM Night Out,EDP/EDT/Parfum (verificar),,,AFNAN-9-PM-NIGHT-OUT-0290,,Catálogo de la casa / referencia de catálogo,,,,,,Referencia — revisar antes de publicar,
PERF-00292,Afnan,Árabe,9 PM Night Out Pour Femme,EDP/EDT/Parfum (verificar),,,AFNAN-9-PM-NIGHT-OUT-POUR-FEMM-0291,,Catálogo de la casa / referencia de catálogo,,,,,,Referencia — revisar antes de publicar,
PERF-00293,Afnan,Árabe,9 PM Rebel Intense,EDP/EDT/Parfum (verificar),,,AFNAN-9-PM-REBEL-INTENSE-0292,,Catálogo de la casa / referencia de catálogo,,,,,,Referencia — revisar antes de publicar,
PERF-00294,Afnan,Árabe,Supremacy Silver,EDP/EDT/Parfum (verificar),,,AFNAN-SUPREMACY-SILVER-0293,,Catálogo de la casa / referencia de catálogo,,,,,,Referencia — revisar antes de publicar,
PERF-00295,Afnan,Árabe,Supremacy Not Only Intense,EDP/EDT/Parfum (verificar),,,AFNAN-SUPREMACY-NOT-ONLY-INTEN-0294,,Catálogo de la casa / referencia de catálogo,,,,,,Referencia — revisar antes de publicar,
PERF-00296,Afnan,Árabe,Supremacy In Oud,EDP/EDT/Parfum (verificar),,,AFNAN-SUPREMACY-IN-OUD-0295,,Catálogo de la casa / referencia de catálogo,,,,,,Referencia — revisar antes de publicar,
PERF-00297,Afnan,Árabe,Supremacy In Oud Luxury Collection,EDP/EDT/Parfum (verificar),,,AFNAN-SUPREMACY-IN-OUD-LUXURY--0296,,Catálogo de la casa / referencia de catálogo,,,,,,Referencia — revisar antes de publicar,
PERF-00298,Afnan,Árabe,Supremacy Noir,EDP/EDT/Parfum (verificar),,,AFNAN-SUPREMACY-NOIR-0297,,Catálogo de la casa / referencia de catálogo,,,,,,Referencia — revisar antes de publicar,
PERF-00299,Afnan,Árabe,Supremacy Gold,EDP/EDT/Parfum (verificar),,,AFNAN-SUPREMACY-GOLD-0298,,Catálogo de la casa / referencia de catálogo,,,,,,Referencia — revisar antes de publicar,
PERF-00300,Afnan,Árabe,Supremacy Pink,EDP/EDT/Parfum (verificar),,,AFNAN-SUPREMACY-PINK-0299,,Catálogo de la casa / referencia de catálogo,,,,,,Referencia — revisar antes de publicar,
PERF-00301,Afnan,Árabe,Supremacy Tapis Rouge,EDP/EDT/Parfum (verificar),,,AFNAN-SUPREMACY-TAPIS-ROUGE-0300,,Catálogo de la casa / referencia de catálogo,,,,,,Referencia — revisar antes de publicar,
PERF-00302,Afnan,Árabe,Supremacy Gala,EDP/EDT/Parfum (verificar),,,AFNAN-SUPREMACY-GALA-0301,,Catálogo de la casa / referencia de catálogo,,,,,,Referencia — revisar antes de publicar,
PERF-00303,Afnan,Árabe,Supremacy In Heaven,EDP/EDT/Parfum (verificar),,,AFNAN-SUPREMACY-IN-HEAVEN-0302,,Catálogo de la casa / referencia de catálogo,,,,,,Referencia — revisar antes de publicar,
PERF-00304,Afnan,Árabe,Turathi Blue,EDP/EDT/Parfum (verificar),,,AFNAN-TURATHI-BLUE-0303,,Catálogo de la casa / referencia de catálogo,,,,,,Referencia — revisar antes de publicar,
PERF-00305,Afnan,Árabe,Turathi Brown,EDP/EDT/Parfum (verificar),,,AFNAN-TURATHI-BROWN-0304,,Catálogo de la casa / referencia de catálogo,,,,,,Referencia — revisar antes de publicar,
PERF-00306,Afnan,Árabe,Turathi Electric,EDP/EDT/Parfum (verificar),,,AFNAN-TURATHI-ELECTRIC-0305,,Catálogo de la casa / referencia de catálogo,,,,,,Referencia — revisar antes de publicar,
PERF-00307,Afnan,Árabe,Rare Carbon,EDP/EDT/Parfum (verificar),,,AFNAN-RARE-CARBON-0306,,Catálogo de la casa / referencia de catálogo,,,,,,Referencia — revisar antes de publicar,
PERF-00308,Afnan,Árabe,Rare Passion,EDP/EDT/Parfum (verificar),,,AFNAN-RARE-PASSION-0307,,Catálogo de la casa / referencia de catálogo,,,,,,Referencia — revisar antes de publicar,
PERF-00309,Afnan,Árabe,Rare Reef,EDP/EDT/Parfum (verificar),,,AFNAN-RARE-REEF-0308,,Catálogo de la casa / referencia de catálogo,,,,,,Referencia — revisar antes de publicar,
PERF-00310,Afnan,Árabe,Historic Olmeda,EDP/EDT/Parfum (verificar),,,AFNAN-HISTORIC-OLMEDA-0309,,Catálogo de la casa / referencia de catálogo,,,,,,Referencia — revisar antes de publicar,
PERF-00311,Afnan,Árabe,Historic Doria,EDP/EDT/Parfum (verificar),,,AFNAN-HISTORIC-DORIA-0310,,Catálogo de la casa / referencia de catálogo,,,,,,Referencia — revisar antes de publicar,
PERF-00312,Afnan,Árabe,Historic Sahara,EDP/EDT/Parfum (verificar),,,AFNAN-HISTORIC-SAHARA-0311,,Catálogo de la casa / referencia de catálogo,,,,,,Referencia — revisar antes de publicar,
PERF-00313,Afnan,Árabe,Modest Une,EDP/EDT/Parfum (verificar),,,AFNAN-MODEST-UNE-0312,,Catálogo de la casa / referencia de catálogo,,,,,,Referencia — revisar antes de publicar,
PERF-00314,Afnan,Árabe,Modest Deux,EDP/EDT/Parfum (verificar),,,AFNAN-MODEST-DEUX-0313,,Catálogo de la casa / referencia de catálogo,,,,,,Referencia — revisar antes de publicar,
PERF-00315,Afnan,Árabe,Edict,EDP/EDT/Parfum (verificar),,,AFNAN-EDICT-0314,,Catálogo de la casa / referencia de catálogo,,,,,,Referencia — revisar antes de publicar,
PERF-00316,Afnan,Árabe,Edict Ouddiction,EDP/EDT/Parfum (verificar),,,AFNAN-EDICT-OUDDICTION-0315,,Catálogo de la casa / referencia de catálogo,,,,,,Referencia — revisar antes de publicar,
PERF-00317,Afnan,Árabe,Edict Amberythme,EDP/EDT/Parfum (verificar),,,AFNAN-EDICT-AMBERYTHME-0316,,Catálogo de la casa / referencia de catálogo,,,,,,Referencia — revisar antes de publicar,
PERF-00318,Afnan,Árabe,Highness III,EDP/EDT/Parfum (verificar),,,AFNAN-HIGHNESS-III-0317,,Catálogo de la casa / referencia de catálogo,,,,,,Referencia — revisar antes de publicar,
PERF-00319,Afnan,Árabe,Highness IV,EDP/EDT/Parfum (verificar),,,AFNAN-HIGHNESS-IV-0318,,Catálogo de la casa / referencia de catálogo,,,,,,Referencia — revisar antes de publicar,
PERF-00320,Afnan,Árabe,Highness White,EDP/EDT/Parfum (verificar),,,AFNAN-HIGHNESS-WHITE-0319,,Catálogo de la casa / referencia de catálogo,,,,,,Referencia — revisar antes de publicar,
PERF-00321,Afnan,Árabe,Highness Green,EDP/EDT/Parfum (verificar),,,AFNAN-HIGHNESS-GREEN-0320,,Catálogo de la casa / referencia de catálogo,,,,,,Referencia — revisar antes de publicar,
PERF-00322,Afnan,Árabe,Mirsaal of Trust,EDP/EDT/Parfum (verificar),,,AFNAN-MIRSAAL-OF-TRUST-0321,,Catálogo de la casa / referencia de catálogo,,,,,,Referencia — revisar antes de publicar,
PERF-00323,Afnan,Árabe,Mirsaal With Love,EDP/EDT/Parfum (verificar),,,AFNAN-MIRSAAL-WITH-LOVE-0322,,Catálogo de la casa / referencia de catálogo,,,,,,Referencia — revisar antes de publicar,
PERF-00324,Afnan,Árabe,Mirsaal of Trust Pour Homme,EDP/EDT/Parfum (verificar),,,AFNAN-MIRSAAL-OF-TRUST-POUR-HO-0323,,Catálogo de la casa / referencia de catálogo,,,,,,Referencia — revisar antes de publicar,
PERF-00325,Afnan,Árabe,Tribute Blue,EDP/EDT/Parfum (verificar),,,AFNAN-TRIBUTE-BLUE-0324,,Catálogo de la casa / referencia de catálogo,,,,,,Referencia — revisar antes de publicar,
PERF-00326,Afnan,Árabe,Tribute Blue Travel Edition,EDP/EDT/Parfum (verificar),,,AFNAN-TRIBUTE-BLUE-TRAVEL-EDIT-0325,,Catálogo de la casa / referencia de catálogo,,,,,,Referencia — revisar antes de publicar,
PERF-00327,Afnan,Árabe,Tribute Pink,EDP/EDT/Parfum (verificar),,,AFNAN-TRIBUTE-PINK-0326,,Catálogo de la casa / referencia de catálogo,,,,,,Referencia — revisar antes de publicar,
PERF-00328,Afnan,Árabe,Lynked Forever,EDP/EDT/Parfum (verificar),,,AFNAN-LYNKED-FOREVER-0327,,Catálogo de la casa / referencia de catálogo,,,,,,Referencia — revisar antes de publicar,
PERF-00329,Afnan,Árabe,Lynked Freedom,EDP/EDT/Parfum (verificar),,,AFNAN-LYNKED-FREEDOM-0328,,Catálogo de la casa / referencia de catálogo,,,,,,Referencia — revisar antes de publicar,
PERF-00330,Afnan,Árabe,Kiaana Angel,EDP/EDT/Parfum (verificar),,,AFNAN-KIAANA-ANGEL-0329,,Catálogo de la casa / referencia de catálogo,,,,,,Referencia — revisar antes de publicar,
PERF-00331,Afnan,Árabe,Kiaana Crush,EDP/EDT/Parfum (verificar),,,AFNAN-KIAANA-CRUSH-0330,,Catálogo de la casa / referencia de catálogo,,,,,,Referencia — revisar antes de publicar,
PERF-00332,Afnan,Árabe,Kiaana Vibes,EDP/EDT/Parfum (verificar),,,AFNAN-KIAANA-VIBES-0331,,Catálogo de la casa / referencia de catálogo,,,,,,Referencia — revisar antes de publicar,
PERF-00333,Afnan,Árabe,Cherry Bouquet,EDP/EDT/Parfum (verificar),,,AFNAN-CHERRY-BOUQUET-0332,,Catálogo de la casa / referencia de catálogo,,,,,,Referencia — revisar antes de publicar,
PERF-00334,Afnan,Árabe,Delicious Bouquet,EDP/EDT/Parfum (verificar),,,AFNAN-DELICIOUS-BOUQUET-0333,,Catálogo de la casa / referencia de catálogo,,,,,,Referencia — revisar antes de publicar,
PERF-00335,Afnan,Árabe,La Fleur Bouquet,EDP/EDT/Parfum (verificar),,,AFNAN-LA-FLEUR-BOUQUET-0334,,Catálogo de la casa / referencia de catálogo,,,,,,Referencia — revisar antes de publicar,
PERF-00336,Afnan,Árabe,Souvenir Blooming Bliss,EDP/EDT/Parfum (verificar),,,AFNAN-SOUVENIR-BLOOMING-BLISS-0335,,Catálogo de la casa / referencia de catálogo,,,,,,Referencia — revisar antes de publicar,
PERF-00337,Afnan,Árabe,Souvenir Floral Bouquet,EDP/EDT/Parfum (verificar),,,AFNAN-SOUVENIR-FLORAL-BOUQUET-0336,,Catálogo de la casa / referencia de catálogo,,,,,,Referencia — revisar antes de publicar,
PERF-00338,Afnan,Árabe,Portrait Abstract,EDP/EDT/Parfum (verificar),,,AFNAN-PORTRAIT-ABSTRACT-0337,,Catálogo de la casa / referencia de catálogo,,,,,,Referencia — revisar antes de publicar,
PERF-00339,Afnan,Árabe,Ornament Pour Homme,EDP/EDT/Parfum (verificar),,,AFNAN-ORNAMENT-POUR-HOMME-0338,,Catálogo de la casa / referencia de catálogo,,,,,,Referencia — revisar antes de publicar,
PERF-00340,Afnan,Árabe,Ornament Pour Femme,EDP/EDT/Parfum (verificar),,,AFNAN-ORNAMENT-POUR-FEMME-0339,,Catálogo de la casa / referencia de catálogo,,,,,,Referencia — revisar antes de publicar,
PERF-00341,Afnan,Árabe,Naseej Al Oud,EDP/EDT/Parfum (verificar),,,AFNAN-NASEEJ-AL-OUD-0340,,Catálogo de la casa / referencia de catálogo,,,,,,Referencia — revisar antes de publicar,
PERF-00342,Afnan,Árabe,Naseej Al Oud Intense,EDP/EDT/Parfum (verificar),,,AFNAN-NASEEJ-AL-OUD-INTENSE-0341,,Catálogo de la casa / referencia de catálogo,,,,,,Referencia — revisar antes de publicar,
PERF-00343,Afnan,Árabe,Patchouli On Fire,EDP/EDT/Parfum (verificar),,,AFNAN-PATCHOULI-ON-FIRE-0342,,Catálogo de la casa / referencia de catálogo,,,,,,Referencia — revisar antes de publicar,
PERF-00344,Afnan,Árabe,Patchouli On Fire Intense,EDP/EDT/Parfum (verificar),,,AFNAN-PATCHOULI-ON-FIRE-INTENS-0343,,Catálogo de la casa / referencia de catálogo,,,,,,Referencia — revisar antes de publicar,
PERF-00345,Afnan,Árabe,Inara,EDP/EDT/Parfum (verificar),,,AFNAN-INARA-0344,,Catálogo de la casa / referencia de catálogo,,,,,,Referencia — revisar antes de publicar,
PERF-00346,Afnan,Árabe,Inara White,EDP/EDT/Parfum (verificar),,,AFNAN-INARA-WHITE-0345,,Catálogo de la casa / referencia de catálogo,,,,,,Referencia — revisar antes de publicar,
PERF-00347,Afnan,Árabe,Inara Black,EDP/EDT/Parfum (verificar),,,AFNAN-INARA-BLACK-0346,,Catálogo de la casa / referencia de catálogo,,,,,,Referencia — revisar antes de publicar,
PERF-00348,Afnan,Árabe,Inara Gold,EDP/EDT/Parfum (verificar),,,AFNAN-INARA-GOLD-0347,,Catálogo de la casa / referencia de catálogo,,,,,,Referencia — revisar antes de publicar,
PERF-00349,Afnan,Árabe,Musk Abiyad,EDP/EDT/Parfum (verificar),,,AFNAN-MUSK-ABIYAD-0348,,Catálogo de la casa / referencia de catálogo,,,,,,Referencia — revisar antes de publicar,
PERF-00350,Afnan,Árabe,Musk Ismail,EDP/EDT/Parfum (verificar),,,AFNAN-MUSK-ISMAIL-0349,,Catálogo de la casa / referencia de catálogo,,,,,,Referencia — revisar antes de publicar,
PERF-00351,Afnan,Árabe,Musk Tazad,EDP/EDT/Parfum (verificar),,,AFNAN-MUSK-TAZAD-0350,,Catálogo de la casa / referencia de catálogo,,,,,,Referencia — revisar antes de publicar,
PERF-00352,Afnan,Árabe,Supremacy Collector's Edition,EDP/EDT/Parfum (verificar),,,AFNAN-SUPREMACY-COLLECTOR-S-ED-0351,,Catálogo de la casa / referencia de catálogo,,,,,,Referencia — revisar antes de publicar,
PERF-00353,Afnan,Árabe,Turathi Homme,EDP/EDT/Parfum (verificar),,,AFNAN-TURATHI-HOMME-0352,,Catálogo de la casa / referencia de catálogo,,,,,,Referencia — revisar antes de publicar,
PERF-00354,Afnan,Árabe,Turathi Femme,EDP/EDT/Parfum (verificar),,,AFNAN-TURATHI-FEMME-0353,,Catálogo de la casa / referencia de catálogo,,,,,,Referencia — revisar antes de publicar,
PERF-00355,Afnan,Árabe,Turathi Homme Blue,EDP/EDT/Parfum (verificar),,,AFNAN-TURATHI-HOMME-BLUE-0354,,Catálogo de la casa / referencia de catálogo,,,,,,Referencia — revisar antes de publicar,
PERF-00356,Afnan,Árabe,Highness IX,EDP/EDT/Parfum (verificar),,,AFNAN-HIGHNESS-IX-0355,,Catálogo de la casa / referencia de catálogo,,,,,,Referencia — revisar antes de publicar,
PERF-00357,Afnan,Árabe,Highness VI,EDP/EDT/Parfum (verificar),,,AFNAN-HIGHNESS-VI-0356,,Catálogo de la casa / referencia de catálogo,,,,,,Referencia — revisar antes de publicar,
PERF-00358,Afnan,Árabe,Highness VII,EDP/EDT/Parfum (verificar),,,AFNAN-HIGHNESS-VII-0357,,Catálogo de la casa / referencia de catálogo,,,,,,Referencia — revisar antes de publicar,
PERF-00359,Afnan,Árabe,Highness VIII,EDP/EDT/Parfum (verificar),,,AFNAN-HIGHNESS-VIII-0358,,Catálogo de la casa / referencia de catálogo,,,,,,Referencia — revisar antes de publicar,
PERF-00360,Afnan,Árabe,Afnan Rare,EDP/EDT/Parfum (verificar),,,AFNAN-AFNAN-RARE-0359,,Catálogo de la casa / referencia de catálogo,,,,,,Referencia — revisar antes de publicar,
PERF-00361,Armaf,Árabe,Club de Nuit Intense Man,EDP/EDT/Parfum (verificar),,,ARMAF-CLUB-DE-NUIT-INTENSE-MAN-0360,,Catálogo de la casa / referencia de catálogo,,,,,,Referencia — revisar antes de publicar,
PERF-00362,Armaf,Árabe,Club de Nuit Intense Man EDT,EDP/EDT/Parfum (verificar),,,ARMAF-CLUB-DE-NUIT-INTENSE-MAN-0361,,Catálogo de la casa / referencia de catálogo,,,,,,Referencia — revisar antes de publicar,
PERF-00363,Armaf,Árabe,Club de Nuit Intense Man EDP,EDP/EDT/Parfum (verificar),,,ARMAF-CLUB-DE-NUIT-INTENSE-MAN-0362,,Catálogo de la casa / referencia de catálogo,,,,,,Referencia — revisar antes de publicar,
PERF-00364,Armaf,Árabe,Club de Nuit Intense Man Pure Parfum,EDP/EDT/Parfum (verificar),,,ARMAF-CLUB-DE-NUIT-INTENSE-MAN-0363,,Catálogo de la casa / referencia de catálogo,,,,,,Referencia — revisar antes de publicar,
PERF-00365,Armaf,Árabe,Club de Nuit Intense Man Extrait de Parfum,EDP/EDT/Parfum (verificar),,,ARMAF-CLUB-DE-NUIT-INTENSE-MAN-0364,,Catálogo de la casa / referencia de catálogo,,,,,,Referencia — revisar antes de publicar,
PERF-00366,Armaf,Árabe,Club de Nuit Intense Man Limited Edition,EDP/EDT/Parfum (verificar),,,ARMAF-CLUB-DE-NUIT-INTENSE-MAN-0365,,Catálogo de la casa / referencia de catálogo,,,,,,Referencia — revisar antes de publicar,
PERF-00367,Armaf,Árabe,Club de Nuit Intense Man Limited Edition Pure Parfum,EDP/EDT/Parfum (verificar),,,ARMAF-CLUB-DE-NUIT-INTENSE-MAN-0366,,Catálogo de la casa / referencia de catálogo,,,,,,Referencia — revisar antes de publicar,
PERF-00368,Armaf,Árabe,Club de Nuit Intense Man Urban Man Elixir,EDP/EDT/Parfum (verificar),,,ARMAF-CLUB-DE-NUIT-INTENSE-MAN-0367,,Catálogo de la casa / referencia de catálogo,,,,,,Referencia — revisar antes de publicar,
PERF-00369,Armaf,Árabe,Club de Nuit Intense Overdose,EDP/EDT/Parfum (verificar),,,ARMAF-CLUB-DE-NUIT-INTENSE-OVE-0368,,Catálogo de la casa / referencia de catálogo,,,,,,Referencia — revisar antes de publicar,
PERF-00370,Armaf,Árabe,Club de Nuit Untold,EDP/EDT/Parfum (verificar),,,ARMAF-CLUB-DE-NUIT-UNTOLD-0369,,Catálogo de la casa / referencia de catálogo,,,,,,Referencia — revisar antes de publicar,
PERF-00371,Armaf,Árabe,Club de Nuit Sillage,EDP/EDT/Parfum (verificar),,,ARMAF-CLUB-DE-NUIT-SILLAGE-0370,,Catálogo de la casa / referencia de catálogo,,,,,,Referencia — revisar antes de publicar,
PERF-00372,Armaf,Árabe,Club de Nuit Milestone,EDP/EDT/Parfum (verificar),,,ARMAF-CLUB-DE-NUIT-MILESTONE-0371,,Catálogo de la casa / referencia de catálogo,,,,,,Referencia — revisar antes de publicar,
PERF-00373,Armaf,Árabe,Club de Nuit Iconic,EDP/EDT/Parfum (verificar),,,ARMAF-CLUB-DE-NUIT-ICONIC-0372,,Catálogo de la casa / referencia de catálogo,,,,,,Referencia — revisar antes de publicar,
PERF-00374,Armaf,Árabe,Club de Nuit Blue Icon,EDP/EDT/Parfum (verificar),,,ARMAF-CLUB-DE-NUIT-BLUE-ICON-0373,,Catálogo de la casa / referencia de catálogo,,,,,,Referencia — revisar antes de publicar,
PERF-00375,Armaf,Árabe,Club de Nuit Woman,EDP/EDT/Parfum (verificar),,,ARMAF-CLUB-DE-NUIT-WOMAN-0374,,Catálogo de la casa / referencia de catálogo,,,,,,Referencia — revisar antes de publicar,
PERF-00376,Armaf,Árabe,Club de Nuit Woman Intense,EDP/EDT/Parfum (verificar),,,ARMAF-CLUB-DE-NUIT-WOMAN-INTEN-0375,,Catálogo de la casa / referencia de catálogo,,,,,,Referencia — revisar antes de publicar,
PERF-00377,Armaf,Árabe,Club de Nuit White Imperiale,EDP/EDT/Parfum (verificar),,,ARMAF-CLUB-DE-NUIT-WHITE-IMPER-0376,,Catálogo de la casa / referencia de catálogo,,,,,,Referencia — revisar antes de publicar,
PERF-00378,Armaf,Árabe,Club de Nuit Imperiale,EDP/EDT/Parfum (verificar),,,ARMAF-CLUB-DE-NUIT-IMPERIALE-0377,,Catálogo de la casa / referencia de catálogo,,,,,,Referencia — revisar antes de publicar,
PERF-00379,Armaf,Árabe,Club de Nuit Maleka,EDP/EDT/Parfum (verificar),,,ARMAF-CLUB-DE-NUIT-MALEKA-0378,,Catálogo de la casa / referencia de catálogo,,,,,,Referencia — revisar antes de publicar,
PERF-00380,Armaf,Árabe,Club de Nuit Oud,EDP/EDT/Parfum (verificar),,,ARMAF-CLUB-DE-NUIT-OUD-0379,,Catálogo de la casa / referencia de catálogo,,,,,,Referencia — revisar antes de publicar,
PERF-00381,Armaf,Árabe,Club de Nuit Precieux,EDP/EDT/Parfum (verificar),,,ARMAF-CLUB-DE-NUIT-PRECIEUX-0380,,Catálogo de la casa / referencia de catálogo,,,,,,Referencia — revisar antes de publicar,
PERF-00382,Armaf,Árabe,Club de Nuit Lion,EDP/EDT/Parfum (verificar),,,ARMAF-CLUB-DE-NUIT-LION-0381,,Catálogo de la casa / referencia de catálogo,,,,,,Referencia — revisar antes de publicar,
PERF-00383,Armaf,Árabe,Club de Nuit Bling,EDP/EDT/Parfum (verificar),,,ARMAF-CLUB-DE-NUIT-BLING-0382,,Catálogo de la casa / referencia de catálogo,,,,,,Referencia — revisar antes de publicar,
PERF-00384,Armaf,Árabe,Odyssey Homme,EDP/EDT/Parfum (verificar),,,ARMAF-ODYSSEY-HOMME-0383,,Catálogo de la casa / referencia de catálogo,,,,,,Referencia — revisar antes de publicar,
PERF-00385,Armaf,Árabe,Odyssey Homme White Edition,EDP/EDT/Parfum (verificar),,,ARMAF-ODYSSEY-HOMME-WHITE-EDIT-0384,,Catálogo de la casa / referencia de catálogo,,,,,,Referencia — revisar antes de publicar,
PERF-00386,Armaf,Árabe,Odyssey Homme Black,EDP/EDT/Parfum (verificar),,,ARMAF-ODYSSEY-HOMME-BLACK-0385,,Catálogo de la casa / referencia de catálogo,,,,,,Referencia — revisar antes de publicar,
PERF-00387,Armaf,Árabe,Odyssey Mandarin Sky,EDP/EDT/Parfum (verificar),,,ARMAF-ODYSSEY-MANDARIN-SKY-0386,,Catálogo de la casa / referencia de catálogo,,,,,,Referencia — revisar antes de publicar,
PERF-00388,Armaf,Árabe,Odyssey Mandarin Sky Elixir,EDP/EDT/Parfum (verificar),,,ARMAF-ODYSSEY-MANDARIN-SKY-ELI-0387,,Catálogo de la casa / referencia de catálogo,,,,,,Referencia — revisar antes de publicar,
PERF-00389,Armaf,Árabe,Odyssey Mega,EDP/EDT/Parfum (verificar),,,ARMAF-ODYSSEY-MEGA-0388,,Catálogo de la casa / referencia de catálogo,,,,,,Referencia — revisar antes de publicar,
PERF-00390,Armaf,Árabe,Odyssey Homme Aqua,EDP/EDT/Parfum (verificar),,,ARMAF-ODYSSEY-HOMME-AQUA-0389,,Catálogo de la casa / referencia de catálogo,,,,,,Referencia — revisar antes de publicar,
PERF-00391,Armaf,Árabe,Odyssey Homme Oudh,EDP/EDT/Parfum (verificar),,,ARMAF-ODYSSEY-HOMME-OUDH-0390,,Catálogo de la casa / referencia de catálogo,,,,,,Referencia — revisar antes de publicar,
PERF-00392,Armaf,Árabe,Odyssey Aoud,EDP/EDT/Parfum (verificar),,,ARMAF-ODYSSEY-AOUD-0391,,Catálogo de la casa / referencia de catálogo,,,,,,Referencia — revisar antes de publicar,
PERF-00393,Armaf,Árabe,Odyssey Homme Marine,EDP/EDT/Parfum (verificar),,,ARMAF-ODYSSEY-HOMME-MARINE-0392,,Catálogo de la casa / referencia de catálogo,,,,,,Referencia — revisar antes de publicar,
PERF-00394,Armaf,Árabe,Odyssey Artisto,EDP/EDT/Parfum (verificar),,,ARMAF-ODYSSEY-ARTISTO-0393,,Catálogo de la casa / referencia de catálogo,,,,,,Referencia — revisar antes de publicar,
PERF-00395,Armaf,Árabe,Odyssey Tyrant,EDP/EDT/Parfum (verificar),,,ARMAF-ODYSSEY-TYRANT-0394,,Catálogo de la casa / referencia de catálogo,,,,,,Referencia — revisar antes de publicar,
PERF-00396,Armaf,Árabe,Odyssey Candee,EDP/EDT/Parfum (verificar),,,ARMAF-ODYSSEY-CANDEE-0395,,Catálogo de la casa / referencia de catálogo,,,,,,Referencia — revisar antes de publicar,
PERF-00397,Armaf,Árabe,Odyssey French Kiss,EDP/EDT/Parfum (verificar),,,ARMAF-ODYSSEY-FRENCH-KISS-0396,,Catálogo de la casa / referencia de catálogo,,,,,,Referencia — revisar antes de publicar,
PERF-00398,Armaf,Árabe,Odyssey Pink Pop,EDP/EDT/Parfum (verificar),,,ARMAF-ODYSSEY-PINK-POP-0397,,Catálogo de la casa / referencia de catálogo,,,,,,Referencia — revisar antes de publicar,
PERF-00399,Armaf,Árabe,Odyssey Nexus,EDP/EDT/Parfum (verificar),,,ARMAF-ODYSSEY-NEXUS-0398,,Catálogo de la casa / referencia de catálogo,,,,,,Referencia — revisar antes de publicar,
PERF-00400,Armaf,Árabe,Tres Nuit,EDP/EDT/Parfum (verificar),,,ARMAF-TRES-NUIT-0399,,Catálogo de la casa / referencia de catálogo,,,,,,Referencia — revisar antes de publicar,
PERF-00401,Armaf,Árabe,Tres Nuit Pour Homme,EDP/EDT/Parfum (verificar),,,ARMAF-TRES-NUIT-POUR-HOMME-0400,,Catálogo de la casa / referencia de catálogo,,,,,,Referencia — revisar antes de publicar,
PERF-00402,Armaf,Árabe,Tres Nuit Lyric,EDP/EDT/Parfum (verificar),,,ARMAF-TRES-NUIT-LYRIC-0401,,Catálogo de la casa / referencia de catálogo,,,,,,Referencia — revisar antes de publicar,
PERF-00403,Armaf,Árabe,Tres Nuit Valentina,EDP/EDT/Parfum (verificar),,,ARMAF-TRES-NUIT-VALENTINA-0402,,Catálogo de la casa / referencia de catálogo,,,,,,Referencia — revisar antes de publicar,
PERF-00404,Armaf,Árabe,Tres Nuit Pour Femme,EDP/EDT/Parfum (verificar),,,ARMAF-TRES-NUIT-POUR-FEMME-0403,,Catálogo de la casa / referencia de catálogo,,,,,,Referencia — revisar antes de publicar,
PERF-00405,Armaf,Árabe,Tag-Him,EDP/EDT/Parfum (verificar),,,ARMAF-TAG-HIM-0404,,Catálogo de la casa / referencia de catálogo,,,,,,Referencia — revisar antes de publicar,
PERF-00406,Armaf,Árabe,Tag-Him Prestige,EDP/EDT/Parfum (verificar),,,ARMAF-TAG-HIM-PRESTIGE-0405,,Catálogo de la casa / referencia de catálogo,,,,,,Referencia — revisar antes de publicar,
PERF-00407,Armaf,Árabe,Tag-Him Uomo,EDP/EDT/Parfum (verificar),,,ARMAF-TAG-HIM-UOMO-0406,,Catálogo de la casa / referencia de catálogo,,,,,,Referencia — revisar antes de publicar,
PERF-00408,Armaf,Árabe,Hunter Intense,EDP/EDT/Parfum (verificar),,,ARMAF-HUNTER-INTENSE-0407,,Catálogo de la casa / referencia de catálogo,,,,,,Referencia — revisar antes de publicar,
PERF-00409,Armaf,Árabe,Hunter Killer,EDP/EDT/Parfum (verificar),,,ARMAF-HUNTER-KILLER-0408,,Catálogo de la casa / referencia de catálogo,,,,,,Referencia — revisar antes de publicar,
PERF-00410,Armaf,Árabe,Hunter Man,EDP/EDT/Parfum (verificar),,,ARMAF-HUNTER-MAN-0409,,Catálogo de la casa / referencia de catálogo,,,,,,Referencia — revisar antes de publicar,
PERF-00411,Armaf,Árabe,Hunter Woman,EDP/EDT/Parfum (verificar),,,ARMAF-HUNTER-WOMAN-0410,,Catálogo de la casa / referencia de catálogo,,,,,,Referencia — revisar antes de publicar,
PERF-00412,Armaf,Árabe,Craze,EDP/EDT/Parfum (verificar),,,ARMAF-CRAZE-0411,,Catálogo de la casa / referencia de catálogo,,,,,,Referencia — revisar antes de publicar,
PERF-00413,Armaf,Árabe,Craze Noir,EDP/EDT/Parfum (verificar),,,ARMAF-CRAZE-NOIR-0412,,Catálogo de la casa / referencia de catálogo,,,,,,Referencia — revisar antes de publicar,
PERF-00414,Armaf,Árabe,Shades Wood,EDP/EDT/Parfum (verificar),,,ARMAF-SHADES-WOOD-0413,,Catálogo de la casa / referencia de catálogo,,,,,,Referencia — revisar antes de publicar,
PERF-00415,Armaf,Árabe,Shades Blue,EDP/EDT/Parfum (verificar),,,ARMAF-SHADES-BLUE-0414,,Catálogo de la casa / referencia de catálogo,,,,,,Referencia — revisar antes de publicar,
PERF-00416,Armaf,Árabe,Shades,EDP/EDT/Parfum (verificar),,,ARMAF-SHADES-0415,,Catálogo de la casa / referencia de catálogo,,,,,,Referencia — revisar antes de publicar,
PERF-00417,Armaf,Árabe,Ventana,EDP/EDT/Parfum (verificar),,,ARMAF-VENTANA-0416,,Catálogo de la casa / referencia de catálogo,,,,,,Referencia — revisar antes de publicar,
PERF-00418,Armaf,Árabe,Ventana Pour Homme,EDP/EDT/Parfum (verificar),,,ARMAF-VENTANA-POUR-HOMME-0417,,Catálogo de la casa / referencia de catálogo,,,,,,Referencia — revisar antes de publicar,
PERF-00419,Armaf,Árabe,Le Parfait,EDP/EDT/Parfum (verificar),,,ARMAF-LE-PARFAIT-0418,,Catálogo de la casa / referencia de catálogo,,,,,,Referencia — revisar antes de publicar,
PERF-00420,Armaf,Árabe,Le Parfait Pour Homme,EDP/EDT/Parfum (verificar),,,ARMAF-LE-PARFAIT-POUR-HOMME-0419,,Catálogo de la casa / referencia de catálogo,,,,,,Referencia — revisar antes de publicar,
PERF-00421,Armaf,Árabe,Le Parfait Pour Femme,EDP/EDT/Parfum (verificar),,,ARMAF-LE-PARFAIT-POUR-FEMME-0420,,Catálogo de la casa / referencia de catálogo,,,,,,Referencia — revisar antes de publicar,
PERF-00422,Armaf,Árabe,Legesi,EDP/EDT/Parfum (verificar),,,ARMAF-LEGESI-0421,,Catálogo de la casa / referencia de catálogo,,,,,,Referencia — revisar antes de publicar,
PERF-00423,Armaf,Árabe,Legesi Femme,EDP/EDT/Parfum (verificar),,,ARMAF-LEGESI-FEMME-0422,,Catálogo de la casa / referencia de catálogo,,,,,,Referencia — revisar antes de publicar,
PERF-00424,Armaf,Árabe,Derby Club House,EDP/EDT/Parfum (verificar),,,ARMAF-DERBY-CLUB-HOUSE-0423,,Catálogo de la casa / referencia de catálogo,,,,,,Referencia — revisar antes de publicar,
PERF-00425,Armaf,Árabe,Derby Club House Intense,EDP/EDT/Parfum (verificar),,,ARMAF-DERBY-CLUB-HOUSE-INTENSE-0424,,Catálogo de la casa / referencia de catálogo,,,,,,Referencia — revisar antes de publicar,
PERF-00426,Armaf,Árabe,Derby Club House Gold,EDP/EDT/Parfum (verificar),,,ARMAF-DERBY-CLUB-HOUSE-GOLD-0425,,Catálogo de la casa / referencia de catálogo,,,,,,Referencia — revisar antes de publicar,
PERF-00427,Armaf,Árabe,Derby Club House Blanche,EDP/EDT/Parfum (verificar),,,ARMAF-DERBY-CLUB-HOUSE-BLANCHE-0426,,Catálogo de la casa / referencia de catálogo,,,,,,Referencia — revisar antes de publicar,
PERF-00428,Armaf,Árabe,Eternia,EDP/EDT/Parfum (verificar),,,ARMAF-ETERNIA-0427,,Catálogo de la casa / referencia de catálogo,,,,,,Referencia — revisar antes de publicar,
PERF-00429,Armaf,Árabe,Checkmate King,EDP/EDT/Parfum (verificar),,,ARMAF-CHECKMATE-KING-0428,,Catálogo de la casa / referencia de catálogo,,,,,,Referencia — revisar antes de publicar,
PERF-00430,Armaf,Árabe,Checkmate Queen,EDP/EDT/Parfum (verificar),,,ARMAF-CHECKMATE-QUEEN-0429,,Catálogo de la casa / referencia de catálogo,,,,,,Referencia — revisar antes de publicar,
PERF-00431,Armaf,Árabe,Checkmate Suit,EDP/EDT/Parfum (verificar),,,ARMAF-CHECKMATE-SUIT-0430,,Catálogo de la casa / referencia de catálogo,,,,,,Referencia — revisar antes de publicar,
PERF-00432,Armaf,Árabe,Checkmate Joker,EDP/EDT/Parfum (verificar),,,ARMAF-CHECKMATE-JOKER-0431,,Catálogo de la casa / referencia de catálogo,,,,,,Referencia — revisar antes de publicar,
PERF-00433,Armaf,Árabe,Spartacus,EDP/EDT/Parfum (verificar),,,ARMAF-SPARTACUS-0432,,Catálogo de la casa / referencia de catálogo,,,,,,Referencia — revisar antes de publicar,
PERF-00434,Armaf,Árabe,Spartacus EDP,EDP/EDT/Parfum (verificar),,,ARMAF-SPARTACUS-EDP-0433,,Catálogo de la casa / referencia de catálogo,,,,,,Referencia — revisar antes de publicar,
PERF-00435,Armaf,Árabe,Profumi D'Art I,EDP/EDT/Parfum (verificar),,,ARMAF-PROFUMI-D-ART-I-0434,,Catálogo de la casa / referencia de catálogo,,,,,,Referencia — revisar antes de publicar,
PERF-00436,Armaf,Árabe,Profumi D'Art II,EDP/EDT/Parfum (verificar),,,ARMAF-PROFUMI-D-ART-II-0435,,Catálogo de la casa / referencia de catálogo,,,,,,Referencia — revisar antes de publicar,
PERF-00437,Armaf,Árabe,Profumi D'Art III,EDP/EDT/Parfum (verificar),,,ARMAF-PROFUMI-D-ART-III-0436,,Catálogo de la casa / referencia de catálogo,,,,,,Referencia — revisar antes de publicar,
PERF-00438,Armaf,Árabe,Profumi D'Art IV,EDP/EDT/Parfum (verificar),,,ARMAF-PROFUMI-D-ART-IV-0437,,Catálogo de la casa / referencia de catálogo,,,,,,Referencia — revisar antes de publicar,
PERF-00439,Armaf,Árabe,Christian Provenzano I,EDP/EDT/Parfum (verificar),,,ARMAF-CHRISTIAN-PROVENZANO-I-0438,,Catálogo de la casa / referencia de catálogo,,,,,,Referencia — revisar antes de publicar,
PERF-00440,Armaf,Árabe,Christian Provenzano II,EDP/EDT/Parfum (verificar),,,ARMAF-CHRISTIAN-PROVENZANO-II-0439,,Catálogo de la casa / referencia de catálogo,,,,,,Referencia — revisar antes de publicar,
PERF-00441,Armaf,Árabe,Christian Provenzano III,EDP/EDT/Parfum (verificar),,,ARMAF-CHRISTIAN-PROVENZANO-III-0440,,Catálogo de la casa / referencia de catálogo,,,,,,Referencia — revisar antes de publicar,
PERF-00442,Armaf,Árabe,Christian Provenzano IV,EDP/EDT/Parfum (verificar),,,ARMAF-CHRISTIAN-PROVENZANO-IV-0441,,Catálogo de la casa / referencia de catálogo,,,,,,Referencia — revisar antes de publicar,
PERF-00443,Armaf,Árabe,SHK I,EDP/EDT/Parfum (verificar),,,ARMAF-SHK-I-0442,,Catálogo de la casa / referencia de catálogo,,,,,,Referencia — revisar antes de publicar,
PERF-00444,Armaf,Árabe,SHK II,EDP/EDT/Parfum (verificar),,,ARMAF-SHK-II-0443,,Catálogo de la casa / referencia de catálogo,,,,,,Referencia — revisar antes de publicar,
PERF-00445,Armaf,Árabe,SHK III,EDP/EDT/Parfum (verificar),,,ARMAF-SHK-III-0444,,Catálogo de la casa / referencia de catálogo,,,,,,Referencia — revisar antes de publicar,
PERF-00446,Armaf,Árabe,SHK IV,EDP/EDT/Parfum (verificar),,,ARMAF-SHK-IV-0445,,Catálogo de la casa / referencia de catálogo,,,,,,Referencia — revisar antes de publicar,
PERF-00447,Rasasi,Árabe,Hawas for Him,EDP/EDT/Parfum (verificar),,,RASASI-HAWAS-FOR-HIM-0446,,Catálogo de la casa / referencia de catálogo,,,,,,Referencia — revisar antes de publicar,
PERF-00448,Rasasi,Árabe,Hawas Ice,EDP/EDT/Parfum (verificar),,,RASASI-HAWAS-ICE-0447,,Catálogo de la casa / referencia de catálogo,,,,,,Referencia — revisar antes de publicar,
PERF-00449,Rasasi,Árabe,Hawas Black,EDP/EDT/Parfum (verificar),,,RASASI-HAWAS-BLACK-0448,,Catálogo de la casa / referencia de catálogo,,,,,,Referencia — revisar antes de publicar,
PERF-00450,Rasasi,Árabe,Hawas Elixir,EDP/EDT/Parfum (verificar),,,RASASI-HAWAS-ELIXIR-0449,,Catálogo de la casa / referencia de catálogo,,,,,,Referencia — revisar antes de publicar,
PERF-00451,Rasasi,Árabe,Hawas for Her,EDP/EDT/Parfum (verificar),,,RASASI-HAWAS-FOR-HER-0450,,Catálogo de la casa / referencia de catálogo,,,,,,Referencia — revisar antes de publicar,
PERF-00452,Rasasi,Árabe,Hawas Tropical,EDP/EDT/Parfum (verificar),,,RASASI-HAWAS-TROPICAL-0451,,Catálogo de la casa / referencia de catálogo,,,,,,Referencia — revisar antes de publicar,
PERF-00453,Rasasi,Árabe,Hawas Fire,EDP/EDT/Parfum (verificar),,,RASASI-HAWAS-FIRE-0452,,Catálogo de la casa / referencia de catálogo,,,,,,Referencia — revisar antes de publicar,
PERF-00454,Rasasi,Árabe,Daarej Pour Homme,EDP/EDT/Parfum (verificar),,,RASASI-DAAREJ-POUR-HOMME-0453,,Catálogo de la casa / referencia de catálogo,,,,,,Referencia — revisar antes de publicar,
PERF-00455,Rasasi,Árabe,Daarej Pour Femme,EDP/EDT/Parfum (verificar),,,RASASI-DAAREJ-POUR-FEMME-0454,,Catálogo de la casa / referencia de catálogo,,,,,,Referencia — revisar antes de publicar,
PERF-00456,Rasasi,Árabe,La Yuqawam Homme,EDP/EDT/Parfum (verificar),,,RASASI-LA-YUQAWAM-HOMME-0455,,Catálogo de la casa / referencia de catálogo,,,,,,Referencia — revisar antes de publicar,
PERF-00457,Rasasi,Árabe,La Yuqawam Jasmine Wisp,EDP/EDT/Parfum (verificar),,,RASASI-LA-YUQAWAM-JASMINE-WISP-0456,,Catálogo de la casa / referencia de catálogo,,,,,,Referencia — revisar antes de publicar,
PERF-00458,Rasasi,Árabe,La Yuqawam Tobacco Blaze,EDP/EDT/Parfum (verificar),,,RASASI-LA-YUQAWAM-TOBACCO-BLAZE-0457,,Catálogo de la casa / referencia de catálogo,,,,,,Referencia — revisar antes de publicar,
PERF-00459,Rasasi,Árabe,Shuhrah Pour Homme,EDP/EDT/Parfum (verificar),,,RASASI-SHUHRAH-POUR-HOMME-0458,,Catálogo de la casa / referencia de catálogo,,,,,,Referencia — revisar antes de publicar,
PERF-00460,Rasasi,Árabe,Shuhrah Pour Femme,EDP/EDT/Parfum (verificar),,,RASASI-SHUHRAH-POUR-FEMME-0459,,Catálogo de la casa / referencia de catálogo,,,,,,Referencia — revisar antes de publicar,
PERF-00461,Rasasi,Árabe,Fattan,EDP/EDT/Parfum (verificar),,,RASASI-FATTAN-0460,,Catálogo de la casa / referencia de catálogo,,,,,,Referencia — revisar antes de publicar,
PERF-00462,Rasasi,Árabe,Fattan Pour Homme,EDP/EDT/Parfum (verificar),,,RASASI-FATTAN-POUR-HOMME-0461,,Catálogo de la casa / referencia de catálogo,,,,,,Referencia — revisar antes de publicar,
PERF-00463,Rasasi,Árabe,Fattan Pour Femme,EDP/EDT/Parfum (verificar),,,RASASI-FATTAN-POUR-FEMME-0462,,Catálogo de la casa / referencia de catálogo,,,,,,Referencia — revisar antes de publicar,
PERF-00464,Rasasi,Árabe,Qasamat Ebhar,EDP/EDT/Parfum (verificar),,,RASASI-QASAMAT-EBHAR-0463,,Catálogo de la casa / referencia de catálogo,,,,,,Referencia — revisar antes de publicar,
PERF-00465,Rasasi,Árabe,Qasamat Rasana,EDP/EDT/Parfum (verificar),,,RASASI-QASAMAT-RASANA-0464,,Catálogo de la casa / referencia de catálogo,,,,,,Referencia — revisar antes de publicar,
PERF-00466,Rasasi,Árabe,Qasamat Bareeq,EDP/EDT/Parfum (verificar),,,RASASI-QASAMAT-BAREEQ-0465,,Catálogo de la casa / referencia de catálogo,,,,,,Referencia — revisar antes de publicar,
PERF-00467,Rasasi,Árabe,Qasamat Morhaf,EDP/EDT/Parfum (verificar),,,RASASI-QASAMAT-MORHAF-0466,,Catálogo de la casa / referencia de catálogo,,,,,,Referencia — revisar antes de publicar,
PERF-00468,Rasasi,Árabe,Egra Men,EDP/EDT/Parfum (verificar),,,RASASI-EGRA-MEN-0467,,Catálogo de la casa / referencia de catálogo,,,,,,Referencia — revisar antes de publicar,
PERF-00469,Rasasi,Árabe,Egra Women,EDP/EDT/Parfum (verificar),,,RASASI-EGRA-WOMEN-0468,,Catálogo de la casa / referencia de catálogo,,,,,,Referencia — revisar antes de publicar,
PERF-00470,Rasasi,Árabe,Sotoor Taa,EDP/EDT/Parfum (verificar),,,RASASI-SOTOOR-TAA-0469,,Catálogo de la casa / referencia de catálogo,,,,,,Referencia — revisar antes de publicar,
PERF-00471,Rasasi,Árabe,Sotoor Waaw,EDP/EDT/Parfum (verificar),,,RASASI-SOTOOR-WAAW-0470,,Catálogo de la casa / referencia de catálogo,,,,,,Referencia — revisar antes de publicar,
PERF-00472,Rasasi,Árabe,Sotoor Seen,EDP/EDT/Parfum (verificar),,,RASASI-SOTOOR-SEEN-0471,,Catálogo de la casa / referencia de catálogo,,,,,,Referencia — revisar antes de publicar,
PERF-00473,Rasasi,Árabe,Sotoor Raa,EDP/EDT/Parfum (verificar),,,RASASI-SOTOOR-RAA-0472,,Catálogo de la casa / referencia de catálogo,,,,,,Referencia — revisar antes de publicar,
PERF-00474,Rasasi,Árabe,Junoon Velvet,EDP/EDT/Parfum (verificar),,,RASASI-JUNOON-VELVET-0473,,Catálogo de la casa / referencia de catálogo,,,,,,Referencia — revisar antes de publicar,
PERF-00475,Rasasi,Árabe,Junoon Leather for Men,EDP/EDT/Parfum (verificar),,,RASASI-JUNOON-LEATHER-FOR-MEN-0474,,Catálogo de la casa / referencia de catálogo,,,,,,Referencia — revisar antes de publicar,
PERF-00476,Rasasi,Árabe,Junoon Satin for Women,EDP/EDT/Parfum (verificar),,,RASASI-JUNOON-SATIN-FOR-WOMEN-0475,,Catálogo de la casa / referencia de catálogo,,,,,,Referencia — revisar antes de publicar,
PERF-00477,Rasasi,Árabe,Al Wisam Day,EDP/EDT/Parfum (verificar),,,RASASI-AL-WISAM-DAY-0476,,Catálogo de la casa / referencia de catálogo,,,,,,Referencia — revisar antes de publicar,
PERF-00478,Rasasi,Árabe,Al Wisam Evening,EDP/EDT/Parfum (verificar),,,RASASI-AL-WISAM-EVENING-0477,,Catálogo de la casa / referencia de catálogo,,,,,,Referencia — revisar antes de publicar,
PERF-00479,Rasasi,Árabe,Al Wisam Pour Homme,EDP/EDT/Parfum (verificar),,,RASASI-AL-WISAM-POUR-HOMME-0478,,Catálogo de la casa / referencia de catálogo,,,,,,Referencia — revisar antes de publicar,
PERF-00480,Rasasi,Árabe,Al Wisam Pour Femme,EDP/EDT/Parfum (verificar),,,RASASI-AL-WISAM-POUR-FEMME-0479,,Catálogo de la casa / referencia de catálogo,,,,,,Referencia — revisar antes de publicar,
PERF-00481,Rasasi,Árabe,Al Oudh Al Mukhallat,EDP/EDT/Parfum (verificar),,,RASASI-AL-OUDH-AL-MUKHALLAT-0480,,Catálogo de la casa / referencia de catálogo,,,,,,Referencia — revisar antes de publicar,
PERF-00482,Rasasi,Árabe,Oudh Al Boruzz,EDP/EDT/Parfum (verificar),,,RASASI-OUDH-AL-BORUZZ-0481,,Catálogo de la casa / referencia de catálogo,,,,,,Referencia — revisar antes de publicar,
PERF-00483,Rasasi,Árabe,Oudh Al Mukhallat,EDP/EDT/Parfum (verificar),,,RASASI-OUDH-AL-MUKHALLAT-0482,,Catálogo de la casa / referencia de catálogo,,,,,,Referencia — revisar antes de publicar,
PERF-00484,Rasasi,Árabe,Oudh Al Misk,EDP/EDT/Parfum (verificar),,,RASASI-OUDH-AL-MISK-0483,,Catálogo de la casa / referencia de catálogo,,,,,,Referencia — revisar antes de publicar,
PERF-00485,Rasasi,Árabe,Blue Lady,EDP/EDT/Parfum (verificar),,,RASASI-BLUE-LADY-0484,,Catálogo de la casa / referencia de catálogo,,,,,,Referencia — revisar antes de publicar,
PERF-00486,Rasasi,Árabe,Chastity,EDP/EDT/Parfum (verificar),,,RASASI-CHASTITY-0485,,Catálogo de la casa / referencia de catálogo,,,,,,Referencia — revisar antes de publicar,
PERF-00487,Rasasi,Árabe,Emotion,EDP/EDT/Parfum (verificar),,,RASASI-EMOTION-0486,,Catálogo de la casa / referencia de catálogo,,,,,,Referencia — revisar antes de publicar,
PERF-00488,Rasasi,Árabe,Entebaa,EDP/EDT/Parfum (verificar),,,RASASI-ENTEBAA-0487,,Catálogo de la casa / referencia de catálogo,,,,,,Referencia — revisar antes de publicar,
PERF-00489,Rasasi,Árabe,Rumz Al Rasasi 9325 Pour Lui,EDP/EDT/Parfum (verificar),,,RASASI-RUMZ-AL-RASASI-9325-POUR-0488,,Catálogo de la casa / referencia de catálogo,,,,,,Referencia — revisar antes de publicar,
PERF-00490,Rasasi,Árabe,Rumz Al Rasasi 9325 Pour Elle,EDP/EDT/Parfum (verificar),,,RASASI-RUMZ-AL-RASASI-9325-POUR-0489,,Catálogo de la casa / referencia de catálogo,,,,,,Referencia — revisar antes de publicar,
PERF-00491,Rasasi,Árabe,Shaghaf,EDP/EDT/Parfum (verificar),,,RASASI-SHAGHAF-0490,,Catálogo de la casa / referencia de catálogo,,,,,,Referencia — revisar antes de publicar,
PERF-00492,Rasasi,Árabe,Janan Gold,EDP/EDT/Parfum (verificar),,,RASASI-JANAN-GOLD-0491,,Catálogo de la casa / referencia de catálogo,,,,,,Referencia — revisar antes de publicar,
PERF-00493,Rasasi,Árabe,Janan,EDP/EDT/Parfum (verificar),,,RASASI-JANAN-0492,,Catálogo de la casa / referencia de catálogo,,,,,,Referencia — revisar antes de publicar,
PERF-00494,Rasasi,Árabe,Janan Sport,EDP/EDT/Parfum (verificar),,,RASASI-JANAN-SPORT-0493,,Catálogo de la casa / referencia de catálogo,,,,,,Referencia — revisar antes de publicar,
PERF-00495,Rasasi,Árabe,Khaltat Al Khasa,EDP/EDT/Parfum (verificar),,,RASASI-KHALTAT-AL-KHASA-0494,,Catálogo de la casa / referencia de catálogo,,,,,,Referencia — revisar antes de publicar,
PERF-00496,Rasasi,Árabe,Khaltat Al Oudh,EDP/EDT/Parfum (verificar),,,RASASI-KHALTAT-AL-OUDH-0495,,Catálogo de la casa / referencia de catálogo,,,,,,Referencia — revisar antes de publicar,
PERF-00497,Rasasi,Árabe,Musk Hareemi,EDP/EDT/Parfum (verificar),,,RASASI-MUSK-HAREEMI-0496,,Catálogo de la casa / referencia de catálogo,,,,,,Referencia — revisar antes de publicar,
PERF-00498,Rasasi,Árabe,Musk Sharqi,EDP/EDT/Parfum (verificar),,,RASASI-MUSK-SHARQI-0497,,Catálogo de la casa / referencia de catálogo,,,,,,Referencia — revisar antes de publicar,
PERF-00499,Rasasi,Árabe,Musk Naqaya,EDP/EDT/Parfum (verificar),,,RASASI-MUSK-NAQAYA-0498,,Catálogo de la casa / referencia de catálogo,,,,,,Referencia — revisar antes de publicar,
PERF-00500,Rasasi,Árabe,Oud Al Mubakhar,EDP/EDT/Parfum (verificar),,,RASASI-OUD-AL-MUBAKHAR-0499,,Catálogo de la casa / referencia de catálogo,,,,,,Referencia — revisar antes de publicar,
PERF-00501,Rasasi,Árabe,Oud Al Boruzz Aswad,EDP/EDT/Parfum (verificar),,,RASASI-OUD-AL-BORUZZ-ASWAD-0500,,Catálogo de la casa / referencia de catálogo,,,,,,Referencia — revisar antes de publicar,
PERF-00502,Rasasi,Árabe,Oud Al Mubakhar Special,EDP/EDT/Parfum (verificar),,,RASASI-OUD-AL-MUBAKHAR-SPECIAL-0501,,Catálogo de la casa / referencia de catálogo,,,,,,Referencia — revisar antes de publicar,
PERF-00503,Rasasi,Árabe,Sultan Al Lail,EDP/EDT/Parfum (verificar),,,RASASI-SULTAN-AL-LAIL-0502,,Catálogo de la casa / referencia de catálogo,,,,,,Referencia — revisar antes de publicar,
PERF-00504,Rasasi,Árabe,Sultan Al Lail Attar,EDP/EDT/Parfum (verificar),,,RASASI-SULTAN-AL-LAIL-ATTAR-0503,,Catálogo de la casa / referencia de catálogo,,,,,,Referencia — revisar antes de publicar,
PERF-00505,Rasasi,Árabe,Dhan Al Oudh Al Nokhba,EDP/EDT/Parfum (verificar),,,RASASI-DHAN-AL-OUDH-AL-NOKHBA-0504,,Catálogo de la casa / referencia de catálogo,,,,,,Referencia — revisar antes de publicar,
PERF-00506,Rasasi,Árabe,Dhan Al Oudh Al Shuyukh,EDP/EDT/Parfum (verificar),,,RASASI-DHAN-AL-OUDH-AL-SHUYUKH-0505,,Catálogo de la casa / referencia de catálogo,,,,,,Referencia — revisar antes de publicar,
PERF-00507,Rasasi,Árabe,Al Ghalia,EDP/EDT/Parfum (verificar),,,RASASI-AL-GHALIA-0506,,Catálogo de la casa / referencia de catálogo,,,,,,Referencia — revisar antes de publicar,
PERF-00508,Rasasi,Árabe,Afshan,EDP/EDT/Parfum (verificar),,,RASASI-AFSHAN-0507,,Catálogo de la casa / referencia de catálogo,,,,,,Referencia — revisar antes de publicar,
PERF-00509,Rasasi,Árabe,Couture,EDP/EDT/Parfum (verificar),,,RASASI-COUTURE-0508,,Catálogo de la casa / referencia de catálogo,,,,,,Referencia — revisar antes de publicar,
PERF-00510,Rasasi,Árabe,Blue Lady EDP,EDP/EDT/Parfum (verificar),,,RASASI-BLUE-LADY-EDP-0509,,Catálogo de la casa / referencia de catálogo,,,,,,Referencia — revisar antes de publicar,
PERF-00511,Rasasi,Árabe,Qasamat Rasana EDP,EDP/EDT/Parfum (verificar),,,RASASI-QASAMAT-RASANA-EDP-0510,,Catálogo de la casa / referencia de catálogo,,,,,,Referencia — revisar antes de publicar,
PERF-00512,Rasasi,Árabe,Egra for Men,EDP/EDT/Parfum (verificar),,,RASASI-EGRA-FOR-MEN-0511,,Catálogo de la casa / referencia de catálogo,,,,,,Referencia — revisar antes de publicar,
PERF-00513,Rasasi,Árabe,Egra for Women,EDP/EDT/Parfum (verificar),,,RASASI-EGRA-FOR-WOMEN-0512,,Catálogo de la casa / referencia de catálogo,,,,,,Referencia — revisar antes de publicar,
PERF-00514,Al Haramain,Árabe,Amber Oud Gold Edition,EDP/EDT/Parfum (verificar),,,AL-HARAM-AMBER-OUD-GOLD-EDITION-0513,,Catálogo de la casa / referencia de catálogo,,,,,,Referencia — revisar antes de publicar,
PERF-00515,Al Haramain,Árabe,Amber Oud Gold Edition Extreme,EDP/EDT/Parfum (verificar),,,AL-HARAM-AMBER-OUD-GOLD-EDITION-E-0514,,Catálogo de la casa / referencia de catálogo,,,,,,Referencia — revisar antes de publicar,
PERF-00516,Al Haramain,Árabe,Amber Oud Tobacco Edition,EDP/EDT/Parfum (verificar),,,AL-HARAM-AMBER-OUD-TOBACCO-EDITIO-0515,,Catálogo de la casa / referencia de catálogo,,,,,,Referencia — revisar antes de publicar,
PERF-00517,Al Haramain,Árabe,Amber Oud Tobacco Edition Extreme,EDP/EDT/Parfum (verificar),,,AL-HARAM-AMBER-OUD-TOBACCO-EDITIO-0516,,Catálogo de la casa / referencia de catálogo,,,,,,Referencia — revisar antes de publicar,
PERF-00518,Al Haramain,Árabe,Amber Oud Rouge,EDP/EDT/Parfum (verificar),,,AL-HARAM-AMBER-OUD-ROUGE-0517,,Catálogo de la casa / referencia de catálogo,,,,,,Referencia — revisar antes de publicar,
PERF-00519,Al Haramain,Árabe,Amber Oud Carbon Edition,EDP/EDT/Parfum (verificar),,,AL-HARAM-AMBER-OUD-CARBON-EDITION-0518,,Catálogo de la casa / referencia de catálogo,,,,,,Referencia — revisar antes de publicar,
PERF-00520,Al Haramain,Árabe,Amber Oud Exclusif Bleu,EDP/EDT/Parfum (verificar),,,AL-HARAM-AMBER-OUD-EXCLUSIF-BLEU-0519,,Catálogo de la casa / referencia de catálogo,,,,,,Referencia — revisar antes de publicar,
PERF-00521,Al Haramain,Árabe,Amber Oud Exclusif Gold,EDP/EDT/Parfum (verificar),,,AL-HARAM-AMBER-OUD-EXCLUSIF-GOLD-0520,,Catálogo de la casa / referencia de catálogo,,,,,,Referencia — revisar antes de publicar,
PERF-00522,Al Haramain,Árabe,Amber Oud Ruby Edition,EDP/EDT/Parfum (verificar),,,AL-HARAM-AMBER-OUD-RUBY-EDITION-0521,,Catálogo de la casa / referencia de catálogo,,,,,,Referencia — revisar antes de publicar,
PERF-00523,Al Haramain,Árabe,Amber Oud Aqua Dubai,EDP/EDT/Parfum (verificar),,,AL-HARAM-AMBER-OUD-AQUA-DUBAI-0522,,Catálogo de la casa / referencia de catálogo,,,,,,Referencia — revisar antes de publicar,
PERF-00524,Al Haramain,Árabe,Amber Oud Dubai Night,EDP/EDT/Parfum (verificar),,,AL-HARAM-AMBER-OUD-DUBAI-NIGHT-0523,,Catálogo de la casa / referencia de catálogo,,,,,,Referencia — revisar antes de publicar,
PERF-00525,Al Haramain,Árabe,Amber Oud Black Edition,EDP/EDT/Parfum (verificar),,,AL-HARAM-AMBER-OUD-BLACK-EDITION-0524,,Catálogo de la casa / referencia de catálogo,,,,,,Referencia — revisar antes de publicar,
PERF-00526,Al Haramain,Árabe,Amber Oud Private Edition,EDP/EDT/Parfum (verificar),,,AL-HARAM-AMBER-OUD-PRIVATE-EDITIO-0525,,Catálogo de la casa / referencia de catálogo,,,,,,Referencia — revisar antes de publicar,
PERF-00527,Al Haramain,Árabe,Detour Noir,EDP/EDT/Parfum (verificar),,,AL-HARAM-DETOUR-NOIR-0526,,Catálogo de la casa / referencia de catálogo,,,,,,Referencia — revisar antes de publicar,
PERF-00528,Al Haramain,Árabe,Detour Rouge,EDP/EDT/Parfum (verificar),,,AL-HARAM-DETOUR-ROUGE-0527,,Catálogo de la casa / referencia de catálogo,,,,,,Referencia — revisar antes de publicar,
PERF-00529,Al Haramain,Árabe,Detour Eco,EDP/EDT/Parfum (verificar),,,AL-HARAM-DETOUR-ECO-0528,,Catálogo de la casa / referencia de catálogo,,,,,,Referencia — revisar antes de publicar,
PERF-00530,Al Haramain,Árabe,L'Aventure,EDP/EDT/Parfum (verificar),,,AL-HARAM-L-AVENTURE-0529,,Catálogo de la casa / referencia de catálogo,,,,,,Referencia — revisar antes de publicar,
PERF-00531,Al Haramain,Árabe,L'Aventure Knight,EDP/EDT/Parfum (verificar),,,AL-HARAM-L-AVENTURE-KNIGHT-0530,,Catálogo de la casa / referencia de catálogo,,,,,,Referencia — revisar antes de publicar,
PERF-00532,Al Haramain,Árabe,L'Aventure Femme,EDP/EDT/Parfum (verificar),,,AL-HARAM-L-AVENTURE-FEMME-0531,,Catálogo de la casa / referencia de catálogo,,,,,,Referencia — revisar antes de publicar,
PERF-00533,Al Haramain,Árabe,L'Aventure Intense,EDP/EDT/Parfum (verificar),,,AL-HARAM-L-AVENTURE-INTENSE-0532,,Catálogo de la casa / referencia de catálogo,,,,,,Referencia — revisar antes de publicar,
PERF-00534,Al Haramain,Árabe,Portfolio Neroli Canvas,EDP/EDT/Parfum (verificar),,,AL-HARAM-PORTFOLIO-NEROLI-CANVAS-0533,,Catálogo de la casa / referencia de catálogo,,,,,,Referencia — revisar antes de publicar,
PERF-00535,Al Haramain,Árabe,Portfolio Royale Stallion,EDP/EDT/Parfum (verificar),,,AL-HARAM-PORTFOLIO-ROYALE-STALLIO-0534,,Catálogo de la casa / referencia de catálogo,,,,,,Referencia — revisar antes de publicar,
PERF-00536,Al Haramain,Árabe,Portfolio Euphoric Roots,EDP/EDT/Parfum (verificar),,,AL-HARAM-PORTFOLIO-EUPHORIC-ROOTS-0535,,Catálogo de la casa / referencia de catálogo,,,,,,Referencia — revisar antes de publicar,
PERF-00537,Al Haramain,Árabe,Portfolio Amber Grand,EDP/EDT/Parfum (verificar),,,AL-HARAM-PORTFOLIO-AMBER-GRAND-0536,,Catálogo de la casa / referencia de catálogo,,,,,,Referencia — revisar antes de publicar,
PERF-00538,Al Haramain,Árabe,Portfolio Floral Sculpture,EDP/EDT/Parfum (verificar),,,AL-HARAM-PORTFOLIO-FLORAL-SCULPTU-0537,,Catálogo de la casa / referencia de catálogo,,,,,,Referencia — revisar antes de publicar,
PERF-00539,Al Haramain,Árabe,Détour Noir Exclusif,EDP/EDT/Parfum (verificar),,,AL-HARAM-D-TOUR-NOIR-EXCLUSIF-0538,,Catálogo de la casa / referencia de catálogo,,,,,,Referencia — revisar antes de publicar,
PERF-00540,Al Haramain,Árabe,Oudh 36 Nuit,EDP/EDT/Parfum (verificar),,,AL-HARAM-OUDH-36-NUIT-0539,,Catálogo de la casa / referencia de catálogo,,,,,,Referencia — revisar antes de publicar,
PERF-00541,Al Haramain,Árabe,Oudh 36 Shahd,EDP/EDT/Parfum (verificar),,,AL-HARAM-OUDH-36-SHAHD-0540,,Catálogo de la casa / referencia de catálogo,,,,,,Referencia — revisar antes de publicar,
PERF-00542,Al Haramain,Árabe,Oudh 36 Roub,EDP/EDT/Parfum (verificar),,,AL-HARAM-OUDH-36-ROUB-0541,,Catálogo de la casa / referencia de catálogo,,,,,,Referencia — revisar antes de publicar,
PERF-00543,Al Haramain,Árabe,Areej Al Oud,EDP/EDT/Parfum (verificar),,,AL-HARAM-AREEJ-AL-OUD-0542,,Catálogo de la casa / referencia de catálogo,,,,,,Referencia — revisar antes de publicar,
PERF-00544,Al Haramain,Árabe,Junoon Noir,EDP/EDT/Parfum (verificar),,,AL-HARAM-JUNOON-NOIR-0543,,Catálogo de la casa / referencia de catálogo,,,,,,Referencia — revisar antes de publicar,
PERF-00545,Al Haramain,Árabe,Junoon Oud,EDP/EDT/Parfum (verificar),,,AL-HARAM-JUNOON-OUD-0544,,Catálogo de la casa / referencia de catálogo,,,,,,Referencia — revisar antes de publicar,
PERF-00546,Al Haramain,Árabe,L'Aventure Blanche,EDP/EDT/Parfum (verificar),,,AL-HARAM-L-AVENTURE-BLANCHE-0545,,Catálogo de la casa / referencia de catálogo,,,,,,Referencia — revisar antes de publicar,
PERF-00547,Al Haramain,Árabe,L'Aventure Silver,EDP/EDT/Parfum (verificar),,,AL-HARAM-L-AVENTURE-SILVER-0546,,Catálogo de la casa / referencia de catálogo,,,,,,Referencia — revisar antes de publicar,
PERF-00548,Al Haramain,Árabe,Al Haramain Signature Blue,EDP/EDT/Parfum (verificar),,,AL-HARAM-AL-HARAMAIN-SIGNATURE-BL-0547,,Catálogo de la casa / referencia de catálogo,,,,,,Referencia — revisar antes de publicar,
PERF-00549,Al Haramain,Árabe,Al Haramain Signature Red,EDP/EDT/Parfum (verificar),,,AL-HARAM-AL-HARAMAIN-SIGNATURE-RE-0548,,Catálogo de la casa / referencia de catálogo,,,,,,Referencia — revisar antes de publicar,
PERF-00550,Al Haramain,Árabe,Al Haramain Sheikh,EDP/EDT/Parfum (verificar),,,AL-HARAM-AL-HARAMAIN-SHEIKH-0549,,Catálogo de la casa / referencia de catálogo,,,,,,Referencia — revisar antes de publicar,
PERF-00551,Al Haramain,Árabe,Manege Rouge,EDP/EDT/Parfum (verificar),,,AL-HARAM-MANEGE-ROUGE-0550,,Catálogo de la casa / referencia de catálogo,,,,,,Referencia — revisar antes de publicar,
PERF-00552,Al Haramain,Árabe,Manege Rouge Gold,EDP/EDT/Parfum (verificar),,,AL-HARAM-MANEGE-ROUGE-GOLD-0551,,Catálogo de la casa / referencia de catálogo,,,,,,Referencia — revisar antes de publicar,
PERF-00553,Al Haramain,Árabe,Urbanist,EDP/EDT/Parfum (verificar),,,AL-HARAM-URBANIST-0552,,Catálogo de la casa / referencia de catálogo,,,,,,Referencia — revisar antes de publicar,
PERF-00554,Al Haramain,Árabe,Mystique Femme,EDP/EDT/Parfum (verificar),,,AL-HARAM-MYSTIQUE-FEMME-0553,,Catálogo de la casa / referencia de catálogo,,,,,,Referencia — revisar antes de publicar,
PERF-00555,Al Haramain,Árabe,Mystique Homme,EDP/EDT/Parfum (verificar),,,AL-HARAM-MYSTIQUE-HOMME-0554,,Catálogo de la casa / referencia de catálogo,,,,,,Referencia — revisar antes de publicar,
PERF-00556,Al Haramain,Árabe,Rawaa,EDP/EDT/Parfum (verificar),,,AL-HARAM-RAWAA-0555,,Catálogo de la casa / referencia de catálogo,,,,,,Referencia — revisar antes de publicar,
PERF-00557,Al Haramain,Árabe,Musk Maliki,EDP/EDT/Parfum (verificar),,,AL-HARAM-MUSK-MALIKI-0556,,Catálogo de la casa / referencia de catálogo,,,,,,Referencia — revisar antes de publicar,
PERF-00558,Al Haramain,Árabe,Musk Al Ghazal,EDP/EDT/Parfum (verificar),,,AL-HARAM-MUSK-AL-GHAZAL-0557,,Catálogo de la casa / referencia de catálogo,,,,,,Referencia — revisar antes de publicar,
PERF-00559,Al Haramain,Árabe,Jameela,EDP/EDT/Parfum (verificar),,,AL-HARAM-JAMEELA-0558,,Catálogo de la casa / referencia de catálogo,,,,,,Referencia — revisar antes de publicar,
PERF-00560,Al Haramain,Árabe,Janan,EDP/EDT/Parfum (verificar),,,AL-HARAM-JANAN-0559,,Catálogo de la casa / referencia de catálogo,,,,,,Referencia — revisar antes de publicar,
PERF-00561,Al Haramain,Árabe,Jorge Di Profumo,EDP/EDT/Parfum (verificar),,,AL-HARAM-JORGE-DI-PROFUMO-0560,,Catálogo de la casa / referencia de catálogo,,,,,,Referencia — revisar antes de publicar,
PERF-00562,Al Haramain,Árabe,Amber Oud Elixir,EDP/EDT/Parfum (verificar),,,AL-HARAM-AMBER-OUD-ELIXIR-0561,,Catálogo de la casa / referencia de catálogo,,,,,,Referencia — revisar antes de publicar,
PERF-00563,Swiss Arabian,Árabe,Shaghaf Oud,EDP/EDT/Parfum (verificar),,,SWISS-AR-SHAGHAF-OUD-0562,,Catálogo de la casa / referencia de catálogo,,,,,,Referencia — revisar antes de publicar,
PERF-00564,Swiss Arabian,Árabe,Shaghaf Oud Aswad,EDP/EDT/Parfum (verificar),,,SWISS-AR-SHAGHAF-OUD-ASWAD-0563,,Catálogo de la casa / referencia de catálogo,,,,,,Referencia — revisar antes de publicar,
PERF-00565,Swiss Arabian,Árabe,Shaghaf Oud Ahmar,EDP/EDT/Parfum (verificar),,,SWISS-AR-SHAGHAF-OUD-AHMAR-0564,,Catálogo de la casa / referencia de catálogo,,,,,,Referencia — revisar antes de publicar,
PERF-00566,Swiss Arabian,Árabe,Shaghaf Oud Tonka,EDP/EDT/Parfum (verificar),,,SWISS-AR-SHAGHAF-OUD-TONKA-0565,,Catálogo de la casa / referencia de catálogo,,,,,,Referencia — revisar antes de publicar,
PERF-00567,Swiss Arabian,Árabe,Shaghaf Oud Abyad,EDP/EDT/Parfum (verificar),,,SWISS-AR-SHAGHAF-OUD-ABYAD-0566,,Catálogo de la casa / referencia de catálogo,,,,,,Referencia — revisar antes de publicar,
PERF-00568,Swiss Arabian,Árabe,Shaghaf Pour Femme,EDP/EDT/Parfum (verificar),,,SWISS-AR-SHAGHAF-POUR-FEMME-0567,,Catálogo de la casa / referencia de catálogo,,,,,,Referencia — revisar antes de publicar,
PERF-00569,Swiss Arabian,Árabe,Shaghaf Men,EDP/EDT/Parfum (verificar),,,SWISS-AR-SHAGHAF-MEN-0568,,Catálogo de la casa / referencia de catálogo,,,,,,Referencia — revisar antes de publicar,
PERF-00570,Swiss Arabian,Árabe,Shaghaf Oud Azraq,EDP/EDT/Parfum (verificar),,,SWISS-AR-SHAGHAF-OUD-AZRAQ-0569,,Catálogo de la casa / referencia de catálogo,,,,,,Referencia — revisar antes de publicar,
PERF-00571,Swiss Arabian,Árabe,Shaghaf Oud Royale,EDP/EDT/Parfum (verificar),,,SWISS-AR-SHAGHAF-OUD-ROYALE-0570,,Catálogo de la casa / referencia de catálogo,,,,,,Referencia — revisar antes de publicar,
PERF-00572,Swiss Arabian,Árabe,Layali Rouge,EDP/EDT/Parfum (verificar),,,SWISS-AR-LAYALI-ROUGE-0571,,Catálogo de la casa / referencia de catálogo,,,,,,Referencia — revisar antes de publicar,
PERF-00573,Swiss Arabian,Árabe,Layali El Rashid,EDP/EDT/Parfum (verificar),,,SWISS-AR-LAYALI-EL-RASHID-0572,,Catálogo de la casa / referencia de catálogo,,,,,,Referencia — revisar antes de publicar,
PERF-00574,Swiss Arabian,Árabe,Layali,EDP/EDT/Parfum (verificar),,,SWISS-AR-LAYALI-0573,,Catálogo de la casa / referencia de catálogo,,,,,,Referencia — revisar antes de publicar,
PERF-00575,Swiss Arabian,Árabe,Casablanca,EDP/EDT/Parfum (verificar),,,SWISS-AR-CASABLANCA-0574,,Catálogo de la casa / referencia de catálogo,,,,,,Referencia — revisar antes de publicar,
PERF-00576,Swiss Arabian,Árabe,Private Oud,EDP/EDT/Parfum (verificar),,,SWISS-AR-PRIVATE-OUD-0575,,Catálogo de la casa / referencia de catálogo,,,,,,Referencia — revisar antes de publicar,
PERF-00577,Swiss Arabian,Árabe,Private Oud Intense,EDP/EDT/Parfum (verificar),,,SWISS-AR-PRIVATE-OUD-INTENSE-0576,,Catálogo de la casa / referencia de catálogo,,,,,,Referencia — revisar antes de publicar,
PERF-00578,Swiss Arabian,Árabe,Edge Intense,EDP/EDT/Parfum (verificar),,,SWISS-AR-EDGE-INTENSE-0577,,Catálogo de la casa / referencia de catálogo,,,,,,Referencia — revisar antes de publicar,
PERF-00579,Swiss Arabian,Árabe,Edge Pour Homme,EDP/EDT/Parfum (verificar),,,SWISS-AR-EDGE-POUR-HOMME-0578,,Catálogo de la casa / referencia de catálogo,,,,,,Referencia — revisar antes de publicar,
PERF-00580,Swiss Arabian,Árabe,Pure Instinct,EDP/EDT/Parfum (verificar),,,SWISS-AR-PURE-INSTINCT-0579,,Catálogo de la casa / referencia de catálogo,,,,,,Referencia — revisar antes de publicar,
PERF-00581,Swiss Arabian,Árabe,Musk 07,EDP/EDT/Parfum (verificar),,,SWISS-AR-MUSK-07-0580,,Catálogo de la casa / referencia de catálogo,,,,,,Referencia — revisar antes de publicar,
PERF-00582,Swiss Arabian,Árabe,Oud 07,EDP/EDT/Parfum (verificar),,,SWISS-AR-OUD-07-0581,,Catálogo de la casa / referencia de catálogo,,,,,,Referencia — revisar antes de publicar,
PERF-00583,Swiss Arabian,Árabe,Primal Code,EDP/EDT/Parfum (verificar),,,SWISS-AR-PRIMAL-CODE-0582,,Catálogo de la casa / referencia de catálogo,,,,,,Referencia — revisar antes de publicar,
PERF-00584,Swiss Arabian,Árabe,Gharaam,EDP/EDT/Parfum (verificar),,,SWISS-AR-GHARAAM-0583,,Catálogo de la casa / referencia de catálogo,,,,,,Referencia — revisar antes de publicar,
PERF-00585,Swiss Arabian,Árabe,Hamsah,EDP/EDT/Parfum (verificar),,,SWISS-AR-HAMSAH-0584,,Catálogo de la casa / referencia de catálogo,,,,,,Referencia — revisar antes de publicar,
PERF-00586,Swiss Arabian,Árabe,Jannet El Firdaus,EDP/EDT/Parfum (verificar),,,SWISS-AR-JANNET-EL-FIRDAUS-0585,,Catálogo de la casa / referencia de catálogo,,,,,,Referencia — revisar antes de publicar,
PERF-00587,Swiss Arabian,Árabe,Musk Malaki,EDP/EDT/Parfum (verificar),,,SWISS-AR-MUSK-MALAKI-0586,,Catálogo de la casa / referencia de catálogo,,,,,,Referencia — revisar antes de publicar,
PERF-00588,Swiss Arabian,Árabe,Oud Maknoon,EDP/EDT/Parfum (verificar),,,SWISS-AR-OUD-MAKNOON-0587,,Catálogo de la casa / referencia de catálogo,,,,,,Referencia — revisar antes de publicar,
PERF-00589,Swiss Arabian,Árabe,Oud Muattar,EDP/EDT/Parfum (verificar),,,SWISS-AR-OUD-MUATTAR-0588,,Catálogo de la casa / referencia de catálogo,,,,,,Referencia — revisar antes de publicar,
PERF-00590,Swiss Arabian,Árabe,Sehr Al Sheila,EDP/EDT/Parfum (verificar),,,SWISS-AR-SEHR-AL-SHEILA-0589,,Catálogo de la casa / referencia de catálogo,,,,,,Referencia — revisar antes de publicar,
PERF-00591,Swiss Arabian,Árabe,Amaali,EDP/EDT/Parfum (verificar),,,SWISS-AR-AMAALI-0590,,Catálogo de la casa / referencia de catálogo,,,,,,Referencia — revisar antes de publicar,
PERF-00592,Swiss Arabian,Árabe,Intense Pride,EDP/EDT/Parfum (verificar),,,SWISS-AR-INTENSE-PRIDE-0591,,Catálogo de la casa / referencia de catálogo,,,,,,Referencia — revisar antes de publicar,
PERF-00593,Swiss Arabian,Árabe,Valencia,EDP/EDT/Parfum (verificar),,,SWISS-AR-VALENCIA-0592,,Catálogo de la casa / referencia de catálogo,,,,,,Referencia — revisar antes de publicar,
PERF-00594,Swiss Arabian,Árabe,Daeeman,EDP/EDT/Parfum (verificar),,,SWISS-AR-DAEEMAN-0593,,Catálogo de la casa / referencia de catálogo,,,,,,Referencia — revisar antes de publicar,
PERF-00595,Swiss Arabian,Árabe,Musk 74,EDP/EDT/Parfum (verificar),,,SWISS-AR-MUSK-74-0594,,Catálogo de la casa / referencia de catálogo,,,,,,Referencia — revisar antes de publicar,
PERF-00596,Swiss Arabian,Árabe,Arabian Knight,EDP/EDT/Parfum (verificar),,,SWISS-AR-ARABIAN-KNIGHT-0595,,Catálogo de la casa / referencia de catálogo,,,,,,Referencia — revisar antes de publicar,
PERF-00597,Swiss Arabian,Árabe,Shaghaf Oud Tonka Intense,EDP/EDT/Parfum (verificar),,,SWISS-AR-SHAGHAF-OUD-TONKA-INTENS-0596,,Catálogo de la casa / referencia de catálogo,,,,,,Referencia — revisar antes de publicar,
PERF-00598,Swiss Arabian,Árabe,Shaghaf Oud Elixir,EDP/EDT/Parfum (verificar),,,SWISS-AR-SHAGHAF-OUD-ELIXIR-0597,,Catálogo de la casa / referencia de catálogo,,,,,,Referencia — revisar antes de publicar,
PERF-00599,Swiss Arabian,Árabe,Hawas-inspired?,EDP/EDT/Parfum (verificar),,,SWISS-AR-HAWAS-INSPIRED-0598,,Catálogo de la casa / referencia de catálogo,,,,,,Referencia — revisar antes de publicar,
PERF-00600,Ajmal,Árabe,Amber Wood,EDP/EDT/Parfum (verificar),,,AJMAL-AMBER-WOOD-0599,,Catálogo de la casa / referencia de catálogo,,,,,,Referencia — revisar antes de publicar,
PERF-00601,Ajmal,Árabe,Amber Wood Noir,EDP/EDT/Parfum (verificar),,,AJMAL-AMBER-WOOD-NOIR-0600,,Catálogo de la casa / referencia de catálogo,,,,,,Referencia — revisar antes de publicar,
PERF-00602,Ajmal,Árabe,Amber Musc,EDP/EDT/Parfum (verificar),,,AJMAL-AMBER-MUSC-0601,,Catálogo de la casa / referencia de catálogo,,,,,,Referencia — revisar antes de publicar,
PERF-00603,Ajmal,Árabe,Evocative Oudh,EDP/EDT/Parfum (verificar),,,AJMAL-EVOCATIVE-OUDH-0602,,Catálogo de la casa / referencia de catálogo,,,,,,Referencia — revisar antes de publicar,
PERF-00604,Ajmal,Árabe,Wisdom,EDP/EDT/Parfum (verificar),,,AJMAL-WISDOM-0603,,Catálogo de la casa / referencia de catálogo,,,,,,Referencia — revisar antes de publicar,
PERF-00605,Ajmal,Árabe,Aristocrat,EDP/EDT/Parfum (verificar),,,AJMAL-ARISTOCRAT-0604,,Catálogo de la casa / referencia de catálogo,,,,,,Referencia — revisar antes de publicar,
PERF-00606,Ajmal,Árabe,Aristocrat for Her,EDP/EDT/Parfum (verificar),,,AJMAL-ARISTOCRAT-FOR-HER-0605,,Catálogo de la casa / referencia de catálogo,,,,,,Referencia — revisar antes de publicar,
PERF-00607,Ajmal,Árabe,Kuro,EDP/EDT/Parfum (verificar),,,AJMAL-KURO-0606,,Catálogo de la casa / referencia de catálogo,,,,,,Referencia — revisar antes de publicar,
PERF-00608,Ajmal,Árabe,Silver Shade,EDP/EDT/Parfum (verificar),,,AJMAL-SILVER-SHADE-0607,,Catálogo de la casa / referencia de catálogo,,,,,,Referencia — revisar antes de publicar,
PERF-00609,Ajmal,Árabe,Blu,EDP/EDT/Parfum (verificar),,,AJMAL-BLU-0608,,Catálogo de la casa / referencia de catálogo,,,,,,Referencia — revisar antes de publicar,
PERF-00610,Ajmal,Árabe,Carbon,EDP/EDT/Parfum (verificar),,,AJMAL-CARBON-0609,,Catálogo de la casa / referencia de catálogo,,,,,,Referencia — revisar antes de publicar,
PERF-00611,Ajmal,Árabe,Evoke Gold for Him,EDP/EDT/Parfum (verificar),,,AJMAL-EVOKE-GOLD-FOR-HIM-0610,,Catálogo de la casa / referencia de catálogo,,,,,,Referencia — revisar antes de publicar,
PERF-00612,Ajmal,Árabe,Evoke Gold for Her,EDP/EDT/Parfum (verificar),,,AJMAL-EVOKE-GOLD-FOR-HER-0611,,Catálogo de la casa / referencia de catálogo,,,,,,Referencia — revisar antes de publicar,
PERF-00613,Ajmal,Árabe,Raindrops,EDP/EDT/Parfum (verificar),,,AJMAL-RAINDROPS-0612,,Catálogo de la casa / referencia de catálogo,,,,,,Referencia — revisar antes de publicar,
PERF-00614,Ajmal,Árabe,Sacrifice for Her,EDP/EDT/Parfum (verificar),,,AJMAL-SACRIFICE-FOR-HER-0613,,Catálogo de la casa / referencia de catálogo,,,,,,Referencia — revisar antes de publicar,
PERF-00615,Ajmal,Árabe,Sacrifice II for Her,EDP/EDT/Parfum (verificar),,,AJMAL-SACRIFICE-II-FOR-HER-0614,,Catálogo de la casa / referencia de catálogo,,,,,,Referencia — revisar antes de publicar,
PERF-00616,Ajmal,Árabe,Dahn Al Oudh Moattaq,EDP/EDT/Parfum (verificar),,,AJMAL-DAHN-AL-OUDH-MOATTAQ-0615,,Catálogo de la casa / referencia de catálogo,,,,,,Referencia — revisar antes de publicar,
PERF-00617,Ajmal,Árabe,Dahn Al Oudh Cambodi,EDP/EDT/Parfum (verificar),,,AJMAL-DAHN-AL-OUDH-CAMBODI-0616,,Catálogo de la casa / referencia de catálogo,,,,,,Referencia — revisar antes de publicar,
PERF-00618,Ajmal,Árabe,Dahn Al Oudh Abiyad,EDP/EDT/Parfum (verificar),,,AJMAL-DAHN-AL-OUDH-ABIYAD-0617,,Catálogo de la casa / referencia de catálogo,,,,,,Referencia — revisar antes de publicar,
PERF-00619,Ajmal,Árabe,Mukhallat Dahn Al Oudh Moattaq,EDP/EDT/Parfum (verificar),,,AJMAL-MUKHALLAT-DAHN-AL-OUDH-M-0618,,Catálogo de la casa / referencia de catálogo,,,,,,Referencia — revisar antes de publicar,
PERF-00620,Ajmal,Árabe,Musk Rose,EDP/EDT/Parfum (verificar),,,AJMAL-MUSK-ROSE-0619,,Catálogo de la casa / referencia de catálogo,,,,,,Referencia — revisar antes de publicar,
PERF-00621,Ajmal,Árabe,Musk Silk,EDP/EDT/Parfum (verificar),,,AJMAL-MUSK-SILK-0620,,Catálogo de la casa / referencia de catálogo,,,,,,Referencia — revisar antes de publicar,
PERF-00622,Ajmal,Árabe,Musk Rose Special,EDP/EDT/Parfum (verificar),,,AJMAL-MUSK-ROSE-SPECIAL-0621,,Catálogo de la casa / referencia de catálogo,,,,,,Referencia — revisar antes de publicar,
PERF-00623,Ajmal,Árabe,Amber Santal,EDP/EDT/Parfum (verificar),,,AJMAL-AMBER-SANTAL-0622,,Catálogo de la casa / referencia de catálogo,,,,,,Referencia — revisar antes de publicar,
PERF-00624,Ajmal,Árabe,Amber Poivre,EDP/EDT/Parfum (verificar),,,AJMAL-AMBER-POIVRE-0623,,Catálogo de la casa / referencia de catálogo,,,,,,Referencia — revisar antes de publicar,
PERF-00625,Ajmal,Árabe,Amber Zest,EDP/EDT/Parfum (verificar),,,AJMAL-AMBER-ZEST-0624,,Catálogo de la casa / referencia de catálogo,,,,,,Referencia — revisar antes de publicar,
PERF-00626,Ajmal,Árabe,Wisal,EDP/EDT/Parfum (verificar),,,AJMAL-WISAL-0625,,Catálogo de la casa / referencia de catálogo,,,,,,Referencia — revisar antes de publicar,
PERF-00627,Ajmal,Árabe,Wisal Dhahab,EDP/EDT/Parfum (verificar),,,AJMAL-WISAL-DHAHAB-0626,,Catálogo de la casa / referencia de catálogo,,,,,,Referencia — revisar antes de publicar,
PERF-00628,Ajmal,Árabe,Wisal Dhabab,EDP/EDT/Parfum (verificar),,,AJMAL-WISAL-DHABAB-0627,,Catálogo de la casa / referencia de catálogo,,,,,,Referencia — revisar antes de publicar,
PERF-00629,Ajmal,Árabe,Shadow Noir,EDP/EDT/Parfum (verificar),,,AJMAL-SHADOW-NOIR-0628,,Catálogo de la casa / referencia de catálogo,,,,,,Referencia — revisar antes de publicar,
PERF-00630,Ajmal,Árabe,Shadow II,EDP/EDT/Parfum (verificar),,,AJMAL-SHADOW-II-0629,,Catálogo de la casa / referencia de catálogo,,,,,,Referencia — revisar antes de publicar,
PERF-00631,Ajmal,Árabe,Shadow for Him,EDP/EDT/Parfum (verificar),,,AJMAL-SHADOW-FOR-HIM-0630,,Catálogo de la casa / referencia de catálogo,,,,,,Referencia — revisar antes de publicar,
PERF-00632,Ajmal,Árabe,Shadow for Her,EDP/EDT/Parfum (verificar),,,AJMAL-SHADOW-FOR-HER-0631,,Catálogo de la casa / referencia de catálogo,,,,,,Referencia — revisar antes de publicar,
PERF-00633,Ajmal,Árabe,Aurum,EDP/EDT/Parfum (verificar),,,AJMAL-AURUM-0632,,Catálogo de la casa / referencia de catálogo,,,,,,Referencia — revisar antes de publicar,
PERF-00634,Ajmal,Árabe,Aurum Summer,EDP/EDT/Parfum (verificar),,,AJMAL-AURUM-SUMMER-0633,,Catálogo de la casa / referencia de catálogo,,,,,,Referencia — revisar antes de publicar,
PERF-00635,Ajmal,Árabe,Senora,EDP/EDT/Parfum (verificar),,,AJMAL-SENORA-0634,,Catálogo de la casa / referencia de catálogo,,,,,,Referencia — revisar antes de publicar,
PERF-00636,Ajmal,Árabe,Sacred Love,EDP/EDT/Parfum (verificar),,,AJMAL-SACRED-LOVE-0635,,Catálogo de la casa / referencia de catálogo,,,,,,Referencia — revisar antes de publicar,
PERF-00637,Ajmal,Árabe,Entice,EDP/EDT/Parfum (verificar),,,AJMAL-ENTICE-0636,,Catálogo de la casa / referencia de catálogo,,,,,,Referencia — revisar antes de publicar,
PERF-00638,Ajmal,Árabe,Evoke Midnight Edition,EDP/EDT/Parfum (verificar),,,AJMAL-EVOKE-MIDNIGHT-EDITION-0637,,Catálogo de la casa / referencia de catálogo,,,,,,Referencia — revisar antes de publicar,
PERF-00639,Ajmal,Árabe,Evoke Silver Edition,EDP/EDT/Parfum (verificar),,,AJMAL-EVOKE-SILVER-EDITION-0638,,Catálogo de la casa / referencia de catálogo,,,,,,Referencia — revisar antes de publicar,
PERF-00640,Ajmal,Árabe,Mukhallat Shams,EDP/EDT/Parfum (verificar),,,AJMAL-MUKHALLAT-SHAMS-0639,,Catálogo de la casa / referencia de catálogo,,,,,,Referencia — revisar antes de publicar,
PERF-00641,Ajmal,Árabe,Oud Mukhallat,EDP/EDT/Parfum (verificar),,,AJMAL-OUD-MUKHALLAT-0640,,Catálogo de la casa / referencia de catálogo,,,,,,Referencia — revisar antes de publicar,
PERF-00642,Ajmal,Árabe,Oud 24 Hours,EDP/EDT/Parfum (verificar),,,AJMAL-OUD-24-HOURS-0641,,Catálogo de la casa / referencia de catálogo,,,,,,Referencia — revisar antes de publicar,
PERF-00643,Ajmal,Árabe,Qasamat Ebhar,EDP/EDT/Parfum (verificar),,,AJMAL-QASAMAT-EBHAR-0642,,Catálogo de la casa / referencia de catálogo,,,,,,Referencia — revisar antes de publicar,
PERF-00644,Ajmal,Árabe,Mizyaan,EDP/EDT/Parfum (verificar),,,AJMAL-MIZYAAN-0643,,Catálogo de la casa / referencia de catálogo,,,,,,Referencia — revisar antes de publicar,
PERF-00645,Ajmal,Árabe,Evoke Gold,EDP/EDT/Parfum (verificar),,,AJMAL-EVOKE-GOLD-0644,,Catálogo de la casa / referencia de catálogo,,,,,,Referencia — revisar antes de publicar,
PERF-00646,Ajmal,Árabe,Evoke Silver,EDP/EDT/Parfum (verificar),,,AJMAL-EVOKE-SILVER-0645,,Catálogo de la casa / referencia de catálogo,,,,,,Referencia — revisar antes de publicar,
PERF-00647,Ajmal,Árabe,Renata,EDP/EDT/Parfum (verificar),,,AJMAL-RENATA-0646,,Catálogo de la casa / referencia de catálogo,,,,,,Referencia — revisar antes de publicar,
PERF-00648,Ajmal,Árabe,Hatkora Wood,EDP/EDT/Parfum (verificar),,,AJMAL-HATKORA-WOOD-0647,,Catálogo de la casa / referencia de catálogo,,,,,,Referencia — revisar antes de publicar,
PERF-00649,Ajmal,Árabe,Chemystery,EDP/EDT/Parfum (verificar),,,AJMAL-CHEMYSTERY-0648,,Catálogo de la casa / referencia de catálogo,,,,,,Referencia — revisar antes de publicar,
PERF-00650,Ajmal,Árabe,Yearn,EDP/EDT/Parfum (verificar),,,AJMAL-YEARN-0649,,Catálogo de la casa / referencia de catálogo,,,,,,Referencia — revisar antes de publicar,
PERF-00651,Ajmal,Árabe,Mukhallat,EDP/EDT/Parfum (verificar),,,AJMAL-MUKHALLAT-0650,,Catálogo de la casa / referencia de catálogo,,,,,,Referencia — revisar antes de publicar,
PERF-00652,Ajmal,Árabe,Dahn Al Oudh Kalimati,EDP/EDT/Parfum (verificar),,,AJMAL-DAHN-AL-OUDH-KALIMATI-0651,,Catálogo de la casa / referencia de catálogo,,,,,,Referencia — revisar antes de publicar,
PERF-00653,Khadlaj,Árabe,Shiyaaka Blue,EDP/EDT/Parfum (verificar),,,KHADLAJ-SHIYAAKA-BLUE-0652,,Catálogo de la casa / referencia de catálogo,,,,,,Referencia — revisar antes de publicar,
PERF-00654,Khadlaj,Árabe,Shiyaaka Women,EDP/EDT/Parfum (verificar),,,KHADLAJ-SHIYAAKA-WOMEN-0653,,Catálogo de la casa / referencia de catálogo,,,,,,Referencia — revisar antes de publicar,
PERF-00655,Khadlaj,Árabe,Island,EDP/EDT/Parfum (verificar),,,KHADLAJ-ISLAND-0654,,Catálogo de la casa / referencia de catálogo,,,,,,Referencia — revisar antes de publicar,
PERF-00656,Khadlaj,Árabe,Island Vanilla,EDP/EDT/Parfum (verificar),,,KHADLAJ-ISLAND-VANILLA-0655,,Catálogo de la casa / referencia de catálogo,,,,,,Referencia — revisar antes de publicar,
PERF-00657,Khadlaj,Árabe,Empire Victor,EDP/EDT/Parfum (verificar),,,KHADLAJ-EMPIRE-VICTOR-0656,,Catálogo de la casa / referencia de catálogo,,,,,,Referencia — revisar antes de publicar,
PERF-00658,Khadlaj,Árabe,Empire Crown,EDP/EDT/Parfum (verificar),,,KHADLAJ-EMPIRE-CROWN-0657,,Catálogo de la casa / referencia de catálogo,,,,,,Referencia — revisar antes de publicar,
PERF-00659,Khadlaj,Árabe,Lamar,EDP/EDT/Parfum (verificar),,,KHADLAJ-LAMAR-0658,,Catálogo de la casa / referencia de catálogo,,,,,,Referencia — revisar antes de publicar,
PERF-00660,Khadlaj,Árabe,Lamar Noir,EDP/EDT/Parfum (verificar),,,KHADLAJ-LAMAR-NOIR-0659,,Catálogo de la casa / referencia de catálogo,,,,,,Referencia — revisar antes de publicar,
PERF-00661,Khadlaj,Árabe,Karus Oud,EDP/EDT/Parfum (verificar),,,KHADLAJ-KARUS-OUD-0660,,Catálogo de la casa / referencia de catálogo,,,,,,Referencia — revisar antes de publicar,
PERF-00662,Khadlaj,Árabe,Musk Al Tahara,EDP/EDT/Parfum (verificar),,,KHADLAJ-MUSK-AL-TAHARA-0661,,Catálogo de la casa / referencia de catálogo,,,,,,Referencia — revisar antes de publicar,
PERF-00663,Khadlaj,Árabe,Hareem Al Sultan Gold,EDP/EDT/Parfum (verificar),,,KHADLAJ-HAREEM-AL-SULTAN-GOLD-0662,,Catálogo de la casa / referencia de catálogo,,,,,,Referencia — revisar antes de publicar,
PERF-00664,Khadlaj,Árabe,Hareem Al Sultan Blue,EDP/EDT/Parfum (verificar),,,KHADLAJ-HAREEM-AL-SULTAN-BLUE-0663,,Catálogo de la casa / referencia de catálogo,,,,,,Referencia — revisar antes de publicar,
PERF-00665,Khadlaj,Árabe,Hareem Al Sultan Silver,EDP/EDT/Parfum (verificar),,,KHADLAJ-HAREEM-AL-SULTAN-SILVER-0664,,Catálogo de la casa / referencia de catálogo,,,,,,Referencia — revisar antes de publicar,
PERF-00666,Khadlaj,Árabe,Maison Epoque,EDP/EDT/Parfum (verificar),,,KHADLAJ-MAISON-EPOQUE-0665,,Catálogo de la casa / referencia de catálogo,,,,,,Referencia — revisar antes de publicar,
PERF-00667,Khadlaj,Árabe,Gaith,EDP/EDT/Parfum (verificar),,,KHADLAJ-GAITH-0666,,Catálogo de la casa / referencia de catálogo,,,,,,Referencia — revisar antes de publicar,
PERF-00668,Khadlaj,Árabe,Thara'a,EDP/EDT/Parfum (verificar),,,KHADLAJ-THARA-A-0667,,Catálogo de la casa / referencia de catálogo,,,,,,Referencia — revisar antes de publicar,
PERF-00669,Khadlaj,Árabe,Shiyaaka Red,EDP/EDT/Parfum (verificar),,,KHADLAJ-SHIYAAKA-RED-0668,,Catálogo de la casa / referencia de catálogo,,,,,,Referencia — revisar antes de publicar,
PERF-00670,Khadlaj,Árabe,Khadlaj Karus Amber Gold,EDP/EDT/Parfum (verificar),,,KHADLAJ-KHADLAJ-KARUS-AMBER-GOLD-0669,,Catálogo de la casa / referencia de catálogo,,,,,,Referencia — revisar antes de publicar,
PERF-00671,Khadlaj,Árabe,Khadlaj Karus Oud,EDP/EDT/Parfum (verificar),,,KHADLAJ-KHADLAJ-KARUS-OUD-0670,,Catálogo de la casa / referencia de catálogo,,,,,,Referencia — revisar antes de publicar,
PERF-00672,Khadlaj,Árabe,Khadlaj Karus Wave,EDP/EDT/Parfum (verificar),,,KHADLAJ-KHADLAJ-KARUS-WAVE-0671,,Catálogo de la casa / referencia de catálogo,,,,,,Referencia — revisar antes de publicar,
PERF-00673,Khadlaj,Árabe,Khadlaj Karus Blue,EDP/EDT/Parfum (verificar),,,KHADLAJ-KHADLAJ-KARUS-BLUE-0672,,Catálogo de la casa / referencia de catálogo,,,,,,Referencia — revisar antes de publicar,
PERF-00674,Khadlaj,Árabe,Khadlaj Hareemi,EDP/EDT/Parfum (verificar),,,KHADLAJ-KHADLAJ-HAREEMI-0673,,Catálogo de la casa / referencia de catálogo,,,,,,Referencia — revisar antes de publicar,
PERF-00675,Khadlaj,Árabe,Khadlaj Durrat Al Oud,EDP/EDT/Parfum (verificar),,,KHADLAJ-KHADLAJ-DURRAT-AL-OUD-0674,,Catálogo de la casa / referencia de catálogo,,,,,,Referencia — revisar antes de publicar,
PERF-00676,Khadlaj,Árabe,Khadlaj Hareem Al Sultan,EDP/EDT/Parfum (verificar),,,KHADLAJ-KHADLAJ-HAREEM-AL-SULTAN-0675,,Catálogo de la casa / referencia de catálogo,,,,,,Referencia — revisar antes de publicar,
PERF-00677,Khadlaj,Árabe,Khadlaj Shiyaaka Gold,EDP/EDT/Parfum (verificar),,,KHADLAJ-KHADLAJ-SHIYAAKA-GOLD-0676,,Catálogo de la casa / referencia de catálogo,,,,,,Referencia — revisar antes de publicar,
PERF-00678,Khadlaj,Árabe,Khadlaj Oud Pour Noble,EDP/EDT/Parfum (verificar),,,KHADLAJ-KHADLAJ-OUD-POUR-NOBLE-0677,,Catálogo de la casa / referencia de catálogo,,,,,,Referencia — revisar antes de publicar,
PERF-00679,Khadlaj,Árabe,Khadlaj Ghazal,EDP/EDT/Parfum (verificar),,,KHADLAJ-KHADLAJ-GHAZAL-0678,,Catálogo de la casa / referencia de catálogo,,,,,,Referencia — revisar antes de publicar,
PERF-00680,Khadlaj,Árabe,Khadlaj Nuha,EDP/EDT/Parfum (verificar),,,KHADLAJ-KHADLAJ-NUHA-0679,,Catálogo de la casa / referencia de catálogo,,,,,,Referencia — revisar antes de publicar,
PERF-00681,Khadlaj,Árabe,Khadlaj Hareem Al Sultan Noir,EDP/EDT/Parfum (verificar),,,KHADLAJ-KHADLAJ-HAREEM-AL-SULTAN-0680,,Catálogo de la casa / referencia de catálogo,,,,,,Referencia — revisar antes de publicar,
PERF-00682,Khadlaj,Árabe,Khadlaj Farasha,EDP/EDT/Parfum (verificar),,,KHADLAJ-KHADLAJ-FARASHA-0681,,Catálogo de la casa / referencia de catálogo,,,,,,Referencia — revisar antes de publicar,
PERF-00683,Paris Corner,Árabe,Emir Cedrat Essence,EDP/EDT/Parfum (verificar),,,PARIS-CO-EMIR-CEDRAT-ESSENCE-0682,,Catálogo de la casa / referencia de catálogo,,,,,,Referencia — revisar antes de publicar,
PERF-00684,Paris Corner,Árabe,Emir Vibrant Vetiver Delight,EDP/EDT/Parfum (verificar),,,PARIS-CO-EMIR-VIBRANT-VETIVER-DEL-0683,,Catálogo de la casa / referencia de catálogo,,,,,,Referencia — revisar antes de publicar,
PERF-00685,Paris Corner,Árabe,Emir Wild and Tobacco,EDP/EDT/Parfum (verificar),,,PARIS-CO-EMIR-WILD-AND-TOBACCO-0684,,Catálogo de la casa / referencia de catálogo,,,,,,Referencia — revisar antes de publicar,
PERF-00686,Paris Corner,Árabe,Emir Voux Elegante,EDP/EDT/Parfum (verificar),,,PARIS-CO-EMIR-VOUX-ELEGANTE-0685,,Catálogo de la casa / referencia de catálogo,,,,,,Referencia — revisar antes de publicar,
PERF-00687,Paris Corner,Árabe,Emir Celestial,EDP/EDT/Parfum (verificar),,,PARIS-CO-EMIR-CELESTIAL-0686,,Catálogo de la casa / referencia de catálogo,,,,,,Referencia — revisar antes de publicar,
PERF-00688,Paris Corner,Árabe,Emir Super Crush,EDP/EDT/Parfum (verificar),,,PARIS-CO-EMIR-SUPER-CRUSH-0687,,Catálogo de la casa / referencia de catálogo,,,,,,Referencia — revisar antes de publicar,
PERF-00689,Paris Corner,Árabe,Emir You're Drugged,EDP/EDT/Parfum (verificar),,,PARIS-CO-EMIR-YOU-RE-DRUGGED-0688,,Catálogo de la casa / referencia de catálogo,,,,,,Referencia — revisar antes de publicar,
PERF-00690,Paris Corner,Árabe,Emir Camp Fire,EDP/EDT/Parfum (verificar),,,PARIS-CO-EMIR-CAMP-FIRE-0689,,Catálogo de la casa / referencia de catálogo,,,,,,Referencia — revisar antes de publicar,
PERF-00691,Paris Corner,Árabe,Emir Frenetic Delicacy,EDP/EDT/Parfum (verificar),,,PARIS-CO-EMIR-FRENETIC-DELICACY-0690,,Catálogo de la casa / referencia de catálogo,,,,,,Referencia — revisar antes de publicar,
PERF-00692,Paris Corner,Árabe,Emir Just Bergamot,EDP/EDT/Parfum (verificar),,,PARIS-CO-EMIR-JUST-BERGAMOT-0691,,Catálogo de la casa / referencia de catálogo,,,,,,Referencia — revisar antes de publicar,
PERF-00693,Paris Corner,Árabe,Emir Lueur D'Espoir Ambre,EDP/EDT/Parfum (verificar),,,PARIS-CO-EMIR-LUEUR-D-ESPOIR-AMBR-0692,,Catálogo de la casa / referencia de catálogo,,,,,,Referencia — revisar antes de publicar,
PERF-00694,Paris Corner,Árabe,Emir Lueur D'Espoir Intense,EDP/EDT/Parfum (verificar),,,PARIS-CO-EMIR-LUEUR-D-ESPOIR-INTE-0693,,Catálogo de la casa / referencia de catálogo,,,,,,Referencia — revisar antes de publicar,
PERF-00695,Paris Corner,Árabe,Emir Acadia,EDP/EDT/Parfum (verificar),,,PARIS-CO-EMIR-ACADIA-0694,,Catálogo de la casa / referencia de catálogo,,,,,,Referencia — revisar antes de publicar,
PERF-00696,Paris Corner,Árabe,Emir Chaos,EDP/EDT/Parfum (verificar),,,PARIS-CO-EMIR-CHAOS-0695,,Catálogo de la casa / referencia de catálogo,,,,,,Referencia — revisar antes de publicar,
PERF-00697,Paris Corner,Árabe,Khair Pistachio,EDP/EDT/Parfum (verificar),,,PARIS-CO-KHAIR-PISTACHIO-0696,,Catálogo de la casa / referencia de catálogo,,,,,,Referencia — revisar antes de publicar,
PERF-00698,Paris Corner,Árabe,Khair Fusion,EDP/EDT/Parfum (verificar),,,PARIS-CO-KHAIR-FUSION-0697,,Catálogo de la casa / referencia de catálogo,,,,,,Referencia — revisar antes de publicar,
PERF-00699,Paris Corner,Árabe,Khair Confection,EDP/EDT/Parfum (verificar),,,PARIS-CO-KHAIR-CONFECTION-0698,,Catálogo de la casa / referencia de catálogo,,,,,,Referencia — revisar antes de publicar,
PERF-00700,Paris Corner,Árabe,Khair Peach,EDP/EDT/Parfum (verificar),,,PARIS-CO-KHAIR-PEACH-0699,,Catálogo de la casa / referencia de catálogo,,,,,,Referencia — revisar antes de publicar,
PERF-00701,Paris Corner,Árabe,Qissa Delicious,EDP/EDT/Parfum (verificar),,,PARIS-CO-QISSA-DELICIOUS-0700,,Catálogo de la casa / referencia de catálogo,,,,,,Referencia — revisar antes de publicar,
PERF-00702,Paris Corner,Árabe,Qissa Pink,EDP/EDT/Parfum (verificar),,,PARIS-CO-QISSA-PINK-0701,,Catálogo de la casa / referencia de catálogo,,,,,,Referencia — revisar antes de publicar,
PERF-00703,Paris Corner,Árabe,Qissa Delicious for Women,EDP/EDT/Parfum (verificar),,,PARIS-CO-QISSA-DELICIOUS-FOR-WOME-0702,,Catálogo de la casa / referencia de catálogo,,,,,,Referencia — revisar antes de publicar,
PERF-00704,Paris Corner,Árabe,Qissa Rose,EDP/EDT/Parfum (verificar),,,PARIS-CO-QISSA-ROSE-0703,,Catálogo de la casa / referencia de catálogo,,,,,,Referencia — revisar antes de publicar,
PERF-00705,Paris Corner,Árabe,North Stag Expressions IV Casablanca,EDP/EDT/Parfum (verificar),,,PARIS-CO-NORTH-STAG-EXPRESSIONS-I-0704,,Catálogo de la casa / referencia de catálogo,,,,,,Referencia — revisar antes de publicar,
PERF-00706,Paris Corner,Árabe,North Stag Expressions III Deux,EDP/EDT/Parfum (verificar),,,PARIS-CO-NORTH-STAG-EXPRESSIONS-I-0705,,Catálogo de la casa / referencia de catálogo,,,,,,Referencia — revisar antes de publicar,
PERF-00707,Paris Corner,Árabe,North Stag Neuf IX,EDP/EDT/Parfum (verificar),,,PARIS-CO-NORTH-STAG-NEUF-IX-0706,,Catálogo de la casa / referencia de catálogo,,,,,,Referencia — revisar antes de publicar,
PERF-00708,Paris Corner,Árabe,North Stag Deux II,EDP/EDT/Parfum (verificar),,,PARIS-CO-NORTH-STAG-DEUX-II-0707,,Catálogo de la casa / referencia de catálogo,,,,,,Referencia — revisar antes de publicar,
PERF-00709,Paris Corner,Árabe,North Stag IV,EDP/EDT/Parfum (verificar),,,PARIS-CO-NORTH-STAG-IV-0708,,Catálogo de la casa / referencia de catálogo,,,,,,Referencia — revisar antes de publicar,
PERF-00710,Paris Corner,Árabe,Pendora Rouge,EDP/EDT/Parfum (verificar),,,PARIS-CO-PENDORA-ROUGE-0709,,Catálogo de la casa / referencia de catálogo,,,,,,Referencia — revisar antes de publicar,
PERF-00711,Paris Corner,Árabe,Pendora Scents Dream Catcher,EDP/EDT/Parfum (verificar),,,PARIS-CO-PENDORA-SCENTS-DREAM-CAT-0710,,Catálogo de la casa / referencia de catálogo,,,,,,Referencia — revisar antes de publicar,
PERF-00712,Paris Corner,Árabe,Pendora Scents Milano Prive,EDP/EDT/Parfum (verificar),,,PARIS-CO-PENDORA-SCENTS-MILANO-PR-0711,,Catálogo de la casa / referencia de catálogo,,,,,,Referencia — revisar antes de publicar,
PERF-00713,Paris Corner,Árabe,Pendora Scents Fire Your Desire,EDP/EDT/Parfum (verificar),,,PARIS-CO-PENDORA-SCENTS-FIRE-YOUR-0712,,Catálogo de la casa / referencia de catálogo,,,,,,Referencia — revisar antes de publicar,
PERF-00714,Paris Corner,Árabe,Pendora Scents Tobacco Vanille,EDP/EDT/Parfum (verificar),,,PARIS-CO-PENDORA-SCENTS-TOBACCO-V-0713,,Catálogo de la casa / referencia de catálogo,,,,,,Referencia — revisar antes de publicar,
PERF-00715,Paris Corner,Árabe,Charuto Tobacco Vanille,EDP/EDT/Parfum (verificar),,,PARIS-CO-CHARUTO-TOBACCO-VANILLE-0714,,Catálogo de la casa / referencia de catálogo,,,,,,Referencia — revisar antes de publicar,
PERF-00716,Paris Corner,Árabe,Charuto Tobacco Vanille Intense,EDP/EDT/Parfum (verificar),,,PARIS-CO-CHARUTO-TOBACCO-VANILLE--0715,,Catálogo de la casa / referencia de catálogo,,,,,,Referencia — revisar antes de publicar,
PERF-00717,Paris Corner,Árabe,Charuto Mysterious Tobacco,EDP/EDT/Parfum (verificar),,,PARIS-CO-CHARUTO-MYSTERIOUS-TOBAC-0716,,Catálogo de la casa / referencia de catálogo,,,,,,Referencia — revisar antes de publicar,
PERF-00718,Paris Corner,Árabe,Just Azraq,EDP/EDT/Parfum (verificar),,,PARIS-CO-JUST-AZRAQ-0717,,Catálogo de la casa / referencia de catálogo,,,,,,Referencia — revisar antes de publicar,
PERF-00719,Paris Corner,Árabe,Just Jack The Dark,EDP/EDT/Parfum (verificar),,,PARIS-CO-JUST-JACK-THE-DARK-0718,,Catálogo de la casa / referencia de catálogo,,,,,,Referencia — revisar antes de publicar,
PERF-00720,Paris Corner,Árabe,Just Jack Noir End,EDP/EDT/Parfum (verificar),,,PARIS-CO-JUST-JACK-NOIR-END-0719,,Catálogo de la casa / referencia de catálogo,,,,,,Referencia — revisar antes de publicar,
PERF-00721,Paris Corner,Árabe,Just Jack Amalfi Coast,EDP/EDT/Parfum (verificar),,,PARIS-CO-JUST-JACK-AMALFI-COAST-0720,,Catálogo de la casa / referencia de catálogo,,,,,,Referencia — revisar antes de publicar,
PERF-00722,Paris Corner,Árabe,Just Jack Vetiver,EDP/EDT/Parfum (verificar),,,PARIS-CO-JUST-JACK-VETIVER-0721,,Catálogo de la casa / referencia de catálogo,,,,,,Referencia — revisar antes de publicar,
PERF-00723,Paris Corner,Árabe,Just Jack Simply Blanc,EDP/EDT/Parfum (verificar),,,PARIS-CO-JUST-JACK-SIMPLY-BLANC-0722,,Catálogo de la casa / referencia de catálogo,,,,,,Referencia — revisar antes de publicar,
PERF-00724,Paris Corner,Árabe,Just Jack London Eye,EDP/EDT/Parfum (verificar),,,PARIS-CO-JUST-JACK-LONDON-EYE-0723,,Catálogo de la casa / referencia de catálogo,,,,,,Referencia — revisar antes de publicar,
PERF-00725,Paris Corner,Árabe,Just Jack Classic Match,EDP/EDT/Parfum (verificar),,,PARIS-CO-JUST-JACK-CLASSIC-MATCH-0724,,Catálogo de la casa / referencia de catálogo,,,,,,Referencia — revisar antes de publicar,
PERF-00726,Paris Corner,Árabe,Ministry of Oud Oud Satin,EDP/EDT/Parfum (verificar),,,PARIS-CO-MINISTRY-OF-OUD-OUD-SATI-0725,,Catálogo de la casa / referencia de catálogo,,,,,,Referencia — revisar antes de publicar,
PERF-00727,Paris Corner,Árabe,Ministry of Oud Oud Royal,EDP/EDT/Parfum (verificar),,,PARIS-CO-MINISTRY-OF-OUD-OUD-ROYA-0726,,Catálogo de la casa / referencia de catálogo,,,,,,Referencia — revisar antes de publicar,
PERF-00728,Paris Corner,Árabe,Ministry of Oud Oud Bleu,EDP/EDT/Parfum (verificar),,,PARIS-CO-MINISTRY-OF-OUD-OUD-BLEU-0727,,Catálogo de la casa / referencia de catálogo,,,,,,Referencia — revisar antes de publicar,
PERF-00729,Paris Corner,Árabe,Ministry of Oud Oud Isphahan,EDP/EDT/Parfum (verificar),,,PARIS-CO-MINISTRY-OF-OUD-OUD-ISPH-0728,,Catálogo de la casa / referencia de catálogo,,,,,,Referencia — revisar antes de publicar,
PERF-00730,Paris Corner,Árabe,Ministry of Oud Oud Save The King,EDP/EDT/Parfum (verificar),,,PARIS-CO-MINISTRY-OF-OUD-OUD-SAVE-0729,,Catálogo de la casa / referencia de catálogo,,,,,,Referencia — revisar antes de publicar,
PERF-00731,Paris Corner,Árabe,Ministry of Oud Oud Palao,EDP/EDT/Parfum (verificar),,,PARIS-CO-MINISTRY-OF-OUD-OUD-PALA-0730,,Catálogo de la casa / referencia de catálogo,,,,,,Referencia — revisar antes de publicar,
PERF-00732,Fragrance World,Árabe,Barakkat Rouge 540,EDP/EDT/Parfum (verificar),,,FRAGRANC-BARAKKAT-ROUGE-540-0731,,Catálogo de la casa / referencia de catálogo,,,,,,Referencia — revisar antes de publicar,
PERF-00733,Fragrance World,Árabe,Barakkat Gentle Gold,EDP/EDT/Parfum (verificar),,,FRAGRANC-BARAKKAT-GENTLE-GOLD-0732,,Catálogo de la casa / referencia de catálogo,,,,,,Referencia — revisar antes de publicar,
PERF-00734,Fragrance World,Árabe,Barakkat Ambre Eve,EDP/EDT/Parfum (verificar),,,FRAGRANC-BARAKKAT-AMBRE-EVE-0733,,Catálogo de la casa / referencia de catálogo,,,,,,Referencia — revisar antes de publicar,
PERF-00735,Fragrance World,Árabe,Barakkat Satin Oud,EDP/EDT/Parfum (verificar),,,FRAGRANC-BARAKKAT-SATIN-OUD-0734,,Catálogo de la casa / referencia de catálogo,,,,,,Referencia — revisar antes de publicar,
PERF-00736,Fragrance World,Árabe,Barakkat Aqua Crystal,EDP/EDT/Parfum (verificar),,,FRAGRANC-BARAKKAT-AQUA-CRYSTAL-0735,,Catálogo de la casa / referencia de catálogo,,,,,,Referencia — revisar antes de publicar,
PERF-00737,Fragrance World,Árabe,Barakkat Aqua Crystal Blue,EDP/EDT/Parfum (verificar),,,FRAGRANC-BARAKKAT-AQUA-CRYSTAL-BL-0736,,Catálogo de la casa / referencia de catálogo,,,,,,Referencia — revisar antes de publicar,
PERF-00738,Fragrance World,Árabe,Barakkat Gentle Gold Elixir,EDP/EDT/Parfum (verificar),,,FRAGRANC-BARAKKAT-GENTLE-GOLD-ELI-0737,,Catálogo de la casa / referencia de catálogo,,,,,,Referencia — revisar antes de publicar,
PERF-00739,Fragrance World,Árabe,Suits,EDP/EDT/Parfum (verificar),,,FRAGRANC-SUITS-0738,,Catálogo de la casa / referencia de catálogo,,,,,,Referencia — revisar antes de publicar,
PERF-00740,Fragrance World,Árabe,Imperium,EDP/EDT/Parfum (verificar),,,FRAGRANC-IMPERIUM-0739,,Catálogo de la casa / referencia de catálogo,,,,,,Referencia — revisar antes de publicar,
PERF-00741,Fragrance World,Árabe,Star Men Nebula,EDP/EDT/Parfum (verificar),,,FRAGRANC-STAR-MEN-NEBULA-0740,,Catálogo de la casa / referencia de catálogo,,,,,,Referencia — revisar antes de publicar,
PERF-00742,Fragrance World,Árabe,Star Men,EDP/EDT/Parfum (verificar),,,FRAGRANC-STAR-MEN-0741,,Catálogo de la casa / referencia de catálogo,,,,,,Referencia — revisar antes de publicar,
PERF-00743,Fragrance World,Árabe,Proud of You Absolute,EDP/EDT/Parfum (verificar),,,FRAGRANC-PROUD-OF-YOU-ABSOLUTE-0742,,Catálogo de la casa / referencia de catálogo,,,,,,Referencia — revisar antes de publicar,
PERF-00744,Fragrance World,Árabe,Proud of You,EDP/EDT/Parfum (verificar),,,FRAGRANC-PROUD-OF-YOU-0743,,Catálogo de la casa / referencia de catálogo,,,,,,Referencia — revisar antes de publicar,
PERF-00745,Fragrance World,Árabe,Jack of Clubs,EDP/EDT/Parfum (verificar),,,FRAGRANC-JACK-OF-CLUBS-0744,,Catálogo de la casa / referencia de catálogo,,,,,,Referencia — revisar antes de publicar,
PERF-00746,Fragrance World,Árabe,After Effect,EDP/EDT/Parfum (verificar),,,FRAGRANC-AFTER-EFFECT-0745,,Catálogo de la casa / referencia de catálogo,,,,,,Referencia — revisar antes de publicar,
PERF-00747,Fragrance World,Árabe,Fabulous Life,EDP/EDT/Parfum (verificar),,,FRAGRANC-FABULOUS-LIFE-0746,,Catálogo de la casa / referencia de catálogo,,,,,,Referencia — revisar antes de publicar,
PERF-00748,Fragrance World,Árabe,French Avenue Liquid Brun,EDP/EDT/Parfum (verificar),,,FRAGRANC-FRENCH-AVENUE-LIQUID-BRU-0747,,Catálogo de la casa / referencia de catálogo,,,,,,Referencia — revisar antes de publicar,
PERF-00749,Fragrance World,Árabe,French Avenue Spectre Ghost,EDP/EDT/Parfum (verificar),,,FRAGRANC-FRENCH-AVENUE-SPECTRE-GH-0748,,Catálogo de la casa / referencia de catálogo,,,,,,Referencia — revisar antes de publicar,
PERF-00750,Fragrance World,Árabe,French Avenue Royal Blend,EDP/EDT/Parfum (verificar),,,FRAGRANC-FRENCH-AVENUE-ROYAL-BLEN-0749,,Catálogo de la casa / referencia de catálogo,,,,,,Referencia — revisar antes de publicar,
PERF-00751,Fragrance World,Árabe,French Avenue Royal Blend Nero,EDP/EDT/Parfum (verificar),,,FRAGRANC-FRENCH-AVENUE-ROYAL-BLEN-0750,,Catálogo de la casa / referencia de catálogo,,,,,,Referencia — revisar antes de publicar,
PERF-00752,Fragrance World,Árabe,French Avenue Vulcan,EDP/EDT/Parfum (verificar),,,FRAGRANC-FRENCH-AVENUE-VULCAN-0751,,Catálogo de la casa / referencia de catálogo,,,,,,Referencia — revisar antes de publicar,
PERF-00753,Fragrance World,Árabe,French Avenue Aether,EDP/EDT/Parfum (verificar),,,FRAGRANC-FRENCH-AVENUE-AETHER-0752,,Catálogo de la casa / referencia de catálogo,,,,,,Referencia — revisar antes de publicar,
PERF-00754,Fragrance World,Árabe,French Avenue Essence de Blanc,EDP/EDT/Parfum (verificar),,,FRAGRANC-FRENCH-AVENUE-ESSENCE-DE-0753,,Catálogo de la casa / referencia de catálogo,,,,,,Referencia — revisar antes de publicar,
PERF-00755,Fragrance World,Árabe,French Avenue North Stag Deux,EDP/EDT/Parfum (verificar),,,FRAGRANC-FRENCH-AVENUE-NORTH-STAG-0754,,Catálogo de la casa / referencia de catálogo,,,,,,Referencia — revisar antes de publicar,
PERF-00756,Fragrance World,Árabe,French Avenue Veneno,EDP/EDT/Parfum (verificar),,,FRAGRANC-FRENCH-AVENUE-VENENO-0755,,Catálogo de la casa / referencia de catálogo,,,,,,Referencia — revisar antes de publicar,
PERF-00757,Fragrance World,Árabe,French Avenue Haunted,EDP/EDT/Parfum (verificar),,,FRAGRANC-FRENCH-AVENUE-HAUNTED-0756,,Catálogo de la casa / referencia de catálogo,,,,,,Referencia — revisar antes de publicar,
PERF-00758,Fragrance World,Árabe,French Avenue Enigma Une,EDP/EDT/Parfum (verificar),,,FRAGRANC-FRENCH-AVENUE-ENIGMA-UNE-0757,,Catálogo de la casa / referencia de catálogo,,,,,,Referencia — revisar antes de publicar,
PERF-00759,Fragrance World,Árabe,French Avenue Pinnace,EDP/EDT/Parfum (verificar),,,FRAGRANC-FRENCH-AVENUE-PINNACE-0758,,Catálogo de la casa / referencia de catálogo,,,,,,Referencia — revisar antes de publicar,
PERF-00760,Al Wataniah,Árabe,Kayaan Classic,EDP/EDT/Parfum (verificar),,,AL-WATAN-KAYAAN-CLASSIC-0759,,Catálogo de la casa / referencia de catálogo,,,,,,Referencia — revisar antes de publicar,
PERF-00761,Al Wataniah,Árabe,Kayaan Gold,EDP/EDT/Parfum (verificar),,,AL-WATAN-KAYAAN-GOLD-0760,,Catálogo de la casa / referencia de catálogo,,,,,,Referencia — revisar antes de publicar,
PERF-00762,Al Wataniah,Árabe,Kayaan,EDP/EDT/Parfum (verificar),,,AL-WATAN-KAYAAN-0761,,Catálogo de la casa / referencia de catálogo,,,,,,Referencia — revisar antes de publicar,
PERF-00763,Al Wataniah,Árabe,Oud Mood Elixir,EDP/EDT/Parfum (verificar),,,AL-WATAN-OUD-MOOD-ELIXIR-0762,,Catálogo de la casa / referencia de catálogo,,,,,,Referencia — revisar antes de publicar,
PERF-00764,Al Wataniah,Árabe,Attar Al Wesal,EDP/EDT/Parfum (verificar),,,AL-WATAN-ATTAR-AL-WESAL-0763,,Catálogo de la casa / referencia de catálogo,,,,,,Referencia — revisar antes de publicar,
PERF-00765,Al Wataniah,Árabe,Sabah Al Ward,EDP/EDT/Parfum (verificar),,,AL-WATAN-SABAH-AL-WARD-0764,,Catálogo de la casa / referencia de catálogo,,,,,,Referencia — revisar antes de publicar,
PERF-00766,Al Wataniah,Árabe,Ghala,EDP/EDT/Parfum (verificar),,,AL-WATAN-GHALA-0765,,Catálogo de la casa / referencia de catálogo,,,,,,Referencia — revisar antes de publicar,
PERF-00767,Al Wataniah,Árabe,Lazuli,EDP/EDT/Parfum (verificar),,,AL-WATAN-LAZULI-0766,,Catálogo de la casa / referencia de catálogo,,,,,,Referencia — revisar antes de publicar,
PERF-00768,Al Wataniah,Árabe,Durrat Al Aroos,EDP/EDT/Parfum (verificar),,,AL-WATAN-DURRAT-AL-AROOS-0767,,Catálogo de la casa / referencia de catálogo,,,,,,Referencia — revisar antes de publicar,
PERF-00769,Al Wataniah,Árabe,Shagaf Al Ward,EDP/EDT/Parfum (verificar),,,AL-WATAN-SHAGAF-AL-WARD-0768,,Catálogo de la casa / referencia de catálogo,,,,,,Referencia — revisar antes de publicar,
PERF-00770,Al Wataniah,Árabe,Watani,EDP/EDT/Parfum (verificar),,,AL-WATAN-WATANI-0769,,Catálogo de la casa / referencia de catálogo,,,,,,Referencia — revisar antes de publicar,
PERF-00771,Al Wataniah,Árabe,Thahani,EDP/EDT/Parfum (verificar),,,AL-WATAN-THAHANI-0770,,Catálogo de la casa / referencia de catálogo,,,,,,Referencia — revisar antes de publicar,
PERF-00772,Al Wataniah,Árabe,Kenz Al Malik,EDP/EDT/Parfum (verificar),,,AL-WATAN-KENZ-AL-MALIK-0771,,Catálogo de la casa / referencia de catálogo,,,,,,Referencia — revisar antes de publicar,
PERF-00773,Al Wataniah,Árabe,Oud Al Layl,EDP/EDT/Parfum (verificar),,,AL-WATAN-OUD-AL-LAYL-0772,,Catálogo de la casa / referencia de catálogo,,,,,,Referencia — revisar antes de publicar,
PERF-00774,Al Wataniah,Árabe,Rawae'e,EDP/EDT/Parfum (verificar),,,AL-WATAN-RAWAE-E-0773,,Catálogo de la casa / referencia de catálogo,,,,,,Referencia — revisar antes de publicar,
PERF-00775,Al Wataniah,Árabe,Ameer Al Arab,EDP/EDT/Parfum (verificar),,,AL-WATAN-AMEER-AL-ARAB-0774,,Catálogo de la casa / referencia de catálogo,,,,,,Referencia — revisar antes de publicar,
PERF-00776,Al Wataniah,Árabe,Ameer Al Arab Imperium,EDP/EDT/Parfum (verificar),,,AL-WATAN-AMEER-AL-ARAB-IMPERIUM-0775,,Catálogo de la casa / referencia de catálogo,,,,,,Referencia — revisar antes de publicar,
PERF-00777,Al Wataniah,Árabe,Ameer Al Arab Prive,EDP/EDT/Parfum (verificar),,,AL-WATAN-AMEER-AL-ARAB-PRIVE-0776,,Catálogo de la casa / referencia de catálogo,,,,,,Referencia — revisar antes de publicar,
PERF-00778,Al Wataniah,Árabe,Ameerat Al Arab,EDP/EDT/Parfum (verificar),,,AL-WATAN-AMEERAT-AL-ARAB-0777,,Catálogo de la casa / referencia de catálogo,,,,,,Referencia — revisar antes de publicar,
PERF-00779,Al Wataniah,Árabe,Ameerat Al Arab Prive Rose,EDP/EDT/Parfum (verificar),,,AL-WATAN-AMEERAT-AL-ARAB-PRIVE-RO-0778,,Catálogo de la casa / referencia de catálogo,,,,,,Referencia — revisar antes de publicar,
PERF-00780,Al Wataniah,Árabe,Al Layl,EDP/EDT/Parfum (verificar),,,AL-WATAN-AL-LAYL-0779,,Catálogo de la casa / referencia de catálogo,,,,,,Referencia — revisar antes de publicar,
PERF-00781,Al Wataniah,Árabe,Musk Tahara,EDP/EDT/Parfum (verificar),,,AL-WATAN-MUSK-TAHARA-0780,,Catálogo de la casa / referencia de catálogo,,,,,,Referencia — revisar antes de publicar,
PERF-00782,Al Wataniah,Árabe,Khafaya,EDP/EDT/Parfum (verificar),,,AL-WATAN-KHAFAYA-0781,,Catálogo de la casa / referencia de catálogo,,,,,,Referencia — revisar antes de publicar,
PERF-00783,Al Wataniah,Árabe,Al Wataniah Rose,EDP/EDT/Parfum (verificar),,,AL-WATAN-AL-WATANIAH-ROSE-0782,,Catálogo de la casa / referencia de catálogo,,,,,,Referencia — revisar antes de publicar,
PERF-00784,Al Wataniah,Árabe,Al Wataniah Shagaf,EDP/EDT/Parfum (verificar),,,AL-WATAN-AL-WATANIAH-SHAGAF-0783,,Catálogo de la casa / referencia de catálogo,,,,,,Referencia — revisar antes de publicar,
PERF-00785,Al Wataniah,Árabe,Al Wataniah Ghala,EDP/EDT/Parfum (verificar),,,AL-WATAN-AL-WATANIAH-GHALA-0784,,Catálogo de la casa / referencia de catálogo,,,,,,Referencia — revisar antes de publicar,
PERF-00786,Ard Al Zaafaran,Árabe,Dirham,EDP/EDT/Parfum (verificar),,,ARD-AL-Z-DIRHAM-0785,,Catálogo de la casa / referencia de catálogo,,,,,,Referencia — revisar antes de publicar,
PERF-00787,Ard Al Zaafaran,Árabe,Dirham Wardi,EDP/EDT/Parfum (verificar),,,ARD-AL-Z-DIRHAM-WARDI-0786,,Catálogo de la casa / referencia de catálogo,,,,,,Referencia — revisar antes de publicar,
PERF-00788,Ard Al Zaafaran,Árabe,Dirham Gold,EDP/EDT/Parfum (verificar),,,ARD-AL-Z-DIRHAM-GOLD-0787,,Catálogo de la casa / referencia de catálogo,,,,,,Referencia — revisar antes de publicar,
PERF-00789,Ard Al Zaafaran,Árabe,Oud 24 Hours,EDP/EDT/Parfum (verificar),,,ARD-AL-Z-OUD-24-HOURS-0788,,Catálogo de la casa / referencia de catálogo,,,,,,Referencia — revisar antes de publicar,
PERF-00790,Ard Al Zaafaran,Árabe,Oud 24 Hours Majestic,EDP/EDT/Parfum (verificar),,,ARD-AL-Z-OUD-24-HOURS-MAJESTIC-0789,,Catálogo de la casa / referencia de catálogo,,,,,,Referencia — revisar antes de publicar,
PERF-00791,Ard Al Zaafaran,Árabe,Midnight Oud,EDP/EDT/Parfum (verificar),,,ARD-AL-Z-MIDNIGHT-OUD-0790,,Catálogo de la casa / referencia de catálogo,,,,,,Referencia — revisar antes de publicar,
PERF-00792,Ard Al Zaafaran,Árabe,Ameerat Al Arab,EDP/EDT/Parfum (verificar),,,ARD-AL-Z-AMEERAT-AL-ARAB-0791,,Catálogo de la casa / referencia de catálogo,,,,,,Referencia — revisar antes de publicar,
PERF-00793,Ard Al Zaafaran,Árabe,Ameerat Al Arab Prive Rose,EDP/EDT/Parfum (verificar),,,ARD-AL-Z-AMEERAT-AL-ARAB-PRIVE-RO-0792,,Catálogo de la casa / referencia de catálogo,,,,,,Referencia — revisar antes de publicar,
PERF-00794,Ard Al Zaafaran,Árabe,Ishq Al Shuyukh Silver,EDP/EDT/Parfum (verificar),,,ARD-AL-Z-ISHQ-AL-SHUYUKH-SILVER-0793,,Catálogo de la casa / referencia de catálogo,,,,,,Referencia — revisar antes de publicar,
PERF-00795,Ard Al Zaafaran,Árabe,Ishq Al Shuyukh Gold,EDP/EDT/Parfum (verificar),,,ARD-AL-Z-ISHQ-AL-SHUYUKH-GOLD-0794,,Catálogo de la casa / referencia de catálogo,,,,,,Referencia — revisar antes de publicar,
PERF-00796,Ard Al Zaafaran,Árabe,Mousuf Ramadi,EDP/EDT/Parfum (verificar),,,ARD-AL-Z-MOUSUF-RAMADI-0795,,Catálogo de la casa / referencia de catálogo,,,,,,Referencia — revisar antes de publicar,
PERF-00797,Ard Al Zaafaran,Árabe,Mousuf Wardi,EDP/EDT/Parfum (verificar),,,ARD-AL-Z-MOUSUF-WARDI-0796,,Catálogo de la casa / referencia de catálogo,,,,,,Referencia — revisar antes de publicar,
PERF-00798,Ard Al Zaafaran,Árabe,Jazzab Silver,EDP/EDT/Parfum (verificar),,,ARD-AL-Z-JAZZAB-SILVER-0797,,Catálogo de la casa / referencia de catálogo,,,,,,Referencia — revisar antes de publicar,
PERF-00799,Ard Al Zaafaran,Árabe,Jazzab Gold,EDP/EDT/Parfum (verificar),,,ARD-AL-Z-JAZZAB-GOLD-0798,,Catálogo de la casa / referencia de catálogo,,,,,,Referencia — revisar antes de publicar,
PERF-00800,Ard Al Zaafaran,Árabe,Al Dirgham Special Edition,EDP/EDT/Parfum (verificar),,,ARD-AL-Z-AL-DIRGHAM-SPECIAL-EDITI-0799,,Catálogo de la casa / referencia de catálogo,,,,,,Referencia — revisar antes de publicar,
PERF-00801,Ard Al Zaafaran,Árabe,Al Dirgham Limited Edition,EDP/EDT/Parfum (verificar),,,ARD-AL-Z-AL-DIRGHAM-LIMITED-EDITI-0800,,Catálogo de la casa / referencia de catálogo,,,,,,Referencia — revisar antes de publicar,
PERF-00802,Ard Al Zaafaran,Árabe,Bint Hooran,EDP/EDT/Parfum (verificar),,,ARD-AL-Z-BINT-HOORAN-0801,,Catálogo de la casa / referencia de catálogo,,,,,,Referencia — revisar antes de publicar,
PERF-00803,Ard Al Zaafaran,Árabe,Bint Hooran Rose,EDP/EDT/Parfum (verificar),,,ARD-AL-Z-BINT-HOORAN-ROSE-0802,,Catálogo de la casa / referencia de catálogo,,,,,,Referencia — revisar antes de publicar,
PERF-00804,Ard Al Zaafaran,Árabe,Hayaati Black,EDP/EDT/Parfum (verificar),,,ARD-AL-Z-HAYAATI-BLACK-0803,,Catálogo de la casa / referencia de catálogo,,,,,,Referencia — revisar antes de publicar,
PERF-00805,Ard Al Zaafaran,Árabe,Hayaati Gold Elixir,EDP/EDT/Parfum (verificar),,,ARD-AL-Z-HAYAATI-GOLD-ELIXIR-0804,,Catálogo de la casa / referencia de catálogo,,,,,,Referencia — revisar antes de publicar,
PERF-00806,Ard Al Zaafaran,Árabe,Mousuf,EDP/EDT/Parfum (verificar),,,ARD-AL-Z-MOUSUF-0805,,Catálogo de la casa / referencia de catálogo,,,,,,Referencia — revisar antes de publicar,
PERF-00807,Ard Al Zaafaran,Árabe,Oud Romancea,EDP/EDT/Parfum (verificar),,,ARD-AL-Z-OUD-ROMANCEA-0806,,Catálogo de la casa / referencia de catálogo,,,,,,Referencia — revisar antes de publicar,
PERF-00808,Ard Al Zaafaran,Árabe,Oud Romancea Collection,EDP/EDT/Parfum (verificar),,,ARD-AL-Z-OUD-ROMANCEA-COLLECTION-0807,,Catálogo de la casa / referencia de catálogo,,,,,,Referencia — revisar antes de publicar,
PERF-00809,Ard Al Zaafaran,Árabe,Sondos,EDP/EDT/Parfum (verificar),,,ARD-AL-Z-SONDOS-0808,,Catálogo de la casa / referencia de catálogo,,,,,,Referencia — revisar antes de publicar,
PERF-00810,Ard Al Zaafaran,Árabe,Shams Al Emarat Khususi,EDP/EDT/Parfum (verificar),,,ARD-AL-Z-SHAMS-AL-EMARAT-KHUSUSI-0809,,Catálogo de la casa / referencia de catálogo,,,,,,Referencia — revisar antes de publicar,
PERF-00811,Ard Al Zaafaran,Árabe,Shams Al Emarat,EDP/EDT/Parfum (verificar),,,ARD-AL-Z-SHAMS-AL-EMARAT-0810,,Catálogo de la casa / referencia de catálogo,,,,,,Referencia — revisar antes de publicar,
PERF-00812,Ard Al Zaafaran,Árabe,Bade'e Al Oud,EDP/EDT/Parfum (verificar),,,ARD-AL-Z-BADE-E-AL-OUD-0811,,Catálogo de la casa / referencia de catálogo,,,,,,Referencia — revisar antes de publicar,
PERF-00813,Ard Al Zaafaran,Árabe,Al Dur Al Maknoon,EDP/EDT/Parfum (verificar),,,ARD-AL-Z-AL-DUR-AL-MAKNOON-0812,,Catálogo de la casa / referencia de catálogo,,,,,,Referencia — revisar antes de publicar,
PERF-00814,Ard Al Zaafaran,Árabe,Areej Al Oud,EDP/EDT/Parfum (verificar),,,ARD-AL-Z-AREEJ-AL-OUD-0813,,Catálogo de la casa / referencia de catálogo,,,,,,Referencia — revisar antes de publicar,
PERF-00815,Ard Al Zaafaran,Árabe,Mousuf Blue,EDP/EDT/Parfum (verificar),,,ARD-AL-Z-MOUSUF-BLUE-0814,,Catálogo de la casa / referencia de catálogo,,,,,,Referencia — revisar antes de publicar,
PERF-00816,Ard Al Zaafaran,Árabe,Mousuf Green,EDP/EDT/Parfum (verificar),,,ARD-AL-Z-MOUSUF-GREEN-0815,,Catálogo de la casa / referencia de catálogo,,,,,,Referencia — revisar antes de publicar,
PERF-00817,Ard Al Zaafaran,Árabe,Lail Maleki,EDP/EDT/Parfum (verificar),,,ARD-AL-Z-LAIL-MALEKI-0816,,Catálogo de la casa / referencia de catálogo,,,,,,Referencia — revisar antes de publicar,
PERF-00818,Ard Al Zaafaran,Árabe,Lail Maleki Concentrated,EDP/EDT/Parfum (verificar),,,ARD-AL-Z-LAIL-MALEKI-CONCENTRATED-0817,,Catálogo de la casa / referencia de catálogo,,,,,,Referencia — revisar antes de publicar,
PERF-00819,Arabiyat Prestige,Árabe,Omnia,EDP/EDT/Parfum (verificar),,,ARABIYAT-OMNIA-0818,,Catálogo de la casa / referencia de catálogo,,,,,,Referencia — revisar antes de publicar,
PERF-00820,Arabiyat Prestige,Árabe,Lail Maleki,EDP/EDT/Parfum (verificar),,,ARABIYAT-LAIL-MALEKI-0819,,Catálogo de la casa / referencia de catálogo,,,,,,Referencia — revisar antes de publicar,
PERF-00821,Arabiyat Prestige,Árabe,Areej Al Oud,EDP/EDT/Parfum (verificar),,,ARABIYAT-AREEJ-AL-OUD-0820,,Catálogo de la casa / referencia de catálogo,,,,,,Referencia — revisar antes de publicar,
PERF-00822,Arabiyat Prestige,Árabe,Marwa,EDP/EDT/Parfum (verificar),,,ARABIYAT-MARWA-0821,,Catálogo de la casa / referencia de catálogo,,,,,,Referencia — revisar antes de publicar,
PERF-00823,Arabiyat Prestige,Árabe,Oud Al Layl,EDP/EDT/Parfum (verificar),,,ARABIYAT-OUD-AL-LAYL-0822,,Catálogo de la casa / referencia de catálogo,,,,,,Referencia — revisar antes de publicar,
PERF-00824,Arabiyat Prestige,Árabe,Marshoud 4 White,EDP/EDT/Parfum (verificar),,,ARABIYAT-MARSHOUD-4-WHITE-0823,,Catálogo de la casa / referencia de catálogo,,,,,,Referencia — revisar antes de publicar,
PERF-00825,Arabiyat Prestige,Árabe,Marshoud 4 Black,EDP/EDT/Parfum (verificar),,,ARABIYAT-MARSHOUD-4-BLACK-0824,,Catálogo de la casa / referencia de catálogo,,,,,,Referencia — revisar antes de publicar,
PERF-00826,Arabiyat Prestige,Árabe,Al Safa,EDP/EDT/Parfum (verificar),,,ARABIYAT-AL-SAFA-0825,,Catálogo de la casa / referencia de catálogo,,,,,,Referencia — revisar antes de publicar,
PERF-00827,Arabiyat Prestige,Árabe,Sultan Al Lail,EDP/EDT/Parfum (verificar),,,ARABIYAT-SULTAN-AL-LAIL-0826,,Catálogo de la casa / referencia de catálogo,,,,,,Referencia — revisar antes de publicar,
PERF-00828,Arabiyat Prestige,Árabe,Al Watan,EDP/EDT/Parfum (verificar),,,ARABIYAT-AL-WATAN-0827,,Catálogo de la casa / referencia de catálogo,,,,,,Referencia — revisar antes de publicar,
PERF-00829,Arabiyat Prestige,Árabe,Ghuroor,EDP/EDT/Parfum (verificar),,,ARABIYAT-GHUROOR-0828,,Catálogo de la casa / referencia de catálogo,,,,,,Referencia — revisar antes de publicar,
PERF-00830,Arabiyat Prestige,Árabe,Junaid,EDP/EDT/Parfum (verificar),,,ARABIYAT-JUNAID-0829,,Catálogo de la casa / referencia de catálogo,,,,,,Referencia — revisar antes de publicar,
PERF-00831,Arabiyat Prestige,Árabe,Marshoud,EDP/EDT/Parfum (verificar),,,ARABIYAT-MARSHOUD-0830,,Catálogo de la casa / referencia de catálogo,,,,,,Referencia — revisar antes de publicar,
PERF-00832,Arabiyat Prestige,Árabe,Al Dirgham,EDP/EDT/Parfum (verificar),,,ARABIYAT-AL-DIRGHAM-0831,,Catálogo de la casa / referencia de catálogo,,,,,,Referencia — revisar antes de publicar,
PERF-00833,Arabiyat Prestige,Árabe,Musk Al Tahara,EDP/EDT/Parfum (verificar),,,ARABIYAT-MUSK-AL-TAHARA-0832,,Catálogo de la casa / referencia de catálogo,,,,,,Referencia — revisar antes de publicar,
PERF-00834,Arabiyat Prestige,Árabe,Oud Al Qamar,EDP/EDT/Parfum (verificar),,,ARABIYAT-OUD-AL-QAMAR-0833,,Catálogo de la casa / referencia de catálogo,,,,,,Referencia — revisar antes de publicar,
PERF-00835,Arabiyat Prestige,Árabe,Arabiyat Prestige Oud,EDP/EDT/Parfum (verificar),,,ARABIYAT-ARABIYAT-PRESTIGE-OUD-0834,,Catálogo de la casa / referencia de catálogo,,,,,,Referencia — revisar antes de publicar,
PERF-00836,Arabiyat Prestige,Árabe,Arabiyat Prestige Amber,EDP/EDT/Parfum (verificar),,,ARABIYAT-ARABIYAT-PRESTIGE-AMBER-0835,,Catálogo de la casa / referencia de catálogo,,,,,,Referencia — revisar antes de publicar,
PERF-00837,Arabiyat Prestige,Árabe,Arabiyat Prestige Musk,EDP/EDT/Parfum (verificar),,,ARABIYAT-ARABIYAT-PRESTIGE-MUSK-0836,,Catálogo de la casa / referencia de catálogo,,,,,,Referencia — revisar antes de publicar,
PERF-00838,Arabiyat Prestige,Árabe,Arabiyat Prestige Rose,EDP/EDT/Parfum (verificar),,,ARABIYAT-ARABIYAT-PRESTIGE-ROSE-0837,,Catálogo de la casa / referencia de catálogo,,,,,,Referencia — revisar antes de publicar,
PERF-00839,Arabiyat Prestige,Árabe,Arabiyat Prestige Gold,EDP/EDT/Parfum (verificar),,,ARABIYAT-ARABIYAT-PRESTIGE-GOLD-0838,,Catálogo de la casa / referencia de catálogo,,,,,,Referencia — revisar antes de publicar,
PERF-00840,Arabiyat Prestige,Árabe,Arabiyat Prestige White,EDP/EDT/Parfum (verificar),,,ARABIYAT-ARABIYAT-PRESTIGE-WHITE-0839,,Catálogo de la casa / referencia de catálogo,,,,,,Referencia — revisar antes de publicar,
PERF-00841,Arabiyat Prestige,Árabe,Arabiyat Prestige Blue,EDP/EDT/Parfum (verificar),,,ARABIYAT-ARABIYAT-PRESTIGE-BLUE-0840,,Catálogo de la casa / referencia de catálogo,,,,,,Referencia — revisar antes de publicar,
PERF-00842,Nabeel,Árabe,Machan,EDP/EDT/Parfum (verificar),,,NABEEL-MACHAN-0841,,Catálogo de la casa / referencia de catálogo,,,,,,Referencia — revisar antes de publicar,
PERF-00843,Nabeel,Árabe,Oudh Nabeel,EDP/EDT/Parfum (verificar),,,NABEEL-OUDH-NABEEL-0842,,Catálogo de la casa / referencia de catálogo,,,,,,Referencia — revisar antes de publicar,
PERF-00844,Nabeel,Árabe,Black Leather,EDP/EDT/Parfum (verificar),,,NABEEL-BLACK-LEATHER-0843,,Catálogo de la casa / referencia de catálogo,,,,,,Referencia — revisar antes de publicar,
PERF-00845,Nabeel,Árabe,Touch Me,EDP/EDT/Parfum (verificar),,,NABEEL-TOUCH-ME-0844,,Catálogo de la casa / referencia de catálogo,,,,,,Referencia — revisar antes de publicar,
PERF-00846,Nabeel,Árabe,Irth,EDP/EDT/Parfum (verificar),,,NABEEL-IRTH-0845,,Catálogo de la casa / referencia de catálogo,,,,,,Referencia — revisar antes de publicar,
PERF-00847,Nabeel,Árabe,Arabian Classic,EDP/EDT/Parfum (verificar),,,NABEEL-ARABIAN-CLASSIC-0846,,Catálogo de la casa / referencia de catálogo,,,,,,Referencia — revisar antes de publicar,
PERF-00848,Nabeel,Árabe,Al Bashiq,EDP/EDT/Parfum (verificar),,,NABEEL-AL-BASHIQ-0847,,Catálogo de la casa / referencia de catálogo,,,,,,Referencia — revisar antes de publicar,
PERF-00849,Nabeel,Árabe,Nabeel Dahn Al Oudh,EDP/EDT/Parfum (verificar),,,NABEEL-NABEEL-DAHN-AL-OUDH-0848,,Catálogo de la casa / referencia de catálogo,,,,,,Referencia — revisar antes de publicar,
PERF-00850,Nabeel,Árabe,Musk Al Ghazal,EDP/EDT/Parfum (verificar),,,NABEEL-MUSK-AL-GHAZAL-0849,,Catálogo de la casa / referencia de catálogo,,,,,,Referencia — revisar antes de publicar,
PERF-00851,Nabeel,Árabe,Musk Al Tahara,EDP/EDT/Parfum (verificar),,,NABEEL-MUSK-AL-TAHARA-0850,,Catálogo de la casa / referencia de catálogo,,,,,,Referencia — revisar antes de publicar,
PERF-00852,Nabeel,Árabe,Oudh Khususi,EDP/EDT/Parfum (verificar),,,NABEEL-OUDH-KHUSUSI-0851,,Catálogo de la casa / referencia de catálogo,,,,,,Referencia — revisar antes de publicar,
PERF-00853,Nabeel,Árabe,Oudh Nabeel Special,EDP/EDT/Parfum (verificar),,,NABEEL-OUDH-NABEEL-SPECIAL-0852,,Catálogo de la casa / referencia de catálogo,,,,,,Referencia — revisar antes de publicar,
PERF-00854,Nabeel,Árabe,Oudh Nabeel Royal,EDP/EDT/Parfum (verificar),,,NABEEL-OUDH-NABEEL-ROYAL-0853,,Catálogo de la casa / referencia de catálogo,,,,,,Referencia — revisar antes de publicar,
PERF-00855,Nabeel,Árabe,Nabeel Romance,EDP/EDT/Parfum (verificar),,,NABEEL-NABEEL-ROMANCE-0854,,Catálogo de la casa / referencia de catálogo,,,,,,Referencia — revisar antes de publicar,
PERF-00856,Nabeel,Árabe,Nabeel Silver,EDP/EDT/Parfum (verificar),,,NABEEL-NABEEL-SILVER-0855,,Catálogo de la casa / referencia de catálogo,,,,,,Referencia — revisar antes de publicar,
PERF-00857,Nabeel,Árabe,Nabeel Gold,EDP/EDT/Parfum (verificar),,,NABEEL-NABEEL-GOLD-0856,,Catálogo de la casa / referencia de catálogo,,,,,,Referencia — revisar antes de publicar,
PERF-00858,Nabeel,Árabe,Nabeel Black,EDP/EDT/Parfum (verificar),,,NABEEL-NABEEL-BLACK-0857,,Catálogo de la casa / referencia de catálogo,,,,,,Referencia — revisar antes de publicar,
PERF-00859,Nabeel,Árabe,Nabeel White,EDP/EDT/Parfum (verificar),,,NABEEL-NABEEL-WHITE-0858,,Catálogo de la casa / referencia de catálogo,,,,,,Referencia — revisar antes de publicar,
PERF-00860,Nabeel,Árabe,Nabeel Musk,EDP/EDT/Parfum (verificar),,,NABEEL-NABEEL-MUSK-0859,,Catálogo de la casa / referencia de catálogo,,,,,,Referencia — revisar antes de publicar,
PERF-00861,Nabeel,Árabe,Nabeel Oud,EDP/EDT/Parfum (verificar),,,NABEEL-NABEEL-OUD-0860,,Catálogo de la casa / referencia de catálogo,,,,,,Referencia — revisar antes de publicar,
PERF-00862,Junaid,Árabe,Junaid Jamshed,EDP/EDT/Parfum (verificar),,,JUNAID-JUNAID-JAMSHED-0861,,Catálogo de la casa / referencia de catálogo,,,,,,Referencia — revisar antes de publicar,
PERF-00863,Junaid,Árabe,Musk Al Tahara,EDP/EDT/Parfum (verificar),,,JUNAID-MUSK-AL-TAHARA-0862,,Catálogo de la casa / referencia de catálogo,,,,,,Referencia — revisar antes de publicar,
PERF-00864,Junaid,Árabe,Wasim Akram 502,EDP/EDT/Parfum (verificar),,,JUNAID-WASIM-AKRAM-502-0863,,Catálogo de la casa / referencia de catálogo,,,,,,Referencia — revisar antes de publicar,
PERF-00865,Junaid,Árabe,Zarrar,EDP/EDT/Parfum (verificar),,,JUNAID-ZARRAR-0864,,Catálogo de la casa / referencia de catálogo,,,,,,Referencia — revisar antes de publicar,
PERF-00866,Junaid,Árabe,Janat E Firdous,EDP/EDT/Parfum (verificar),,,JUNAID-JANAT-E-FIRDOUS-0865,,Catálogo de la casa / referencia de catálogo,,,,,,Referencia — revisar antes de publicar,
PERF-00867,Junaid,Árabe,Areej,EDP/EDT/Parfum (verificar),,,JUNAID-AREEJ-0866,,Catálogo de la casa / referencia de catálogo,,,,,,Referencia — revisar antes de publicar,
PERF-00868,Junaid,Árabe,Junaid Alam,EDP/EDT/Parfum (verificar),,,JUNAID-JUNAID-ALAM-0867,,Catálogo de la casa / referencia de catálogo,,,,,,Referencia — revisar antes de publicar,
PERF-00869,Junaid,Árabe,Janan,EDP/EDT/Parfum (verificar),,,JUNAID-JANAN-0868,,Catálogo de la casa / referencia de catálogo,,,,,,Referencia — revisar antes de publicar,
PERF-00870,Junaid,Árabe,J. White Musk,EDP/EDT/Parfum (verificar),,,JUNAID-J-WHITE-MUSK-0869,,Catálogo de la casa / referencia de catálogo,,,,,,Referencia — revisar antes de publicar,
PERF-00871,Junaid,Árabe,J. Wasim Akram,EDP/EDT/Parfum (verificar),,,JUNAID-J-WASIM-AKRAM-0870,,Catálogo de la casa / referencia de catálogo,,,,,,Referencia — revisar antes de publicar,
PERF-00872,Junaid,Árabe,J. Pour Homme,EDP/EDT/Parfum (verificar),,,JUNAID-J-POUR-HOMME-0871,,Catálogo de la casa / referencia de catálogo,,,,,,Referencia — revisar antes de publicar,
PERF-00873,Junaid,Árabe,J. Pour Femme,EDP/EDT/Parfum (verificar),,,JUNAID-J-POUR-FEMME-0872,,Catálogo de la casa / referencia de catálogo,,,,,,Referencia — revisar antes de publicar,
PERF-00874,Junaid,Árabe,Junaid Jamshed Special,EDP/EDT/Parfum (verificar),,,JUNAID-JUNAID-JAMSHED-SPECIAL-0873,,Catálogo de la casa / referencia de catálogo,,,,,,Referencia — revisar antes de publicar,
PERF-00875,Junaid,Árabe,Musk Al Ghazal,EDP/EDT/Parfum (verificar),,,JUNAID-MUSK-AL-GHAZAL-0874,,Catálogo de la casa / referencia de catálogo,,,,,,Referencia — revisar antes de publicar,
PERF-00876,Junaid,Árabe,Oudh Al Junaid,EDP/EDT/Parfum (verificar),,,JUNAID-OUDH-AL-JUNAID-0875,,Catálogo de la casa / referencia de catálogo,,,,,,Referencia — revisar antes de publicar,
PERF-00877,Dior,Diseñador,Sauvage Eau de Toilette,EDP/EDT/Parfum (verificar),,,DIOR-SAUVAGE-EAU-DE-TOILETTE-0876,,Catálogo de la casa / referencia de catálogo,,,,,,Referencia — revisar antes de publicar,
PERF-00878,Dior,Diseñador,Sauvage Eau de Parfum,EDP/EDT/Parfum (verificar),,,DIOR-SAUVAGE-EAU-DE-PARFUM-0877,,Catálogo de la casa / referencia de catálogo,,,,,,Referencia — revisar antes de publicar,
PERF-00879,Dior,Diseñador,Sauvage Elixir,EDP/EDT/Parfum (verificar),,,DIOR-SAUVAGE-ELIXIR-0878,,Catálogo de la casa / referencia de catálogo,,,,,,Referencia — revisar antes de publicar,
PERF-00880,Dior,Diseñador,Sauvage Parfum,EDP/EDT/Parfum (verificar),,,DIOR-SAUVAGE-PARFUM-0879,,Catálogo de la casa / referencia de catálogo,,,,,,Referencia — revisar antes de publicar,
PERF-00881,Dior,Diseñador,Sauvage Eau Forte,EDP/EDT/Parfum (verificar),,,DIOR-SAUVAGE-EAU-FORTE-0880,,Catálogo de la casa / referencia de catálogo,,,,,,Referencia — revisar antes de publicar,
PERF-00882,Dior,Diseñador,Dior Homme Intense,EDP/EDT/Parfum (verificar),,,DIOR-DIOR-HOMME-INTENSE-0881,,Catálogo de la casa / referencia de catálogo,,,,,,Referencia — revisar antes de publicar,
PERF-00883,Dior,Diseñador,Dior Homme Parfum,EDP/EDT/Parfum (verificar),,,DIOR-DIOR-HOMME-PARFUM-0882,,Catálogo de la casa / referencia de catálogo,,,,,,Referencia — revisar antes de publicar,
PERF-00884,Dior,Diseñador,Dior Homme Sport,EDP/EDT/Parfum (verificar),,,DIOR-DIOR-HOMME-SPORT-0883,,Catálogo de la casa / referencia de catálogo,,,,,,Referencia — revisar antes de publicar,
PERF-00885,Dior,Diseñador,Dior Homme Cologne,EDP/EDT/Parfum (verificar),,,DIOR-DIOR-HOMME-COLOGNE-0884,,Catálogo de la casa / referencia de catálogo,,,,,,Referencia — revisar antes de publicar,
PERF-00886,Dior,Diseñador,Dior Homme Original,EDP/EDT/Parfum (verificar),,,DIOR-DIOR-HOMME-ORIGINAL-0885,,Catálogo de la casa / referencia de catálogo,,,,,,Referencia — revisar antes de publicar,
PERF-00887,Dior,Diseñador,Fahrenheit,EDP/EDT/Parfum (verificar),,,DIOR-FAHRENHEIT-0886,,Catálogo de la casa / referencia de catálogo,,,,,,Referencia — revisar antes de publicar,
PERF-00888,Dior,Diseñador,Fahrenheit Le Parfum,EDP/EDT/Parfum (verificar),,,DIOR-FAHRENHEIT-LE-PARFUM-0887,,Catálogo de la casa / referencia de catálogo,,,,,,Referencia — revisar antes de publicar,
PERF-00889,Dior,Diseñador,Fahrenheit Parfum,EDP/EDT/Parfum (verificar),,,DIOR-FAHRENHEIT-PARFUM-0888,,Catálogo de la casa / referencia de catálogo,,,,,,Referencia — revisar antes de publicar,
PERF-00890,Dior,Diseñador,Miss Dior Eau de Parfum,EDP/EDT/Parfum (verificar),,,DIOR-MISS-DIOR-EAU-DE-PARFUM-0889,,Catálogo de la casa / referencia de catálogo,,,,,,Referencia — revisar antes de publicar,
PERF-00891,Dior,Diseñador,Miss Dior Blooming Bouquet,EDP/EDT/Parfum (verificar),,,DIOR-MISS-DIOR-BLOOMING-BOUQU-0890,,Catálogo de la casa / referencia de catálogo,,,,,,Referencia — revisar antes de publicar,
PERF-00892,Dior,Diseñador,Miss Dior Parfum,EDP/EDT/Parfum (verificar),,,DIOR-MISS-DIOR-PARFUM-0891,,Catálogo de la casa / referencia de catálogo,,,,,,Referencia — revisar antes de publicar,
PERF-00893,Dior,Diseñador,J'adore Eau de Parfum,EDP/EDT/Parfum (verificar),,,DIOR-J-ADORE-EAU-DE-PARFUM-0892,,Catálogo de la casa / referencia de catálogo,,,,,,Referencia — revisar antes de publicar,
PERF-00894,Dior,Diseñador,J'adore Parfum d'Eau,EDP/EDT/Parfum (verificar),,,DIOR-J-ADORE-PARFUM-D-EAU-0893,,Catálogo de la casa / referencia de catálogo,,,,,,Referencia — revisar antes de publicar,
PERF-00895,Dior,Diseñador,J'adore Infinissime,EDP/EDT/Parfum (verificar),,,DIOR-J-ADORE-INFINISSIME-0894,,Catálogo de la casa / referencia de catálogo,,,,,,Referencia — revisar antes de publicar,
PERF-00896,Dior,Diseñador,Hypnotic Poison,EDP/EDT/Parfum (verificar),,,DIOR-HYPNOTIC-POISON-0895,,Catálogo de la casa / referencia de catálogo,,,,,,Referencia — revisar antes de publicar,
PERF-00897,Dior,Diseñador,Poison Girl,EDP/EDT/Parfum (verificar),,,DIOR-POISON-GIRL-0896,,Catálogo de la casa / referencia de catálogo,,,,,,Referencia — revisar antes de publicar,
PERF-00898,Dior,Diseñador,Dior Addict,EDP/EDT/Parfum (verificar),,,DIOR-DIOR-ADDICT-0897,,Catálogo de la casa / referencia de catálogo,,,,,,Referencia — revisar antes de publicar,
PERF-00899,Dior,Diseñador,Dune,EDP/EDT/Parfum (verificar),,,DIOR-DUNE-0898,,Catálogo de la casa / referencia de catálogo,,,,,,Referencia — revisar antes de publicar,
PERF-00900,Dior,Diseñador,Pure Poison,EDP/EDT/Parfum (verificar),,,DIOR-PURE-POISON-0899,,Catálogo de la casa / referencia de catálogo,,,,,,Referencia — revisar antes de publicar,
PERF-00901,Dior,Diseñador,Joy by Dior,EDP/EDT/Parfum (verificar),,,DIOR-JOY-BY-DIOR-0900,,Catálogo de la casa / referencia de catálogo,,,,,,Referencia — revisar antes de publicar,
PERF-00902,Dior,Diseñador,Diorama,EDP/EDT/Parfum (verificar),,,DIOR-DIORAMA-0901,,Catálogo de la casa / referencia de catálogo,,,,,,Referencia — revisar antes de publicar,
PERF-00903,Dior,Diseñador,Higher,EDP/EDT/Parfum (verificar),,,DIOR-HIGHER-0902,,Catálogo de la casa / referencia de catálogo,,,,,,Referencia — revisar antes de publicar,
PERF-00904,Dior,Diseñador,Higher Energy,EDP/EDT/Parfum (verificar),,,DIOR-HIGHER-ENERGY-0903,,Catálogo de la casa / referencia de catálogo,,,,,,Referencia — revisar antes de publicar,
PERF-00905,Dior,Diseñador,Eau Sauvage,EDP/EDT/Parfum (verificar),,,DIOR-EAU-SAUVAGE-0904,,Catálogo de la casa / referencia de catálogo,,,,,,Referencia — revisar antes de publicar,
PERF-00906,Dior,Diseñador,Eau Sauvage Parfum,EDP/EDT/Parfum (verificar),,,DIOR-EAU-SAUVAGE-PARFUM-0905,,Catálogo de la casa / referencia de catálogo,,,,,,Referencia — revisar antes de publicar,
PERF-00907,Dior,Diseñador,Ambre Nuit,EDP/EDT/Parfum (verificar),,,DIOR-AMBRE-NUIT-0906,,Catálogo de la casa / referencia de catálogo,,,,,,Referencia — revisar antes de publicar,
PERF-00908,Dior,Diseñador,Bois d'Argent,EDP/EDT/Parfum (verificar),,,DIOR-BOIS-D-ARGENT-0907,,Catálogo de la casa / referencia de catálogo,,,,,,Referencia — revisar antes de publicar,
PERF-00909,Dior,Diseñador,Gris Dior,EDP/EDT/Parfum (verificar),,,DIOR-GRIS-DIOR-0908,,Catálogo de la casa / referencia de catálogo,,,,,,Referencia — revisar antes de publicar,
PERF-00910,Dior,Diseñador,Oud Ispahan,EDP/EDT/Parfum (verificar),,,DIOR-OUD-ISPAHAN-0909,,Catálogo de la casa / referencia de catálogo,,,,,,Referencia — revisar antes de publicar,
PERF-00911,Dior,Diseñador,Santal Noir,EDP/EDT/Parfum (verificar),,,DIOR-SANTAL-NOIR-0910,,Catálogo de la casa / referencia de catálogo,,,,,,Referencia — revisar antes de publicar,
PERF-00912,Dior,Diseñador,Fève Délicieuse,EDP/EDT/Parfum (verificar),,,DIOR-F-VE-D-LICIEUSE-0911,,Catálogo de la casa / referencia de catálogo,,,,,,Referencia — revisar antes de publicar,
PERF-00913,Dior,Diseñador,Feve Delicieuse,EDP/EDT/Parfum (verificar),,,DIOR-FEVE-DELICIEUSE-0912,,Catálogo de la casa / referencia de catálogo,,,,,,Referencia — revisar antes de publicar,
PERF-00914,Chanel,Diseñador,Bleu de Chanel Eau de Toilette,EDP/EDT/Parfum (verificar),,,CHANEL-BLEU-DE-CHANEL-EAU-DE-TO-0913,,Catálogo de la casa / referencia de catálogo,,,,,,Referencia — revisar antes de publicar,
PERF-00915,Chanel,Diseñador,Bleu de Chanel Eau de Parfum,EDP/EDT/Parfum (verificar),,,CHANEL-BLEU-DE-CHANEL-EAU-DE-PA-0914,,Catálogo de la casa / referencia de catálogo,,,,,,Referencia — revisar antes de publicar,
PERF-00916,Chanel,Diseñador,Bleu de Chanel Parfum,EDP/EDT/Parfum (verificar),,,CHANEL-BLEU-DE-CHANEL-PARFUM-0915,,Catálogo de la casa / referencia de catálogo,,,,,,Referencia — revisar antes de publicar,
PERF-00917,Chanel,Diseñador,Bleu de Chanel L'Exclusif,EDP/EDT/Parfum (verificar),,,CHANEL-BLEU-DE-CHANEL-L-EXCLUSI-0916,,Catálogo de la casa / referencia de catálogo,,,,,,Referencia — revisar antes de publicar,
PERF-00918,Chanel,Diseñador,Allure Homme Sport,EDP/EDT/Parfum (verificar),,,CHANEL-ALLURE-HOMME-SPORT-0917,,Catálogo de la casa / referencia de catálogo,,,,,,Referencia — revisar antes de publicar,
PERF-00919,Chanel,Diseñador,Allure Homme Sport Eau Extreme,EDP/EDT/Parfum (verificar),,,CHANEL-ALLURE-HOMME-SPORT-EAU-E-0918,,Catálogo de la casa / referencia de catálogo,,,,,,Referencia — revisar antes de publicar,
PERF-00920,Chanel,Diseñador,Allure Homme Edition Blanche,EDP/EDT/Parfum (verificar),,,CHANEL-ALLURE-HOMME-EDITION-BLA-0919,,Catálogo de la casa / referencia de catálogo,,,,,,Referencia — revisar antes de publicar,
PERF-00921,Chanel,Diseñador,Allure Homme,EDP/EDT/Parfum (verificar),,,CHANEL-ALLURE-HOMME-0920,,Catálogo de la casa / referencia de catálogo,,,,,,Referencia — revisar antes de publicar,
PERF-00922,Chanel,Diseñador,Égoïste,EDP/EDT/Parfum (verificar),,,CHANEL-GO-STE-0921,,Catálogo de la casa / referencia de catálogo,,,,,,Referencia — revisar antes de publicar,
PERF-00923,Chanel,Diseñador,Égoïste Platinum,EDP/EDT/Parfum (verificar),,,CHANEL-GO-STE-PLATINUM-0922,,Catálogo de la casa / referencia de catálogo,,,,,,Referencia — revisar antes de publicar,
PERF-00924,Chanel,Diseñador,Coco Mademoiselle,EDP/EDT/Parfum (verificar),,,CHANEL-COCO-MADEMOISELLE-0923,,Catálogo de la casa / referencia de catálogo,,,,,,Referencia — revisar antes de publicar,
PERF-00925,Chanel,Diseñador,Coco Mademoiselle Intense,EDP/EDT/Parfum (verificar),,,CHANEL-COCO-MADEMOISELLE-INTENS-0924,,Catálogo de la casa / referencia de catálogo,,,,,,Referencia — revisar antes de publicar,
PERF-00926,Chanel,Diseñador,Coco Mademoiselle L'Eau Privée,EDP/EDT/Parfum (verificar),,,CHANEL-COCO-MADEMOISELLE-L-EAU--0925,,Catálogo de la casa / referencia de catálogo,,,,,,Referencia — revisar antes de publicar,
PERF-00927,Chanel,Diseñador,Chance Eau de Parfum,EDP/EDT/Parfum (verificar),,,CHANEL-CHANCE-EAU-DE-PARFUM-0926,,Catálogo de la casa / referencia de catálogo,,,,,,Referencia — revisar antes de publicar,
PERF-00928,Chanel,Diseñador,Chance Eau Tendre,EDP/EDT/Parfum (verificar),,,CHANEL-CHANCE-EAU-TENDRE-0927,,Catálogo de la casa / referencia de catálogo,,,,,,Referencia — revisar antes de publicar,
PERF-00929,Chanel,Diseñador,Chance Eau Fraîche,EDP/EDT/Parfum (verificar),,,CHANEL-CHANCE-EAU-FRA-CHE-0928,,Catálogo de la casa / referencia de catálogo,,,,,,Referencia — revisar antes de publicar,
PERF-00930,Chanel,Diseñador,Chance Eau Vive,EDP/EDT/Parfum (verificar),,,CHANEL-CHANCE-EAU-VIVE-0929,,Catálogo de la casa / referencia de catálogo,,,,,,Referencia — revisar antes de publicar,
PERF-00931,Chanel,Diseñador,Chance Parfum,EDP/EDT/Parfum (verificar),,,CHANEL-CHANCE-PARFUM-0930,,Catálogo de la casa / referencia de catálogo,,,,,,Referencia — revisar antes de publicar,
PERF-00932,Chanel,Diseñador,N°5 Eau de Parfum,EDP/EDT/Parfum (verificar),,,CHANEL-N-5-EAU-DE-PARFUM-0931,,Catálogo de la casa / referencia de catálogo,,,,,,Referencia — revisar antes de publicar,
PERF-00933,Chanel,Diseñador,N°5 L'Eau,EDP/EDT/Parfum (verificar),,,CHANEL-N-5-L-EAU-0932,,Catálogo de la casa / referencia de catálogo,,,,,,Referencia — revisar antes de publicar,
PERF-00934,Chanel,Diseñador,N°5 Parfum,EDP/EDT/Parfum (verificar),,,CHANEL-N-5-PARFUM-0933,,Catálogo de la casa / referencia de catálogo,,,,,,Referencia — revisar antes de publicar,
PERF-00935,Chanel,Diseñador,N°5 Eau Première,EDP/EDT/Parfum (verificar),,,CHANEL-N-5-EAU-PREMI-RE-0934,,Catálogo de la casa / referencia de catálogo,,,,,,Referencia — revisar antes de publicar,
PERF-00936,Chanel,Diseñador,Gabrielle,EDP/EDT/Parfum (verificar),,,CHANEL-GABRIELLE-0935,,Catálogo de la casa / referencia de catálogo,,,,,,Referencia — revisar antes de publicar,
PERF-00937,Chanel,Diseñador,Gabrielle Essence,EDP/EDT/Parfum (verificar),,,CHANEL-GABRIELLE-ESSENCE-0936,,Catálogo de la casa / referencia de catálogo,,,,,,Referencia — revisar antes de publicar,
PERF-00938,Chanel,Diseñador,Coco,EDP/EDT/Parfum (verificar),,,CHANEL-COCO-0937,,Catálogo de la casa / referencia de catálogo,,,,,,Referencia — revisar antes de publicar,
PERF-00939,Chanel,Diseñador,Coco Noir,EDP/EDT/Parfum (verificar),,,CHANEL-COCO-NOIR-0938,,Catálogo de la casa / referencia de catálogo,,,,,,Referencia — revisar antes de publicar,
PERF-00940,Chanel,Diseñador,Cristalle,EDP/EDT/Parfum (verificar),,,CHANEL-CRISTALLE-0939,,Catálogo de la casa / referencia de catálogo,,,,,,Referencia — revisar antes de publicar,
PERF-00941,Chanel,Diseñador,No. 19,EDP/EDT/Parfum (verificar),,,CHANEL-NO-19-0940,,Catálogo de la casa / referencia de catálogo,,,,,,Referencia — revisar antes de publicar,
PERF-00942,Chanel,Diseñador,Antaeus,EDP/EDT/Parfum (verificar),,,CHANEL-ANTAEUS-0941,,Catálogo de la casa / referencia de catálogo,,,,,,Referencia — revisar antes de publicar,
PERF-00943,Chanel,Diseñador,Pour Monsieur,EDP/EDT/Parfum (verificar),,,CHANEL-POUR-MONSIEUR-0942,,Catálogo de la casa / referencia de catálogo,,,,,,Referencia — revisar antes de publicar,
PERF-00944,Chanel,Diseñador,1957 Les Exclusifs,EDP/EDT/Parfum (verificar),,,CHANEL-1957-LES-EXCLUSIFS-0943,,Catálogo de la casa / referencia de catálogo,,,,,,Referencia — revisar antes de publicar,
PERF-00945,Chanel,Diseñador,Coromandel,EDP/EDT/Parfum (verificar),,,CHANEL-COROMANDEL-0944,,Catálogo de la casa / referencia de catálogo,,,,,,Referencia — revisar antes de publicar,
PERF-00946,Chanel,Diseñador,Sycomore,EDP/EDT/Parfum (verificar),,,CHANEL-SYCOMORE-0945,,Catálogo de la casa / referencia de catálogo,,,,,,Referencia — revisar antes de publicar,
PERF-00947,Chanel,Diseñador,Le Lion de Chanel,EDP/EDT/Parfum (verificar),,,CHANEL-LE-LION-DE-CHANEL-0946,,Catálogo de la casa / referencia de catálogo,,,,,,Referencia — revisar antes de publicar,
PERF-00948,Chanel,Diseñador,Beige,EDP/EDT/Parfum (verificar),,,CHANEL-BEIGE-0947,,Catálogo de la casa / referencia de catálogo,,,,,,Referencia — revisar antes de publicar,
PERF-00949,Chanel,Diseñador,Boy Chanel,EDP/EDT/Parfum (verificar),,,CHANEL-BOY-CHANEL-0948,,Catálogo de la casa / referencia de catálogo,,,,,,Referencia — revisar antes de publicar,
PERF-00950,Yves Saint Laurent,Diseñador,Y Eau de Toilette,EDP/EDT/Parfum (verificar),,,YVES-SAI-Y-EAU-DE-TOILETTE-0949,,Catálogo de la casa / referencia de catálogo,,,,,,Referencia — revisar antes de publicar,
PERF-00951,Yves Saint Laurent,Diseñador,Y Eau de Parfum,EDP/EDT/Parfum (verificar),,,YVES-SAI-Y-EAU-DE-PARFUM-0950,,Catálogo de la casa / referencia de catálogo,,,,,,Referencia — revisar antes de publicar,
PERF-00952,Yves Saint Laurent,Diseñador,Y Le Parfum,EDP/EDT/Parfum (verificar),,,YVES-SAI-Y-LE-PARFUM-0951,,Catálogo de la casa / referencia de catálogo,,,,,,Referencia — revisar antes de publicar,
PERF-00953,Yves Saint Laurent,Diseñador,Y Eau de Parfum Intense,EDP/EDT/Parfum (verificar),,,YVES-SAI-Y-EAU-DE-PARFUM-INTENSE-0952,,Catálogo de la casa / referencia de catálogo,,,,,,Referencia — revisar antes de publicar,
PERF-00954,Yves Saint Laurent,Diseñador,Y Elixir,EDP/EDT/Parfum (verificar),,,YVES-SAI-Y-ELIXIR-0953,,Catálogo de la casa / referencia de catálogo,,,,,,Referencia — revisar antes de publicar,
PERF-00955,Yves Saint Laurent,Diseñador,Y Eau Fraîche,EDP/EDT/Parfum (verificar),,,YVES-SAI-Y-EAU-FRA-CHE-0954,,Catálogo de la casa / referencia de catálogo,,,,,,Referencia — revisar antes de publicar,
PERF-00956,Yves Saint Laurent,Diseñador,La Nuit de L'Homme,EDP/EDT/Parfum (verificar),,,YVES-SAI-LA-NUIT-DE-L-HOMME-0955,,Catálogo de la casa / referencia de catálogo,,,,,,Referencia — revisar antes de publicar,
PERF-00957,Yves Saint Laurent,Diseñador,La Nuit de L'Homme Bleu Électrique,EDP/EDT/Parfum (verificar),,,YVES-SAI-LA-NUIT-DE-L-HOMME-BLEU--0956,,Catálogo de la casa / referencia de catálogo,,,,,,Referencia — revisar antes de publicar,
PERF-00958,Yves Saint Laurent,Diseñador,La Nuit de L'Homme Le Parfum,EDP/EDT/Parfum (verificar),,,YVES-SAI-LA-NUIT-DE-L-HOMME-LE-PA-0957,,Catálogo de la casa / referencia de catálogo,,,,,,Referencia — revisar antes de publicar,
PERF-00959,Yves Saint Laurent,Diseñador,MYSLF,EDP/EDT/Parfum (verificar),,,YVES-SAI-MYSLF-0958,,Catálogo de la casa / referencia de catálogo,,,,,,Referencia — revisar antes de publicar,
PERF-00960,Yves Saint Laurent,Diseñador,MYSLF Le Parfum,EDP/EDT/Parfum (verificar),,,YVES-SAI-MYSLF-LE-PARFUM-0959,,Catálogo de la casa / referencia de catálogo,,,,,,Referencia — revisar antes de publicar,
PERF-00961,Yves Saint Laurent,Diseñador,L'Homme,EDP/EDT/Parfum (verificar),,,YVES-SAI-L-HOMME-0960,,Catálogo de la casa / referencia de catálogo,,,,,,Referencia — revisar antes de publicar,
PERF-00962,Yves Saint Laurent,Diseñador,L'Homme Le Parfum,EDP/EDT/Parfum (verificar),,,YVES-SAI-L-HOMME-LE-PARFUM-0961,,Catálogo de la casa / referencia de catálogo,,,,,,Referencia — revisar antes de publicar,
PERF-00963,Yves Saint Laurent,Diseñador,Kouros,EDP/EDT/Parfum (verificar),,,YVES-SAI-KOUROS-0962,,Catálogo de la casa / referencia de catálogo,,,,,,Referencia — revisar antes de publicar,
PERF-00964,Yves Saint Laurent,Diseñador,Kouros Silver,EDP/EDT/Parfum (verificar),,,YVES-SAI-KOUROS-SILVER-0963,,Catálogo de la casa / referencia de catálogo,,,,,,Referencia — revisar antes de publicar,
PERF-00965,Yves Saint Laurent,Diseñador,Libre Eau de Parfum,EDP/EDT/Parfum (verificar),,,YVES-SAI-LIBRE-EAU-DE-PARFUM-0964,,Catálogo de la casa / referencia de catálogo,,,,,,Referencia — revisar antes de publicar,
PERF-00966,Yves Saint Laurent,Diseñador,Libre Intense,EDP/EDT/Parfum (verificar),,,YVES-SAI-LIBRE-INTENSE-0965,,Catálogo de la casa / referencia de catálogo,,,,,,Referencia — revisar antes de publicar,
PERF-00967,Yves Saint Laurent,Diseñador,Libre Le Parfum,EDP/EDT/Parfum (verificar),,,YVES-SAI-LIBRE-LE-PARFUM-0966,,Catálogo de la casa / referencia de catálogo,,,,,,Referencia — revisar antes de publicar,
PERF-00968,Yves Saint Laurent,Diseñador,Libre Flowers & Flames,EDP/EDT/Parfum (verificar),,,YVES-SAI-LIBRE-FLOWERS-FLAMES-0967,,Catálogo de la casa / referencia de catálogo,,,,,,Referencia — revisar antes de publicar,
PERF-00969,Yves Saint Laurent,Diseñador,Libre L'Eau Nue,EDP/EDT/Parfum (verificar),,,YVES-SAI-LIBRE-L-EAU-NUE-0968,,Catálogo de la casa / referencia de catálogo,,,,,,Referencia — revisar antes de publicar,
PERF-00970,Yves Saint Laurent,Diseñador,Black Opium,EDP/EDT/Parfum (verificar),,,YVES-SAI-BLACK-OPIUM-0969,,Catálogo de la casa / referencia de catálogo,,,,,,Referencia — revisar antes de publicar,
PERF-00971,Yves Saint Laurent,Diseñador,Black Opium Le Parfum,EDP/EDT/Parfum (verificar),,,YVES-SAI-BLACK-OPIUM-LE-PARFUM-0970,,Catálogo de la casa / referencia de catálogo,,,,,,Referencia — revisar antes de publicar,
PERF-00972,Yves Saint Laurent,Diseñador,Black Opium Over Red,EDP/EDT/Parfum (verificar),,,YVES-SAI-BLACK-OPIUM-OVER-RED-0971,,Catálogo de la casa / referencia de catálogo,,,,,,Referencia — revisar antes de publicar,
PERF-00973,Yves Saint Laurent,Diseñador,Black Opium Extreme,EDP/EDT/Parfum (verificar),,,YVES-SAI-BLACK-OPIUM-EXTREME-0972,,Catálogo de la casa / referencia de catálogo,,,,,,Referencia — revisar antes de publicar,
PERF-00974,Yves Saint Laurent,Diseñador,Mon Paris,EDP/EDT/Parfum (verificar),,,YVES-SAI-MON-PARIS-0973,,Catálogo de la casa / referencia de catálogo,,,,,,Referencia — revisar antes de publicar,
PERF-00975,Yves Saint Laurent,Diseñador,Mon Paris Couture,EDP/EDT/Parfum (verificar),,,YVES-SAI-MON-PARIS-COUTURE-0974,,Catálogo de la casa / referencia de catálogo,,,,,,Referencia — revisar antes de publicar,
PERF-00976,Yves Saint Laurent,Diseñador,Mon Paris Intensement,EDP/EDT/Parfum (verificar),,,YVES-SAI-MON-PARIS-INTENSEMENT-0975,,Catálogo de la casa / referencia de catálogo,,,,,,Referencia — revisar antes de publicar,
PERF-00977,Yves Saint Laurent,Diseñador,Opium,EDP/EDT/Parfum (verificar),,,YVES-SAI-OPIUM-0976,,Catálogo de la casa / referencia de catálogo,,,,,,Referencia — revisar antes de publicar,
PERF-00978,Yves Saint Laurent,Diseñador,Pure XS,EDP/EDT/Parfum (verificar),,,YVES-SAI-PURE-XS-0977,,Catálogo de la casa / referencia de catálogo,,,,,,Referencia — revisar antes de publicar,
PERF-00979,Yves Saint Laurent,Diseñador,Cinema,EDP/EDT/Parfum (verificar),,,YVES-SAI-CINEMA-0978,,Catálogo de la casa / referencia de catálogo,,,,,,Referencia — revisar antes de publicar,
PERF-00980,Yves Saint Laurent,Diseñador,Manifesto,EDP/EDT/Parfum (verificar),,,YVES-SAI-MANIFESTO-0979,,Catálogo de la casa / referencia de catálogo,,,,,,Referencia — revisar antes de publicar,
PERF-00981,Yves Saint Laurent,Diseñador,M7,EDP/EDT/Parfum (verificar),,,YVES-SAI-M7-0980,,Catálogo de la casa / referencia de catálogo,,,,,,Referencia — revisar antes de publicar,
PERF-00982,Yves Saint Laurent,Diseñador,Tuxedo,EDP/EDT/Parfum (verificar),,,YVES-SAI-TUXEDO-0981,,Catálogo de la casa / referencia de catálogo,,,,,,Referencia — revisar antes de publicar,
PERF-00983,Yves Saint Laurent,Diseñador,Babycat,EDP/EDT/Parfum (verificar),,,YVES-SAI-BABYCAT-0982,,Catálogo de la casa / referencia de catálogo,,,,,,Referencia — revisar antes de publicar,
PERF-00984,Yves Saint Laurent,Diseñador,Yatagan,EDP/EDT/Parfum (verificar),,,YVES-SAI-YATAGAN-0983,,Catálogo de la casa / referencia de catálogo,,,,,,Referencia — revisar antes de publicar,
PERF-00985,Jean Paul Gaultier,Diseñador,Le Male,EDP/EDT/Parfum (verificar),,,JEAN-PAU-LE-MALE-0984,,Catálogo de la casa / referencia de catálogo,,,,,,Referencia — revisar antes de publicar,
PERF-00986,Jean Paul Gaultier,Diseñador,Le Male Le Parfum,EDP/EDT/Parfum (verificar),,,JEAN-PAU-LE-MALE-LE-PARFUM-0985,,Catálogo de la casa / referencia de catálogo,,,,,,Referencia — revisar antes de publicar,
PERF-00987,Jean Paul Gaultier,Diseñador,Le Male Elixir,EDP/EDT/Parfum (verificar),,,JEAN-PAU-LE-MALE-ELIXIR-0986,,Catálogo de la casa / referencia de catálogo,,,,,,Referencia — revisar antes de publicar,
PERF-00988,Jean Paul Gaultier,Diseñador,Le Male Elixir Absolu,EDP/EDT/Parfum (verificar),,,JEAN-PAU-LE-MALE-ELIXIR-ABSOLU-0987,,Catálogo de la casa / referencia de catálogo,,,,,,Referencia — revisar antes de publicar,
PERF-00989,Jean Paul Gaultier,Diseñador,Le Beau,EDP/EDT/Parfum (verificar),,,JEAN-PAU-LE-BEAU-0988,,Catálogo de la casa / referencia de catálogo,,,,,,Referencia — revisar antes de publicar,
PERF-00990,Jean Paul Gaultier,Diseñador,Le Beau Le Parfum,EDP/EDT/Parfum (verificar),,,JEAN-PAU-LE-BEAU-LE-PARFUM-0989,,Catálogo de la casa / referencia de catálogo,,,,,,Referencia — revisar antes de publicar,
PERF-00991,Jean Paul Gaultier,Diseñador,Le Beau Paradise Garden,EDP/EDT/Parfum (verificar),,,JEAN-PAU-LE-BEAU-PARADISE-GARDEN-0990,,Catálogo de la casa / referencia de catálogo,,,,,,Referencia — revisar antes de publicar,
PERF-00992,Jean Paul Gaultier,Diseñador,Ultra Male,EDP/EDT/Parfum (verificar),,,JEAN-PAU-ULTRA-MALE-0991,,Catálogo de la casa / referencia de catálogo,,,,,,Referencia — revisar antes de publicar,
PERF-00993,Jean Paul Gaultier,Diseñador,Scandal Pour Homme,EDP/EDT/Parfum (verificar),,,JEAN-PAU-SCANDAL-POUR-HOMME-0992,,Catálogo de la casa / referencia de catálogo,,,,,,Referencia — revisar antes de publicar,
PERF-00994,Jean Paul Gaultier,Diseñador,Scandal Pour Homme Le Parfum,EDP/EDT/Parfum (verificar),,,JEAN-PAU-SCANDAL-POUR-HOMME-LE-PA-0993,,Catálogo de la casa / referencia de catálogo,,,,,,Referencia — revisar antes de publicar,
PERF-00995,Jean Paul Gaultier,Diseñador,Scandal Pour Homme Absolu,EDP/EDT/Parfum (verificar),,,JEAN-PAU-SCANDAL-POUR-HOMME-ABSOL-0994,,Catálogo de la casa / referencia de catálogo,,,,,,Referencia — revisar antes de publicar,
PERF-00996,Jean Paul Gaultier,Diseñador,Classique,EDP/EDT/Parfum (verificar),,,JEAN-PAU-CLASSIQUE-0995,,Catálogo de la casa / referencia de catálogo,,,,,,Referencia — revisar antes de publicar,
PERF-00997,Jean Paul Gaultier,Diseñador,Classique Essence,EDP/EDT/Parfum (verificar),,,JEAN-PAU-CLASSIQUE-ESSENCE-0996,,Catálogo de la casa / referencia de catálogo,,,,,,Referencia — revisar antes de publicar,
PERF-00998,Jean Paul Gaultier,Diseñador,La Belle,EDP/EDT/Parfum (verificar),,,JEAN-PAU-LA-BELLE-0997,,Catálogo de la casa / referencia de catálogo,,,,,,Referencia — revisar antes de publicar,
PERF-00999,Jean Paul Gaultier,Diseñador,La Belle Le Parfum,EDP/EDT/Parfum (verificar),,,JEAN-PAU-LA-BELLE-LE-PARFUM-0998,,Catálogo de la casa / referencia de catálogo,,,,,,Referencia — revisar antes de publicar,
PERF-01000,Jean Paul Gaultier,Diseñador,La Belle Paradise Garden,EDP/EDT/Parfum (verificar),,,JEAN-PAU-LA-BELLE-PARADISE-GARDEN-0999,,Catálogo de la casa / referencia de catálogo,,,,,,Referencia — revisar antes de publicar,
PERF-01001,Jean Paul Gaultier,Diseñador,So Scandal!,EDP/EDT/Parfum (verificar),,,JEAN-PAU-SO-SCANDAL-1000,,Catálogo de la casa / referencia de catálogo,,,,,,Referencia — revisar antes de publicar,
PERF-01002,Jean Paul Gaultier,Diseñador,Scandal Eau de Parfum,EDP/EDT/Parfum (verificar),,,JEAN-PAU-SCANDAL-EAU-DE-PARFUM-1001,,Catálogo de la casa / referencia de catálogo,,,,,,Referencia — revisar antes de publicar,
PERF-01003,Jean Paul Gaultier,Diseñador,Divine,EDP/EDT/Parfum (verificar),,,JEAN-PAU-DIVINE-1002,,Catálogo de la casa / referencia de catálogo,,,,,,Referencia — revisar antes de publicar,
PERF-01004,Jean Paul Gaultier,Diseñador,Gaultier Divine,EDP/EDT/Parfum (verificar),,,JEAN-PAU-GAULTIER-DIVINE-1003,,Catálogo de la casa / referencia de catálogo,,,,,,Referencia — revisar antes de publicar,
PERF-01005,Jean Paul Gaultier,Diseñador,Fleur du Mâle,EDP/EDT/Parfum (verificar),,,JEAN-PAU-FLEUR-DU-M-LE-1004,,Catálogo de la casa / referencia de catálogo,,,,,,Referencia — revisar antes de publicar,
PERF-01006,Jean Paul Gaultier,Diseñador,Kokorico,EDP/EDT/Parfum (verificar),,,JEAN-PAU-KOKORICO-1005,,Catálogo de la casa / referencia de catálogo,,,,,,Referencia — revisar antes de publicar,
PERF-01007,Jean Paul Gaultier,Diseñador,2 Le Male,EDP/EDT/Parfum (verificar),,,JEAN-PAU-2-LE-MALE-1006,,Catálogo de la casa / referencia de catálogo,,,,,,Referencia — revisar antes de publicar,
PERF-01008,Giorgio Armani,Diseñador,Acqua di Giò,EDP/EDT/Parfum (verificar),,,GIORGIO--ACQUA-DI-GI-1007,,Catálogo de la casa / referencia de catálogo,,,,,,Referencia — revisar antes de publicar,
PERF-01009,Giorgio Armani,Diseñador,Acqua di Giò Profondo,EDP/EDT/Parfum (verificar),,,GIORGIO--ACQUA-DI-GI-PROFONDO-1008,,Catálogo de la casa / referencia de catálogo,,,,,,Referencia — revisar antes de publicar,
PERF-01010,Giorgio Armani,Diseñador,Acqua di Giò Parfum,EDP/EDT/Parfum (verificar),,,GIORGIO--ACQUA-DI-GI-PARFUM-1009,,Catálogo de la casa / referencia de catálogo,,,,,,Referencia — revisar antes de publicar,
PERF-01011,Giorgio Armani,Diseñador,Acqua di Giò Absolu,EDP/EDT/Parfum (verificar),,,GIORGIO--ACQUA-DI-GI-ABSOLU-1010,,Catálogo de la casa / referencia de catálogo,,,,,,Referencia — revisar antes de publicar,
PERF-01012,Giorgio Armani,Diseñador,Acqua di Giò Eau de Parfum,EDP/EDT/Parfum (verificar),,,GIORGIO--ACQUA-DI-GI-EAU-DE-PARFU-1011,,Catálogo de la casa / referencia de catálogo,,,,,,Referencia — revisar antes de publicar,
PERF-01013,Giorgio Armani,Diseñador,Armani Code,EDP/EDT/Parfum (verificar),,,GIORGIO--ARMANI-CODE-1012,,Catálogo de la casa / referencia de catálogo,,,,,,Referencia — revisar antes de publicar,
PERF-01014,Giorgio Armani,Diseñador,Armani Code Parfum,EDP/EDT/Parfum (verificar),,,GIORGIO--ARMANI-CODE-PARFUM-1013,,Catálogo de la casa / referencia de catálogo,,,,,,Referencia — revisar antes de publicar,
PERF-01015,Giorgio Armani,Diseñador,Armani Code Profumo,EDP/EDT/Parfum (verificar),,,GIORGIO--ARMANI-CODE-PROFUMO-1014,,Catálogo de la casa / referencia de catálogo,,,,,,Referencia — revisar antes de publicar,
PERF-01016,Giorgio Armani,Diseñador,Armani Code Absolu,EDP/EDT/Parfum (verificar),,,GIORGIO--ARMANI-CODE-ABSOLU-1015,,Catálogo de la casa / referencia de catálogo,,,,,,Referencia — revisar antes de publicar,
PERF-01017,Giorgio Armani,Diseñador,Armani Code Eau de Toilette,EDP/EDT/Parfum (verificar),,,GIORGIO--ARMANI-CODE-EAU-DE-TOILE-1016,,Catálogo de la casa / referencia de catálogo,,,,,,Referencia — revisar antes de publicar,
PERF-01018,Giorgio Armani,Diseñador,Stronger With You,EDP/EDT/Parfum (verificar),,,GIORGIO--STRONGER-WITH-YOU-1017,,Catálogo de la casa / referencia de catálogo,,,,,,Referencia — revisar antes de publicar,
PERF-01019,Giorgio Armani,Diseñador,Stronger With You Intensely,EDP/EDT/Parfum (verificar),,,GIORGIO--STRONGER-WITH-YOU-INTENS-1018,,Catálogo de la casa / referencia de catálogo,,,,,,Referencia — revisar antes de publicar,
PERF-01020,Giorgio Armani,Diseñador,Stronger With You Absolutely,EDP/EDT/Parfum (verificar),,,GIORGIO--STRONGER-WITH-YOU-ABSOLU-1019,,Catálogo de la casa / referencia de catálogo,,,,,,Referencia — revisar antes de publicar,
PERF-01021,Giorgio Armani,Diseñador,Stronger With You Oud,EDP/EDT/Parfum (verificar),,,GIORGIO--STRONGER-WITH-YOU-OUD-1020,,Catálogo de la casa / referencia de catálogo,,,,,,Referencia — revisar antes de publicar,
PERF-01022,Giorgio Armani,Diseñador,Stronger With You Amber,EDP/EDT/Parfum (verificar),,,GIORGIO--STRONGER-WITH-YOU-AMBER-1021,,Catálogo de la casa / referencia de catálogo,,,,,,Referencia — revisar antes de publicar,
PERF-01023,Giorgio Armani,Diseñador,My Way,EDP/EDT/Parfum (verificar),,,GIORGIO--MY-WAY-1022,,Catálogo de la casa / referencia de catálogo,,,,,,Referencia — revisar antes de publicar,
PERF-01024,Giorgio Armani,Diseñador,My Way Intense,EDP/EDT/Parfum (verificar),,,GIORGIO--MY-WAY-INTENSE-1023,,Catálogo de la casa / referencia de catálogo,,,,,,Referencia — revisar antes de publicar,
PERF-01025,Giorgio Armani,Diseñador,My Way Parfum,EDP/EDT/Parfum (verificar),,,GIORGIO--MY-WAY-PARFUM-1024,,Catálogo de la casa / referencia de catálogo,,,,,,Referencia — revisar antes de publicar,
PERF-01026,Giorgio Armani,Diseñador,My Way Nectar,EDP/EDT/Parfum (verificar),,,GIORGIO--MY-WAY-NECTAR-1025,,Catálogo de la casa / referencia de catálogo,,,,,,Referencia — revisar antes de publicar,
PERF-01027,Giorgio Armani,Diseñador,Si,EDP/EDT/Parfum (verificar),,,GIORGIO--SI-1026,,Catálogo de la casa / referencia de catálogo,,,,,,Referencia — revisar antes de publicar,
PERF-01028,Giorgio Armani,Diseñador,Si Passione,EDP/EDT/Parfum (verificar),,,GIORGIO--SI-PASSIONE-1027,,Catálogo de la casa / referencia de catálogo,,,,,,Referencia — revisar antes de publicar,
PERF-01029,Giorgio Armani,Diseñador,Si Intense,EDP/EDT/Parfum (verificar),,,GIORGIO--SI-INTENSE-1028,,Catálogo de la casa / referencia de catálogo,,,,,,Referencia — revisar antes de publicar,
PERF-01030,Giorgio Armani,Diseñador,Si Fiori,EDP/EDT/Parfum (verificar),,,GIORGIO--SI-FIORI-1029,,Catálogo de la casa / referencia de catálogo,,,,,,Referencia — revisar antes de publicar,
PERF-01031,Giorgio Armani,Diseñador,Si Eau de Parfum,EDP/EDT/Parfum (verificar),,,GIORGIO--SI-EAU-DE-PARFUM-1030,,Catálogo de la casa / referencia de catálogo,,,,,,Referencia — revisar antes de publicar,
PERF-01032,Giorgio Armani,Diseñador,Emporio Armani He,EDP/EDT/Parfum (verificar),,,GIORGIO--EMPORIO-ARMANI-HE-1031,,Catálogo de la casa / referencia de catálogo,,,,,,Referencia — revisar antes de publicar,
PERF-01033,Giorgio Armani,Diseñador,Emporio Armani She,EDP/EDT/Parfum (verificar),,,GIORGIO--EMPORIO-ARMANI-SHE-1032,,Catálogo de la casa / referencia de catálogo,,,,,,Referencia — revisar antes de publicar,
PERF-01034,Giorgio Armani,Diseñador,Armani Privé Rouge Malachite,EDP/EDT/Parfum (verificar),,,GIORGIO--ARMANI-PRIV-ROUGE-MALACH-1033,,Catálogo de la casa / referencia de catálogo,,,,,,Referencia — revisar antes de publicar,
PERF-01035,Giorgio Armani,Diseñador,Armani Privé Bleu Lazuli,EDP/EDT/Parfum (verificar),,,GIORGIO--ARMANI-PRIV-BLEU-LAZULI-1034,,Catálogo de la casa / referencia de catálogo,,,,,,Referencia — revisar antes de publicar,
PERF-01036,Giorgio Armani,Diseñador,Armani Privé Myrrhe Impériale,EDP/EDT/Parfum (verificar),,,GIORGIO--ARMANI-PRIV-MYRRHE-IMP-R-1035,,Catálogo de la casa / referencia de catálogo,,,,,,Referencia — revisar antes de publicar,
PERF-01037,Giorgio Armani,Diseñador,Armani Privé Oud Royal,EDP/EDT/Parfum (verificar),,,GIORGIO--ARMANI-PRIV-OUD-ROYAL-1036,,Catálogo de la casa / referencia de catálogo,,,,,,Referencia — revisar antes de publicar,
PERF-01038,Giorgio Armani,Diseñador,Armani Privé Rose d'Arabie,EDP/EDT/Parfum (verificar),,,GIORGIO--ARMANI-PRIV-ROSE-D-ARABI-1037,,Catálogo de la casa / referencia de catálogo,,,,,,Referencia — revisar antes de publicar,
PERF-01039,Giorgio Armani,Diseñador,Armani Privé Thé Yulong,EDP/EDT/Parfum (verificar),,,GIORGIO--ARMANI-PRIV-TH-YULONG-1038,,Catálogo de la casa / referencia de catálogo,,,,,,Referencia — revisar antes de publicar,
PERF-01040,Giorgio Armani,Diseñador,Armani Privé Musc Shamal,EDP/EDT/Parfum (verificar),,,GIORGIO--ARMANI-PRIV-MUSC-SHAMAL-1039,,Catálogo de la casa / referencia de catálogo,,,,,,Referencia — revisar antes de publicar,
PERF-01041,Giorgio Armani,Diseñador,Code Homme Parfum,EDP/EDT/Parfum (verificar),,,GIORGIO--CODE-HOMME-PARFUM-1040,,Catálogo de la casa / referencia de catálogo,,,,,,Referencia — revisar antes de publicar,
PERF-01042,Giorgio Armani,Diseñador,Code Homme Eau de Parfum,EDP/EDT/Parfum (verificar),,,GIORGIO--CODE-HOMME-EAU-DE-PARFUM-1041,,Catálogo de la casa / referencia de catálogo,,,,,,Referencia — revisar antes de publicar,
PERF-01043,Versace,Diseñador,Eros,EDP/EDT/Parfum (verificar),,,VERSACE-EROS-1042,,Catálogo de la casa / referencia de catálogo,,,,,,Referencia — revisar antes de publicar,
PERF-01044,Versace,Diseñador,Eros Flame,EDP/EDT/Parfum (verificar),,,VERSACE-EROS-FLAME-1043,,Catálogo de la casa / referencia de catálogo,,,,,,Referencia — revisar antes de publicar,
PERF-01045,Versace,Diseñador,Eros Parfum,EDP/EDT/Parfum (verificar),,,VERSACE-EROS-PARFUM-1044,,Catálogo de la casa / referencia de catálogo,,,,,,Referencia — revisar antes de publicar,
PERF-01046,Versace,Diseñador,Eros Energy,EDP/EDT/Parfum (verificar),,,VERSACE-EROS-ENERGY-1045,,Catálogo de la casa / referencia de catálogo,,,,,,Referencia — revisar antes de publicar,
PERF-01047,Versace,Diseñador,Dylan Blue,EDP/EDT/Parfum (verificar),,,VERSACE-DYLAN-BLUE-1046,,Catálogo de la casa / referencia de catálogo,,,,,,Referencia — revisar antes de publicar,
PERF-01048,Versace,Diseñador,Pour Homme,EDP/EDT/Parfum (verificar),,,VERSACE-POUR-HOMME-1047,,Catálogo de la casa / referencia de catálogo,,,,,,Referencia — revisar antes de publicar,
PERF-01049,Versace,Diseñador,The Dreamer,EDP/EDT/Parfum (verificar),,,VERSACE-THE-DREAMER-1048,,Catálogo de la casa / referencia de catálogo,,,,,,Referencia — revisar antes de publicar,
PERF-01050,Versace,Diseñador,Crystal Noir,EDP/EDT/Parfum (verificar),,,VERSACE-CRYSTAL-NOIR-1049,,Catálogo de la casa / referencia de catálogo,,,,,,Referencia — revisar antes de publicar,
PERF-01051,Versace,Diseñador,Crystal Noir Parfum,EDP/EDT/Parfum (verificar),,,VERSACE-CRYSTAL-NOIR-PARFUM-1050,,Catálogo de la casa / referencia de catálogo,,,,,,Referencia — revisar antes de publicar,
PERF-01052,Versace,Diseñador,Bright Crystal,EDP/EDT/Parfum (verificar),,,VERSACE-BRIGHT-CRYSTAL-1051,,Catálogo de la casa / referencia de catálogo,,,,,,Referencia — revisar antes de publicar,
PERF-01053,Versace,Diseñador,Bright Crystal Absolu,EDP/EDT/Parfum (verificar),,,VERSACE-BRIGHT-CRYSTAL-ABSOLU-1052,,Catálogo de la casa / referencia de catálogo,,,,,,Referencia — revisar antes de publicar,
PERF-01054,Versace,Diseñador,Bright Crystal Parfum,EDP/EDT/Parfum (verificar),,,VERSACE-BRIGHT-CRYSTAL-PARFUM-1053,,Catálogo de la casa / referencia de catálogo,,,,,,Referencia — revisar antes de publicar,
PERF-01055,Versace,Diseñador,Dylan Purple,EDP/EDT/Parfum (verificar),,,VERSACE-DYLAN-PURPLE-1054,,Catálogo de la casa / referencia de catálogo,,,,,,Referencia — revisar antes de publicar,
PERF-01056,Versace,Diseñador,Dylan Turquoise,EDP/EDT/Parfum (verificar),,,VERSACE-DYLAN-TURQUOISE-1055,,Catálogo de la casa / referencia de catálogo,,,,,,Referencia — revisar antes de publicar,
PERF-01057,Versace,Diseñador,Dylan Blue Pour Femme,EDP/EDT/Parfum (verificar),,,VERSACE-DYLAN-BLUE-POUR-FEMME-1056,,Catálogo de la casa / referencia de catálogo,,,,,,Referencia — revisar antes de publicar,
PERF-01058,Versace,Diseñador,Versense,EDP/EDT/Parfum (verificar),,,VERSACE-VERSENSE-1057,,Catálogo de la casa / referencia de catálogo,,,,,,Referencia — revisar antes de publicar,
PERF-01059,Versace,Diseñador,Man Eau Fraîche,EDP/EDT/Parfum (verificar),,,VERSACE-MAN-EAU-FRA-CHE-1058,,Catálogo de la casa / referencia de catálogo,,,,,,Referencia — revisar antes de publicar,
PERF-01060,Versace,Diseñador,Blue Jeans,EDP/EDT/Parfum (verificar),,,VERSACE-BLUE-JEANS-1059,,Catálogo de la casa / referencia de catálogo,,,,,,Referencia — revisar antes de publicar,
PERF-01061,Versace,Diseñador,Red Jeans,EDP/EDT/Parfum (verificar),,,VERSACE-RED-JEANS-1060,,Catálogo de la casa / referencia de catálogo,,,,,,Referencia — revisar antes de publicar,
PERF-01062,Versace,Diseñador,Yellow Diamond,EDP/EDT/Parfum (verificar),,,VERSACE-YELLOW-DIAMOND-1061,,Catálogo de la casa / referencia de catálogo,,,,,,Referencia — revisar antes de publicar,
PERF-01063,Versace,Diseñador,Yellow Diamond Intense,EDP/EDT/Parfum (verificar),,,VERSACE-YELLOW-DIAMOND-INTENSE-1062,,Catálogo de la casa / referencia de catálogo,,,,,,Referencia — revisar antes de publicar,
PERF-01064,Versace,Diseñador,Vanitas,EDP/EDT/Parfum (verificar),,,VERSACE-VANITAS-1063,,Catálogo de la casa / referencia de catálogo,,,,,,Referencia — revisar antes de publicar,
PERF-01065,Versace,Diseñador,Pour Femme,EDP/EDT/Parfum (verificar),,,VERSACE-POUR-FEMME-1064,,Catálogo de la casa / referencia de catálogo,,,,,,Referencia — revisar antes de publicar,
PERF-01066,Versace,Diseñador,Oud Noir,EDP/EDT/Parfum (verificar),,,VERSACE-OUD-NOIR-1065,,Catálogo de la casa / referencia de catálogo,,,,,,Referencia — revisar antes de publicar,
PERF-01067,Versace,Diseñador,Eros Najim,EDP/EDT/Parfum (verificar),,,VERSACE-EROS-NAJIM-1066,,Catálogo de la casa / referencia de catálogo,,,,,,Referencia — revisar antes de publicar,
PERF-01068,Versace,Diseñador,Atelier Versace Santal Boisé,EDP/EDT/Parfum (verificar),,,VERSACE-ATELIER-VERSACE-SANTAL-B-1067,,Catálogo de la casa / referencia de catálogo,,,,,,Referencia — revisar antes de publicar,
PERF-01069,Versace,Diseñador,Atelier Versace Vanille Rouge,EDP/EDT/Parfum (verificar),,,VERSACE-ATELIER-VERSACE-VANILLE--1068,,Catálogo de la casa / referencia de catálogo,,,,,,Referencia — revisar antes de publicar,
PERF-01070,Versace,Diseñador,Atelier Versace Rose Royale,EDP/EDT/Parfum (verificar),,,VERSACE-ATELIER-VERSACE-ROSE-ROY-1069,,Catálogo de la casa / referencia de catálogo,,,,,,Referencia — revisar antes de publicar,
PERF-01071,Versace,Diseñador,Atelier Versace Cédrat de Diamante,EDP/EDT/Parfum (verificar),,,VERSACE-ATELIER-VERSACE-C-DRAT-D-1070,,Catálogo de la casa / referencia de catálogo,,,,,,Referencia — revisar antes de publicar,
PERF-01072,Versace,Diseñador,Atelier Versace Tabac Imperial,EDP/EDT/Parfum (verificar),,,VERSACE-ATELIER-VERSACE-TABAC-IM-1071,,Catálogo de la casa / referencia de catálogo,,,,,,Referencia — revisar antes de publicar,
PERF-01073,Gucci,Diseñador,Gucci Guilty Pour Homme,EDP/EDT/Parfum (verificar),,,GUCCI-GUCCI-GUILTY-POUR-HOMME-1072,,Catálogo de la casa / referencia de catálogo,,,,,,Referencia — revisar antes de publicar,
PERF-01074,Gucci,Diseñador,Gucci Guilty Eau de Parfum,EDP/EDT/Parfum (verificar),,,GUCCI-GUCCI-GUILTY-EAU-DE-PARF-1073,,Catálogo de la casa / referencia de catálogo,,,,,,Referencia — revisar antes de publicar,
PERF-01075,Gucci,Diseñador,Gucci Guilty Elixir,EDP/EDT/Parfum (verificar),,,GUCCI-GUCCI-GUILTY-ELIXIR-1074,,Catálogo de la casa / referencia de catálogo,,,,,,Referencia — revisar antes de publicar,
PERF-01076,Gucci,Diseñador,Gucci Guilty Pour Femme,EDP/EDT/Parfum (verificar),,,GUCCI-GUCCI-GUILTY-POUR-FEMME-1075,,Catálogo de la casa / referencia de catálogo,,,,,,Referencia — revisar antes de publicar,
PERF-01077,Gucci,Diseñador,Gucci Guilty Absolute,EDP/EDT/Parfum (verificar),,,GUCCI-GUCCI-GUILTY-ABSOLUTE-1076,,Catálogo de la casa / referencia de catálogo,,,,,,Referencia — revisar antes de publicar,
PERF-01078,Gucci,Diseñador,Gucci Guilty Black,EDP/EDT/Parfum (verificar),,,GUCCI-GUCCI-GUILTY-BLACK-1077,,Catálogo de la casa / referencia de catálogo,,,,,,Referencia — revisar antes de publicar,
PERF-01079,Gucci,Diseñador,Gucci Bloom,EDP/EDT/Parfum (verificar),,,GUCCI-GUCCI-BLOOM-1078,,Catálogo de la casa / referencia de catálogo,,,,,,Referencia — revisar antes de publicar,
PERF-01080,Gucci,Diseñador,Gucci Bloom Intense,EDP/EDT/Parfum (verificar),,,GUCCI-GUCCI-BLOOM-INTENSE-1079,,Catálogo de la casa / referencia de catálogo,,,,,,Referencia — revisar antes de publicar,
PERF-01081,Gucci,Diseñador,Gucci Bloom Profumo di Fiori,EDP/EDT/Parfum (verificar),,,GUCCI-GUCCI-BLOOM-PROFUMO-DI-F-1080,,Catálogo de la casa / referencia de catálogo,,,,,,Referencia — revisar antes de publicar,
PERF-01082,Gucci,Diseñador,Gucci Flora Gorgeous Gardenia,EDP/EDT/Parfum (verificar),,,GUCCI-GUCCI-FLORA-GORGEOUS-GAR-1081,,Catálogo de la casa / referencia de catálogo,,,,,,Referencia — revisar antes de publicar,
PERF-01083,Gucci,Diseñador,Gucci Flora Gorgeous Jasmine,EDP/EDT/Parfum (verificar),,,GUCCI-GUCCI-FLORA-GORGEOUS-JAS-1082,,Catálogo de la casa / referencia de catálogo,,,,,,Referencia — revisar antes de publicar,
PERF-01084,Gucci,Diseñador,Gucci Flora Gorgeous Magnolia,EDP/EDT/Parfum (verificar),,,GUCCI-GUCCI-FLORA-GORGEOUS-MAG-1083,,Catálogo de la casa / referencia de catálogo,,,,,,Referencia — revisar antes de publicar,
PERF-01085,Gucci,Diseñador,Gucci Flora Gorgeous Orchid,EDP/EDT/Parfum (verificar),,,GUCCI-GUCCI-FLORA-GORGEOUS-ORC-1084,,Catálogo de la casa / referencia de catálogo,,,,,,Referencia — revisar antes de publicar,
PERF-01086,Gucci,Diseñador,Gucci Flora,EDP/EDT/Parfum (verificar),,,GUCCI-GUCCI-FLORA-1085,,Catálogo de la casa / referencia de catálogo,,,,,,Referencia — revisar antes de publicar,
PERF-01087,Gucci,Diseñador,Gucci Mémoire d'une Odeur,EDP/EDT/Parfum (verificar),,,GUCCI-GUCCI-M-MOIRE-D-UNE-ODEU-1086,,Catálogo de la casa / referencia de catálogo,,,,,,Referencia — revisar antes de publicar,
PERF-01088,Gucci,Diseñador,Gucci Rush,EDP/EDT/Parfum (verificar),,,GUCCI-GUCCI-RUSH-1087,,Catálogo de la casa / referencia de catálogo,,,,,,Referencia — revisar antes de publicar,
PERF-01089,Gucci,Diseñador,Gucci Rush 2,EDP/EDT/Parfum (verificar),,,GUCCI-GUCCI-RUSH-2-1088,,Catálogo de la casa / referencia de catálogo,,,,,,Referencia — revisar antes de publicar,
PERF-01090,Gucci,Diseñador,Gucci by Gucci,EDP/EDT/Parfum (verificar),,,GUCCI-GUCCI-BY-GUCCI-1089,,Catálogo de la casa / referencia de catálogo,,,,,,Referencia — revisar antes de publicar,
PERF-01091,Gucci,Diseñador,Gucci Pour Homme II,EDP/EDT/Parfum (verificar),,,GUCCI-GUCCI-POUR-HOMME-II-1090,,Catálogo de la casa / referencia de catálogo,,,,,,Referencia — revisar antes de publicar,
PERF-01092,Gucci,Diseñador,Gucci Intense Oud,EDP/EDT/Parfum (verificar),,,GUCCI-GUCCI-INTENSE-OUD-1091,,Catálogo de la casa / referencia de catálogo,,,,,,Referencia — revisar antes de publicar,
PERF-01093,Gucci,Diseñador,Gucci Oud,EDP/EDT/Parfum (verificar),,,GUCCI-GUCCI-OUD-1092,,Catálogo de la casa / referencia de catálogo,,,,,,Referencia — revisar antes de publicar,
PERF-01094,Gucci,Diseñador,A Song for the Rose,EDP/EDT/Parfum (verificar),,,GUCCI-A-SONG-FOR-THE-ROSE-1093,,Catálogo de la casa / referencia de catálogo,,,,,,Referencia — revisar antes de publicar,
PERF-01095,Gucci,Diseñador,The Voice of the Snake,EDP/EDT/Parfum (verificar),,,GUCCI-THE-VOICE-OF-THE-SNAKE-1094,,Catálogo de la casa / referencia de catálogo,,,,,,Referencia — revisar antes de publicar,
PERF-01096,Gucci,Diseñador,Oud Épices,EDP/EDT/Parfum (verificar),,,GUCCI-OUD-PICES-1095,,Catálogo de la casa / referencia de catálogo,,,,,,Referencia — revisar antes de publicar,
PERF-01097,Gucci,Diseñador,Love at Your Darkest,EDP/EDT/Parfum (verificar),,,GUCCI-LOVE-AT-YOUR-DARKEST-1096,,Catálogo de la casa / referencia de catálogo,,,,,,Referencia — revisar antes de publicar,
PERF-01098,Gucci,Diseñador,Memoire d'une Odeur,EDP/EDT/Parfum (verificar),,,GUCCI-MEMOIRE-D-UNE-ODEUR-1097,,Catálogo de la casa / referencia de catálogo,,,,,,Referencia — revisar antes de publicar,
PERF-01099,Prada,Diseñador,L'Homme Prada,EDP/EDT/Parfum (verificar),,,PRADA-L-HOMME-PRADA-1098,,Catálogo de la casa / referencia de catálogo,,,,,,Referencia — revisar antes de publicar,
PERF-01100,Prada,Diseñador,L'Homme Prada Intense,EDP/EDT/Parfum (verificar),,,PRADA-L-HOMME-PRADA-INTENSE-1099,,Catálogo de la casa / referencia de catálogo,,,,,,Referencia — revisar antes de publicar,
PERF-01101,Prada,Diseñador,L'Homme Prada L'Eau,EDP/EDT/Parfum (verificar),,,PRADA-L-HOMME-PRADA-L-EAU-1100,,Catálogo de la casa / referencia de catálogo,,,,,,Referencia — revisar antes de publicar,
PERF-01102,Prada,Diseñador,Luna Rossa Carbon,EDP/EDT/Parfum (verificar),,,PRADA-LUNA-ROSSA-CARBON-1101,,Catálogo de la casa / referencia de catálogo,,,,,,Referencia — revisar antes de publicar,
PERF-01103,Prada,Diseñador,Luna Rossa Ocean,EDP/EDT/Parfum (verificar),,,PRADA-LUNA-ROSSA-OCEAN-1102,,Catálogo de la casa / referencia de catálogo,,,,,,Referencia — revisar antes de publicar,
PERF-01104,Prada,Diseñador,Luna Rossa Black,EDP/EDT/Parfum (verificar),,,PRADA-LUNA-ROSSA-BLACK-1103,,Catálogo de la casa / referencia de catálogo,,,,,,Referencia — revisar antes de publicar,
PERF-01105,Prada,Diseñador,Luna Rossa Ocean Le Parfum,EDP/EDT/Parfum (verificar),,,PRADA-LUNA-ROSSA-OCEAN-LE-PARF-1104,,Catálogo de la casa / referencia de catálogo,,,,,,Referencia — revisar antes de publicar,
PERF-01106,Prada,Diseñador,Luna Rossa Ocean Eau de Parfum,EDP/EDT/Parfum (verificar),,,PRADA-LUNA-ROSSA-OCEAN-EAU-DE--1105,,Catálogo de la casa / referencia de catálogo,,,,,,Referencia — revisar antes de publicar,
PERF-01107,Prada,Diseñador,Luna Rossa Sport,EDP/EDT/Parfum (verificar),,,PRADA-LUNA-ROSSA-SPORT-1106,,Catálogo de la casa / referencia de catálogo,,,,,,Referencia — revisar antes de publicar,
PERF-01108,Prada,Diseñador,Luna Rossa Extreme,EDP/EDT/Parfum (verificar),,,PRADA-LUNA-ROSSA-EXTREME-1107,,Catálogo de la casa / referencia de catálogo,,,,,,Referencia — revisar antes de publicar,
PERF-01109,Prada,Diseñador,Paradoxe,EDP/EDT/Parfum (verificar),,,PRADA-PARADOXE-1108,,Catálogo de la casa / referencia de catálogo,,,,,,Referencia — revisar antes de publicar,
PERF-01110,Prada,Diseñador,Paradoxe Intense,EDP/EDT/Parfum (verificar),,,PRADA-PARADOXE-INTENSE-1109,,Catálogo de la casa / referencia de catálogo,,,,,,Referencia — revisar antes de publicar,
PERF-01111,Prada,Diseñador,Paradoxe Virtual Flower,EDP/EDT/Parfum (verificar),,,PRADA-PARADOXE-VIRTUAL-FLOWER-1110,,Catálogo de la casa / referencia de catálogo,,,,,,Referencia — revisar antes de publicar,
PERF-01112,Prada,Diseñador,Paradoxe Radical Essence,EDP/EDT/Parfum (verificar),,,PRADA-PARADOXE-RADICAL-ESSENCE-1111,,Catálogo de la casa / referencia de catálogo,,,,,,Referencia — revisar antes de publicar,
PERF-01113,Prada,Diseñador,Paradoxe Floral,EDP/EDT/Parfum (verificar),,,PRADA-PARADOXE-FLORAL-1112,,Catálogo de la casa / referencia de catálogo,,,,,,Referencia — revisar antes de publicar,
PERF-01114,Prada,Diseñador,Infusion d'Iris,EDP/EDT/Parfum (verificar),,,PRADA-INFUSION-D-IRIS-1113,,Catálogo de la casa / referencia de catálogo,,,,,,Referencia — revisar antes de publicar,
PERF-01115,Prada,Diseñador,Infusion d'Iris Cedre,EDP/EDT/Parfum (verificar),,,PRADA-INFUSION-D-IRIS-CEDRE-1114,,Catálogo de la casa / referencia de catálogo,,,,,,Referencia — revisar antes de publicar,
PERF-01116,Prada,Diseñador,Infusion de Rose,EDP/EDT/Parfum (verificar),,,PRADA-INFUSION-DE-ROSE-1115,,Catálogo de la casa / referencia de catálogo,,,,,,Referencia — revisar antes de publicar,
PERF-01117,Prada,Diseñador,Infusion de Vetiver,EDP/EDT/Parfum (verificar),,,PRADA-INFUSION-DE-VETIVER-1116,,Catálogo de la casa / referencia de catálogo,,,,,,Referencia — revisar antes de publicar,
PERF-01118,Prada,Diseñador,Candy,EDP/EDT/Parfum (verificar),,,PRADA-CANDY-1117,,Catálogo de la casa / referencia de catálogo,,,,,,Referencia — revisar antes de publicar,
PERF-01119,Prada,Diseñador,Candy Night,EDP/EDT/Parfum (verificar),,,PRADA-CANDY-NIGHT-1118,,Catálogo de la casa / referencia de catálogo,,,,,,Referencia — revisar antes de publicar,
PERF-01120,Prada,Diseñador,Candy Gloss,EDP/EDT/Parfum (verificar),,,PRADA-CANDY-GLOSS-1119,,Catálogo de la casa / referencia de catálogo,,,,,,Referencia — revisar antes de publicar,
PERF-01121,Prada,Diseñador,La Femme Prada,EDP/EDT/Parfum (verificar),,,PRADA-LA-FEMME-PRADA-1120,,Catálogo de la casa / referencia de catálogo,,,,,,Referencia — revisar antes de publicar,
PERF-01122,Prada,Diseñador,La Femme Prada Intense,EDP/EDT/Parfum (verificar),,,PRADA-LA-FEMME-PRADA-INTENSE-1121,,Catálogo de la casa / referencia de catálogo,,,,,,Referencia — revisar antes de publicar,
PERF-01123,Prada,Diseñador,Prada Amber Pour Homme,EDP/EDT/Parfum (verificar),,,PRADA-PRADA-AMBER-POUR-HOMME-1122,,Catálogo de la casa / referencia de catálogo,,,,,,Referencia — revisar antes de publicar,
PERF-01124,Prada,Diseñador,Prada Amber Pour Femme,EDP/EDT/Parfum (verificar),,,PRADA-PRADA-AMBER-POUR-FEMME-1123,,Catálogo de la casa / referencia de catálogo,,,,,,Referencia — revisar antes de publicar,
PERF-01125,Prada,Diseñador,Prada Olfactories Marienbad,EDP/EDT/Parfum (verificar),,,PRADA-PRADA-OLFACTORIES-MARIEN-1124,,Catálogo de la casa / referencia de catálogo,,,,,,Referencia — revisar antes de publicar,
PERF-01126,Prada,Diseñador,Prada Olfactories Purple Rain,EDP/EDT/Parfum (verificar),,,PRADA-PRADA-OLFACTORIES-PURPLE-1125,,Catálogo de la casa / referencia de catálogo,,,,,,Referencia — revisar antes de publicar,
PERF-01127,Prada,Diseñador,Prada Olfactories Mirages,EDP/EDT/Parfum (verificar),,,PRADA-PRADA-OLFACTORIES-MIRAGE-1126,,Catálogo de la casa / referencia de catálogo,,,,,,Referencia — revisar antes de publicar,
PERF-01128,Prada,Diseñador,Prada Olfactories Soleil au Zenith,EDP/EDT/Parfum (verificar),,,PRADA-PRADA-OLFACTORIES-SOLEIL-1127,,Catálogo de la casa / referencia de catálogo,,,,,,Referencia — revisar antes de publicar,
PERF-01129,Dolce & Gabbana,Diseñador,Light Blue Pour Homme,EDP/EDT/Parfum (verificar),,,DOLCE-GA-LIGHT-BLUE-POUR-HOMME-1128,,Catálogo de la casa / referencia de catálogo,,,,,,Referencia — revisar antes de publicar,
PERF-01130,Dolce & Gabbana,Diseñador,Light Blue Eau Intense Pour Homme,EDP/EDT/Parfum (verificar),,,DOLCE-GA-LIGHT-BLUE-EAU-INTENSE-P-1129,,Catálogo de la casa / referencia de catálogo,,,,,,Referencia — revisar antes de publicar,
PERF-01131,Dolce & Gabbana,Diseñador,Light Blue Italian Love,EDP/EDT/Parfum (verificar),,,DOLCE-GA-LIGHT-BLUE-ITALIAN-LOVE-1130,,Catálogo de la casa / referencia de catálogo,,,,,,Referencia — revisar antes de publicar,
PERF-01132,Dolce & Gabbana,Diseñador,Light Blue Forever,EDP/EDT/Parfum (verificar),,,DOLCE-GA-LIGHT-BLUE-FOREVER-1131,,Catálogo de la casa / referencia de catálogo,,,,,,Referencia — revisar antes de publicar,
PERF-01133,Dolce & Gabbana,Diseñador,The One for Men,EDP/EDT/Parfum (verificar),,,DOLCE-GA-THE-ONE-FOR-MEN-1132,,Catálogo de la casa / referencia de catálogo,,,,,,Referencia — revisar antes de publicar,
PERF-01134,Dolce & Gabbana,Diseñador,The One Eau de Parfum,EDP/EDT/Parfum (verificar),,,DOLCE-GA-THE-ONE-EAU-DE-PARFUM-1133,,Catálogo de la casa / referencia de catálogo,,,,,,Referencia — revisar antes de publicar,
PERF-01135,Dolce & Gabbana,Diseñador,The One Luminous Night,EDP/EDT/Parfum (verificar),,,DOLCE-GA-THE-ONE-LUMINOUS-NIGHT-1134,,Catálogo de la casa / referencia de catálogo,,,,,,Referencia — revisar antes de publicar,
PERF-01136,Dolce & Gabbana,Diseñador,The One Gold,EDP/EDT/Parfum (verificar),,,DOLCE-GA-THE-ONE-GOLD-1135,,Catálogo de la casa / referencia de catálogo,,,,,,Referencia — revisar antes de publicar,
PERF-01137,Dolce & Gabbana,Diseñador,The One Grey,EDP/EDT/Parfum (verificar),,,DOLCE-GA-THE-ONE-GREY-1136,,Catálogo de la casa / referencia de catálogo,,,,,,Referencia — revisar antes de publicar,
PERF-01138,Dolce & Gabbana,Diseñador,K by Dolce & Gabbana,EDP/EDT/Parfum (verificar),,,DOLCE-GA-K-BY-DOLCE-GABBANA-1137,,Catálogo de la casa / referencia de catálogo,,,,,,Referencia — revisar antes de publicar,
PERF-01139,Dolce & Gabbana,Diseñador,Devotion,EDP/EDT/Parfum (verificar),,,DOLCE-GA-DEVOTION-1138,,Catálogo de la casa / referencia de catálogo,,,,,,Referencia — revisar antes de publicar,
PERF-01140,Dolce & Gabbana,Diseñador,Q by Dolce & Gabbana,EDP/EDT/Parfum (verificar),,,DOLCE-GA-Q-BY-DOLCE-GABBANA-1139,,Catálogo de la casa / referencia de catálogo,,,,,,Referencia — revisar antes de publicar,
PERF-01141,Dolce & Gabbana,Diseñador,Light Blue Pour Femme,EDP/EDT/Parfum (verificar),,,DOLCE-GA-LIGHT-BLUE-POUR-FEMME-1140,,Catálogo de la casa / referencia de catálogo,,,,,,Referencia — revisar antes de publicar,
PERF-01142,Dolce & Gabbana,Diseñador,Light Blue Eau Intense Pour Femme,EDP/EDT/Parfum (verificar),,,DOLCE-GA-LIGHT-BLUE-EAU-INTENSE-P-1141,,Catálogo de la casa / referencia de catálogo,,,,,,Referencia — revisar antes de publicar,
PERF-01143,Dolce & Gabbana,Diseñador,The One for Women,EDP/EDT/Parfum (verificar),,,DOLCE-GA-THE-ONE-FOR-WOMEN-1142,,Catálogo de la casa / referencia de catálogo,,,,,,Referencia — revisar antes de publicar,
PERF-01144,Dolce & Gabbana,Diseñador,The One Eau de Parfum Intense,EDP/EDT/Parfum (verificar),,,DOLCE-GA-THE-ONE-EAU-DE-PARFUM-IN-1143,,Catálogo de la casa / referencia de catálogo,,,,,,Referencia — revisar antes de publicar,
PERF-01145,Dolce & Gabbana,Diseñador,Dolce,EDP/EDT/Parfum (verificar),,,DOLCE-GA-DOLCE-1144,,Catálogo de la casa / referencia de catálogo,,,,,,Referencia — revisar antes de publicar,
PERF-01146,Dolce & Gabbana,Diseñador,Dolce Garden,EDP/EDT/Parfum (verificar),,,DOLCE-GA-DOLCE-GARDEN-1145,,Catálogo de la casa / referencia de catálogo,,,,,,Referencia — revisar antes de publicar,
PERF-01147,Dolce & Gabbana,Diseñador,Dolce Shine,EDP/EDT/Parfum (verificar),,,DOLCE-GA-DOLCE-SHINE-1146,,Catálogo de la casa / referencia de catálogo,,,,,,Referencia — revisar antes de publicar,
PERF-01148,Dolce & Gabbana,Diseñador,Dolce Lily,EDP/EDT/Parfum (verificar),,,DOLCE-GA-DOLCE-LILY-1147,,Catálogo de la casa / referencia de catálogo,,,,,,Referencia — revisar antes de publicar,
PERF-01149,Dolce & Gabbana,Diseñador,Dolce Peony,EDP/EDT/Parfum (verificar),,,DOLCE-GA-DOLCE-PEONY-1148,,Catálogo de la casa / referencia de catálogo,,,,,,Referencia — revisar antes de publicar,
PERF-01150,Dolce & Gabbana,Diseñador,Pour Homme,EDP/EDT/Parfum (verificar),,,DOLCE-GA-POUR-HOMME-1149,,Catálogo de la casa / referencia de catálogo,,,,,,Referencia — revisar antes de publicar,
PERF-01151,Dolce & Gabbana,Diseñador,Sicily,EDP/EDT/Parfum (verificar),,,DOLCE-GA-SICILY-1150,,Catálogo de la casa / referencia de catálogo,,,,,,Referencia — revisar antes de publicar,
PERF-01152,Dolce & Gabbana,Diseñador,Velvet Desert Oud,EDP/EDT/Parfum (verificar),,,DOLCE-GA-VELVET-DESERT-OUD-1151,,Catálogo de la casa / referencia de catálogo,,,,,,Referencia — revisar antes de publicar,
PERF-01153,Dolce & Gabbana,Diseñador,Velvet Rose,EDP/EDT/Parfum (verificar),,,DOLCE-GA-VELVET-ROSE-1152,,Catálogo de la casa / referencia de catálogo,,,,,,Referencia — revisar antes de publicar,
PERF-01154,Dolce & Gabbana,Diseñador,Velvet Incenso,EDP/EDT/Parfum (verificar),,,DOLCE-GA-VELVET-INCENSO-1153,,Catálogo de la casa / referencia de catálogo,,,,,,Referencia — revisar antes de publicar,
PERF-01155,Dolce & Gabbana,Diseñador,Velvet Amber Sun,EDP/EDT/Parfum (verificar),,,DOLCE-GA-VELVET-AMBER-SUN-1154,,Catálogo de la casa / referencia de catálogo,,,,,,Referencia — revisar antes de publicar,
PERF-01156,Dolce & Gabbana,Diseñador,Velvet Love,EDP/EDT/Parfum (verificar),,,DOLCE-GA-VELVET-LOVE-1155,,Catálogo de la casa / referencia de catálogo,,,,,,Referencia — revisar antes de publicar,
PERF-01157,Dolce & Gabbana,Diseñador,Velvet Pure,EDP/EDT/Parfum (verificar),,,DOLCE-GA-VELVET-PURE-1156,,Catálogo de la casa / referencia de catálogo,,,,,,Referencia — revisar antes de publicar,
PERF-01158,Dolce & Gabbana,Diseñador,Velvet Wood,EDP/EDT/Parfum (verificar),,,DOLCE-GA-VELVET-WOOD-1157,,Catálogo de la casa / referencia de catálogo,,,,,,Referencia — revisar antes de publicar,
PERF-01159,Dolce & Gabbana,Diseñador,Velvet Bergamot,EDP/EDT/Parfum (verificar),,,DOLCE-GA-VELVET-BERGAMOT-1158,,Catálogo de la casa / referencia de catálogo,,,,,,Referencia — revisar antes de publicar,
PERF-01160,Dolce & Gabbana,Diseñador,Velvet Exotic Leather,EDP/EDT/Parfum (verificar),,,DOLCE-GA-VELVET-EXOTIC-LEATHER-1159,,Catálogo de la casa / referencia de catálogo,,,,,,Referencia — revisar antes de publicar,
PERF-01161,Carolina Herrera,Diseñador,212 Men,EDP/EDT/Parfum (verificar),,,CAROLINA-212-MEN-1160,,Catálogo de la casa / referencia de catálogo,,,,,,Referencia — revisar antes de publicar,
PERF-01162,Carolina Herrera,Diseñador,212 VIP Men,EDP/EDT/Parfum (verificar),,,CAROLINA-212-VIP-MEN-1161,,Catálogo de la casa / referencia de catálogo,,,,,,Referencia — revisar antes de publicar,
PERF-01163,Carolina Herrera,Diseñador,212 VIP Black,EDP/EDT/Parfum (verificar),,,CAROLINA-212-VIP-BLACK-1162,,Catálogo de la casa / referencia de catálogo,,,,,,Referencia — revisar antes de publicar,
PERF-01164,Carolina Herrera,Diseñador,212 Sexy Men,EDP/EDT/Parfum (verificar),,,CAROLINA-212-SEXY-MEN-1163,,Catálogo de la casa / referencia de catálogo,,,,,,Referencia — revisar antes de publicar,
PERF-01165,Carolina Herrera,Diseñador,212 Heroes,EDP/EDT/Parfum (verificar),,,CAROLINA-212-HEROES-1164,,Catálogo de la casa / referencia de catálogo,,,,,,Referencia — revisar antes de publicar,
PERF-01166,Carolina Herrera,Diseñador,212 Heroes Forever Young,EDP/EDT/Parfum (verificar),,,CAROLINA-212-HEROES-FOREVER-YOUNG-1165,,Catálogo de la casa / referencia de catálogo,,,,,,Referencia — revisar antes de publicar,
PERF-01167,Carolina Herrera,Diseñador,212 VIP Wins,EDP/EDT/Parfum (verificar),,,CAROLINA-212-VIP-WINS-1166,,Catálogo de la casa / referencia de catálogo,,,,,,Referencia — revisar antes de publicar,
PERF-01168,Carolina Herrera,Diseñador,212 VIP Black Elixir,EDP/EDT/Parfum (verificar),,,CAROLINA-212-VIP-BLACK-ELIXIR-1167,,Catálogo de la casa / referencia de catálogo,,,,,,Referencia — revisar antes de publicar,
PERF-01169,Carolina Herrera,Diseñador,212 VIP Rosé,EDP/EDT/Parfum (verificar),,,CAROLINA-212-VIP-ROS-1168,,Catálogo de la casa / referencia de catálogo,,,,,,Referencia — revisar antes de publicar,
PERF-01170,Carolina Herrera,Diseñador,212 VIP Rosé Elixir,EDP/EDT/Parfum (verificar),,,CAROLINA-212-VIP-ROS-ELIXIR-1169,,Catálogo de la casa / referencia de catálogo,,,,,,Referencia — revisar antes de publicar,
PERF-01171,Carolina Herrera,Diseñador,212 Sexy,EDP/EDT/Parfum (verificar),,,CAROLINA-212-SEXY-1170,,Catálogo de la casa / referencia de catálogo,,,,,,Referencia — revisar antes de publicar,
PERF-01172,Carolina Herrera,Diseñador,Good Girl,EDP/EDT/Parfum (verificar),,,CAROLINA-GOOD-GIRL-1171,,Catálogo de la casa / referencia de catálogo,,,,,,Referencia — revisar antes de publicar,
PERF-01173,Carolina Herrera,Diseñador,Good Girl Blush,EDP/EDT/Parfum (verificar),,,CAROLINA-GOOD-GIRL-BLUSH-1172,,Catálogo de la casa / referencia de catálogo,,,,,,Referencia — revisar antes de publicar,
PERF-01174,Carolina Herrera,Diseñador,Good Girl Blush Elixir,EDP/EDT/Parfum (verificar),,,CAROLINA-GOOD-GIRL-BLUSH-ELIXIR-1173,,Catálogo de la casa / referencia de catálogo,,,,,,Referencia — revisar antes de publicar,
PERF-01175,Carolina Herrera,Diseñador,Good Girl Supreme,EDP/EDT/Parfum (verificar),,,CAROLINA-GOOD-GIRL-SUPREME-1174,,Catálogo de la casa / referencia de catálogo,,,,,,Referencia — revisar antes de publicar,
PERF-01176,Carolina Herrera,Diseñador,Very Good Girl,EDP/EDT/Parfum (verificar),,,CAROLINA-VERY-GOOD-GIRL-1175,,Catálogo de la casa / referencia de catálogo,,,,,,Referencia — revisar antes de publicar,
PERF-01177,Carolina Herrera,Diseñador,Very Good Girl Glam,EDP/EDT/Parfum (verificar),,,CAROLINA-VERY-GOOD-GIRL-GLAM-1176,,Catálogo de la casa / referencia de catálogo,,,,,,Referencia — revisar antes de publicar,
PERF-01178,Carolina Herrera,Diseñador,Very Good Girl Elixir,EDP/EDT/Parfum (verificar),,,CAROLINA-VERY-GOOD-GIRL-ELIXIR-1177,,Catálogo de la casa / referencia de catálogo,,,,,,Referencia — revisar antes de publicar,
PERF-01179,Carolina Herrera,Diseñador,Good Girl Gold Fantasy,EDP/EDT/Parfum (verificar),,,CAROLINA-GOOD-GIRL-GOLD-FANTASY-1178,,Catálogo de la casa / referencia de catálogo,,,,,,Referencia — revisar antes de publicar,
PERF-01180,Carolina Herrera,Diseñador,Bad Boy,EDP/EDT/Parfum (verificar),,,CAROLINA-BAD-BOY-1179,,Catálogo de la casa / referencia de catálogo,,,,,,Referencia — revisar antes de publicar,
PERF-01181,Carolina Herrera,Diseñador,Bad Boy Le Parfum,EDP/EDT/Parfum (verificar),,,CAROLINA-BAD-BOY-LE-PARFUM-1180,,Catálogo de la casa / referencia de catálogo,,,,,,Referencia — revisar antes de publicar,
PERF-01182,Carolina Herrera,Diseñador,Bad Boy Cobalt,EDP/EDT/Parfum (verificar),,,CAROLINA-BAD-BOY-COBALT-1181,,Catálogo de la casa / referencia de catálogo,,,,,,Referencia — revisar antes de publicar,
PERF-01183,Carolina Herrera,Diseñador,Bad Boy Extreme,EDP/EDT/Parfum (verificar),,,CAROLINA-BAD-BOY-EXTREME-1182,,Catálogo de la casa / referencia de catálogo,,,,,,Referencia — revisar antes de publicar,
PERF-01184,Carolina Herrera,Diseñador,Bad Boy Elixir,EDP/EDT/Parfum (verificar),,,CAROLINA-BAD-BOY-ELIXIR-1183,,Catálogo de la casa / referencia de catálogo,,,,,,Referencia — revisar antes de publicar,
PERF-01185,Carolina Herrera,Diseñador,CH Men,EDP/EDT/Parfum (verificar),,,CAROLINA-CH-MEN-1184,,Catálogo de la casa / referencia de catálogo,,,,,,Referencia — revisar antes de publicar,
PERF-01186,Carolina Herrera,Diseñador,CH Men Privé,EDP/EDT/Parfum (verificar),,,CAROLINA-CH-MEN-PRIV-1185,,Catálogo de la casa / referencia de catálogo,,,,,,Referencia — revisar antes de publicar,
PERF-01187,Carolina Herrera,Diseñador,CH Men Eau de Parfum,EDP/EDT/Parfum (verificar),,,CAROLINA-CH-MEN-EAU-DE-PARFUM-1186,,Catálogo de la casa / referencia de catálogo,,,,,,Referencia — revisar antes de publicar,
PERF-01188,Carolina Herrera,Diseñador,CH Men Sport,EDP/EDT/Parfum (verificar),,,CAROLINA-CH-MEN-SPORT-1187,,Catálogo de la casa / referencia de catálogo,,,,,,Referencia — revisar antes de publicar,
PERF-01189,Carolina Herrera,Diseñador,CH,EDP/EDT/Parfum (verificar),,,CAROLINA-CH-1188,,Catálogo de la casa / referencia de catálogo,,,,,,Referencia — revisar antes de publicar,
PERF-01190,Carolina Herrera,Diseñador,CH Eau de Parfum,EDP/EDT/Parfum (verificar),,,CAROLINA-CH-EAU-DE-PARFUM-1189,,Catálogo de la casa / referencia de catálogo,,,,,,Referencia — revisar antes de publicar,
PERF-01191,Carolina Herrera,Diseñador,CH Sublime,EDP/EDT/Parfum (verificar),,,CAROLINA-CH-SUBLIME-1190,,Catálogo de la casa / referencia de catálogo,,,,,,Referencia — revisar antes de publicar,
PERF-01192,Carolina Herrera,Diseñador,Herrera for Men,EDP/EDT/Parfum (verificar),,,CAROLINA-HERRERA-FOR-MEN-1191,,Catálogo de la casa / referencia de catálogo,,,,,,Referencia — revisar antes de publicar,
PERF-01193,Carolina Herrera,Diseñador,212 Men Aqua,EDP/EDT/Parfum (verificar),,,CAROLINA-212-MEN-AQUA-1192,,Catálogo de la casa / referencia de catálogo,,,,,,Referencia — revisar antes de publicar,
PERF-01194,Carolina Herrera,Diseñador,212 Men NYC,EDP/EDT/Parfum (verificar),,,CAROLINA-212-MEN-NYC-1193,,Catálogo de la casa / referencia de catálogo,,,,,,Referencia — revisar antes de publicar,
PERF-01195,Paco Rabanne,Diseñador,1 Million,EDP/EDT/Parfum (verificar),,,PACO-RAB-1-MILLION-1194,,Catálogo de la casa / referencia de catálogo,,,,,,Referencia — revisar antes de publicar,
PERF-01196,Paco Rabanne,Diseñador,1 Million Lucky,EDP/EDT/Parfum (verificar),,,PACO-RAB-1-MILLION-LUCKY-1195,,Catálogo de la casa / referencia de catálogo,,,,,,Referencia — revisar antes de publicar,
PERF-01197,Paco Rabanne,Diseñador,1 Million Elixir,EDP/EDT/Parfum (verificar),,,PACO-RAB-1-MILLION-ELIXIR-1196,,Catálogo de la casa / referencia de catálogo,,,,,,Referencia — revisar antes de publicar,
PERF-01198,Paco Rabanne,Diseñador,1 Million Parfum,EDP/EDT/Parfum (verificar),,,PACO-RAB-1-MILLION-PARFUM-1197,,Catálogo de la casa / referencia de catálogo,,,,,,Referencia — revisar antes de publicar,
PERF-01199,Paco Rabanne,Diseñador,1 Million Royal,EDP/EDT/Parfum (verificar),,,PACO-RAB-1-MILLION-ROYAL-1198,,Catálogo de la casa / referencia de catálogo,,,,,,Referencia — revisar antes de publicar,
PERF-01200,Paco Rabanne,Diseñador,1 Million Gold Elixir,EDP/EDT/Parfum (verificar),,,PACO-RAB-1-MILLION-GOLD-ELIXIR-1199,,Catálogo de la casa / referencia de catálogo,,,,,,Referencia — revisar antes de publicar,
PERF-01201,Paco Rabanne,Diseñador,Invictus,EDP/EDT/Parfum (verificar),,,PACO-RAB-INVICTUS-1200,,Catálogo de la casa / referencia de catálogo,,,,,,Referencia — revisar antes de publicar,
PERF-01202,Paco Rabanne,Diseñador,Invictus Victory,EDP/EDT/Parfum (verificar),,,PACO-RAB-INVICTUS-VICTORY-1201,,Catálogo de la casa / referencia de catálogo,,,,,,Referencia — revisar antes de publicar,
PERF-01203,Paco Rabanne,Diseñador,Invictus Platinum,EDP/EDT/Parfum (verificar),,,PACO-RAB-INVICTUS-PLATINUM-1202,,Catálogo de la casa / referencia de catálogo,,,,,,Referencia — revisar antes de publicar,
PERF-01204,Paco Rabanne,Diseñador,Invictus Parfum,EDP/EDT/Parfum (verificar),,,PACO-RAB-INVICTUS-PARFUM-1203,,Catálogo de la casa / referencia de catálogo,,,,,,Referencia — revisar antes de publicar,
PERF-01205,Paco Rabanne,Diseñador,Invictus Aqua,EDP/EDT/Parfum (verificar),,,PACO-RAB-INVICTUS-AQUA-1204,,Catálogo de la casa / referencia de catálogo,,,,,,Referencia — revisar antes de publicar,
PERF-01206,Paco Rabanne,Diseñador,Phantom,EDP/EDT/Parfum (verificar),,,PACO-RAB-PHANTOM-1205,,Catálogo de la casa / referencia de catálogo,,,,,,Referencia — revisar antes de publicar,
PERF-01207,Paco Rabanne,Diseñador,Phantom Parfum,EDP/EDT/Parfum (verificar),,,PACO-RAB-PHANTOM-PARFUM-1206,,Catálogo de la casa / referencia de catálogo,,,,,,Referencia — revisar antes de publicar,
PERF-01208,Paco Rabanne,Diseñador,Phantom Intense,EDP/EDT/Parfum (verificar),,,PACO-RAB-PHANTOM-INTENSE-1207,,Catálogo de la casa / referencia de catálogo,,,,,,Referencia — revisar antes de publicar,
PERF-01209,Paco Rabanne,Diseñador,Phantom Elixir,EDP/EDT/Parfum (verificar),,,PACO-RAB-PHANTOM-ELIXIR-1208,,Catálogo de la casa / referencia de catálogo,,,,,,Referencia — revisar antes de publicar,
PERF-01210,Paco Rabanne,Diseñador,Olympea,EDP/EDT/Parfum (verificar),,,PACO-RAB-OLYMPEA-1209,,Catálogo de la casa / referencia de catálogo,,,,,,Referencia — revisar antes de publicar,
PERF-01211,Paco Rabanne,Diseñador,Olympea Legend,EDP/EDT/Parfum (verificar),,,PACO-RAB-OLYMPEA-LEGEND-1210,,Catálogo de la casa / referencia de catálogo,,,,,,Referencia — revisar antes de publicar,
PERF-01212,Paco Rabanne,Diseñador,Olympea Intense,EDP/EDT/Parfum (verificar),,,PACO-RAB-OLYMPEA-INTENSE-1211,,Catálogo de la casa / referencia de catálogo,,,,,,Referencia — revisar antes de publicar,
PERF-01213,Paco Rabanne,Diseñador,Olympea Solar,EDP/EDT/Parfum (verificar),,,PACO-RAB-OLYMPEA-SOLAR-1212,,Catálogo de la casa / referencia de catálogo,,,,,,Referencia — revisar antes de publicar,
PERF-01214,Paco Rabanne,Diseñador,Lady Million,EDP/EDT/Parfum (verificar),,,PACO-RAB-LADY-MILLION-1213,,Catálogo de la casa / referencia de catálogo,,,,,,Referencia — revisar antes de publicar,
PERF-01215,Paco Rabanne,Diseñador,Lady Million Fabulous,EDP/EDT/Parfum (verificar),,,PACO-RAB-LADY-MILLION-FABULOUS-1214,,Catálogo de la casa / referencia de catálogo,,,,,,Referencia — revisar antes de publicar,
PERF-01216,Paco Rabanne,Diseñador,Lady Million Royal,EDP/EDT/Parfum (verificar),,,PACO-RAB-LADY-MILLION-ROYAL-1215,,Catálogo de la casa / referencia de catálogo,,,,,,Referencia — revisar antes de publicar,
PERF-01217,Paco Rabanne,Diseñador,Lady Million Lucky,EDP/EDT/Parfum (verificar),,,PACO-RAB-LADY-MILLION-LUCKY-1216,,Catálogo de la casa / referencia de catálogo,,,,,,Referencia — revisar antes de publicar,
PERF-01218,Paco Rabanne,Diseñador,Pure XS,EDP/EDT/Parfum (verificar),,,PACO-RAB-PURE-XS-1217,,Catálogo de la casa / referencia de catálogo,,,,,,Referencia — revisar antes de publicar,
PERF-01219,Paco Rabanne,Diseñador,Pure XS Night,EDP/EDT/Parfum (verificar),,,PACO-RAB-PURE-XS-NIGHT-1218,,Catálogo de la casa / referencia de catálogo,,,,,,Referencia — revisar antes de publicar,
PERF-01220,Paco Rabanne,Diseñador,Black XS,EDP/EDT/Parfum (verificar),,,PACO-RAB-BLACK-XS-1219,,Catálogo de la casa / referencia de catálogo,,,,,,Referencia — revisar antes de publicar,
PERF-01221,Paco Rabanne,Diseñador,Black XS L'Exces,EDP/EDT/Parfum (verificar),,,PACO-RAB-BLACK-XS-L-EXCES-1220,,Catálogo de la casa / referencia de catálogo,,,,,,Referencia — revisar antes de publicar,
PERF-01222,Paco Rabanne,Diseñador,Ultraviolet,EDP/EDT/Parfum (verificar),,,PACO-RAB-ULTRAVIOLET-1221,,Catálogo de la casa / referencia de catálogo,,,,,,Referencia — revisar antes de publicar,
PERF-01223,Paco Rabanne,Diseñador,Ultraviolet Man,EDP/EDT/Parfum (verificar),,,PACO-RAB-ULTRAVIOLET-MAN-1222,,Catálogo de la casa / referencia de catálogo,,,,,,Referencia — revisar antes de publicar,
PERF-01224,Paco Rabanne,Diseñador,Paco,EDP/EDT/Parfum (verificar),,,PACO-RAB-PACO-1223,,Catálogo de la casa / referencia de catálogo,,,,,,Referencia — revisar antes de publicar,
PERF-01225,Paco Rabanne,Diseñador,XS Pour Homme,EDP/EDT/Parfum (verificar),,,PACO-RAB-XS-POUR-HOMME-1224,,Catálogo de la casa / referencia de catálogo,,,,,,Referencia — revisar antes de publicar,
PERF-01226,Paco Rabanne,Diseñador,Fame,EDP/EDT/Parfum (verificar),,,PACO-RAB-FAME-1225,,Catálogo de la casa / referencia de catálogo,,,,,,Referencia — revisar antes de publicar,
PERF-01227,Paco Rabanne,Diseñador,Fame Parfum,EDP/EDT/Parfum (verificar),,,PACO-RAB-FAME-PARFUM-1226,,Catálogo de la casa / referencia de catálogo,,,,,,Referencia — revisar antes de publicar,
PERF-01228,Paco Rabanne,Diseñador,Fame Intense,EDP/EDT/Parfum (verificar),,,PACO-RAB-FAME-INTENSE-1227,,Catálogo de la casa / referencia de catálogo,,,,,,Referencia — revisar antes de publicar,
PERF-01229,Paco Rabanne,Diseñador,Fame Blooming Pink,EDP/EDT/Parfum (verificar),,,PACO-RAB-FAME-BLOOMING-PINK-1228,,Catálogo de la casa / referencia de catálogo,,,,,,Referencia — revisar antes de publicar,
PERF-01230,Givenchy,Diseñador,Gentleman Eau de Toilette,EDP/EDT/Parfum (verificar),,,GIVENCHY-GENTLEMAN-EAU-DE-TOILETT-1229,,Catálogo de la casa / referencia de catálogo,,,,,,Referencia — revisar antes de publicar,
PERF-01231,Givenchy,Diseñador,Gentleman Eau de Parfum,EDP/EDT/Parfum (verificar),,,GIVENCHY-GENTLEMAN-EAU-DE-PARFUM-1230,,Catálogo de la casa / referencia de catálogo,,,,,,Referencia — revisar antes de publicar,
PERF-01232,Givenchy,Diseñador,Gentleman Boisee,EDP/EDT/Parfum (verificar),,,GIVENCHY-GENTLEMAN-BOISEE-1231,,Catálogo de la casa / referencia de catálogo,,,,,,Referencia — revisar antes de publicar,
PERF-01233,Givenchy,Diseñador,Gentleman Reserve Privée,EDP/EDT/Parfum (verificar),,,GIVENCHY-GENTLEMAN-RESERVE-PRIV-E-1232,,Catálogo de la casa / referencia de catálogo,,,,,,Referencia — revisar antes de publicar,
PERF-01234,Givenchy,Diseñador,Gentleman Society,EDP/EDT/Parfum (verificar),,,GIVENCHY-GENTLEMAN-SOCIETY-1233,,Catálogo de la casa / referencia de catálogo,,,,,,Referencia — revisar antes de publicar,
PERF-01235,Givenchy,Diseñador,Gentleman Society Eau de Parfum,EDP/EDT/Parfum (verificar),,,GIVENCHY-GENTLEMAN-SOCIETY-EAU-DE-1234,,Catálogo de la casa / referencia de catálogo,,,,,,Referencia — revisar antes de publicar,
PERF-01236,Givenchy,Diseñador,Gentleman Eau de Parfum Boisée,EDP/EDT/Parfum (verificar),,,GIVENCHY-GENTLEMAN-EAU-DE-PARFUM--1235,,Catálogo de la casa / referencia de catálogo,,,,,,Referencia — revisar antes de publicar,
PERF-01237,Givenchy,Diseñador,Gentleman Cologne,EDP/EDT/Parfum (verificar),,,GIVENCHY-GENTLEMAN-COLOGNE-1236,,Catálogo de la casa / referencia de catálogo,,,,,,Referencia — revisar antes de publicar,
PERF-01238,Givenchy,Diseñador,L'Interdit Eau de Parfum,EDP/EDT/Parfum (verificar),,,GIVENCHY-L-INTERDIT-EAU-DE-PARFUM-1237,,Catálogo de la casa / referencia de catálogo,,,,,,Referencia — revisar antes de publicar,
PERF-01239,Givenchy,Diseñador,L'Interdit Rouge,EDP/EDT/Parfum (verificar),,,GIVENCHY-L-INTERDIT-ROUGE-1238,,Catálogo de la casa / referencia de catálogo,,,,,,Referencia — revisar antes de publicar,
PERF-01240,Givenchy,Diseñador,L'Interdit Intense,EDP/EDT/Parfum (verificar),,,GIVENCHY-L-INTERDIT-INTENSE-1239,,Catálogo de la casa / referencia de catálogo,,,,,,Referencia — revisar antes de publicar,
PERF-01241,Givenchy,Diseñador,L'Interdit Rouge Ultime,EDP/EDT/Parfum (verificar),,,GIVENCHY-L-INTERDIT-ROUGE-ULTIME-1240,,Catálogo de la casa / referencia de catálogo,,,,,,Referencia — revisar antes de publicar,
PERF-01242,Givenchy,Diseñador,L'Interdit Eau de Toilette,EDP/EDT/Parfum (verificar),,,GIVENCHY-L-INTERDIT-EAU-DE-TOILET-1241,,Catálogo de la casa / referencia de catálogo,,,,,,Referencia — revisar antes de publicar,
PERF-01243,Givenchy,Diseñador,Pi,EDP/EDT/Parfum (verificar),,,GIVENCHY-PI-1242,,Catálogo de la casa / referencia de catálogo,,,,,,Referencia — revisar antes de publicar,
PERF-01244,Givenchy,Diseñador,Pi Neo,EDP/EDT/Parfum (verificar),,,GIVENCHY-PI-NEO-1243,,Catálogo de la casa / referencia de catálogo,,,,,,Referencia — revisar antes de publicar,
PERF-01245,Givenchy,Diseñador,Very Irresistible,EDP/EDT/Parfum (verificar),,,GIVENCHY-VERY-IRRESISTIBLE-1244,,Catálogo de la casa / referencia de catálogo,,,,,,Referencia — revisar antes de publicar,
PERF-01246,Givenchy,Diseñador,Very Irresistible for Men,EDP/EDT/Parfum (verificar),,,GIVENCHY-VERY-IRRESISTIBLE-FOR-ME-1245,,Catálogo de la casa / referencia de catálogo,,,,,,Referencia — revisar antes de publicar,
PERF-01247,Givenchy,Diseñador,Ange ou Demon,EDP/EDT/Parfum (verificar),,,GIVENCHY-ANGE-OU-DEMON-1246,,Catálogo de la casa / referencia de catálogo,,,,,,Referencia — revisar antes de publicar,
PERF-01248,Givenchy,Diseñador,Organza,EDP/EDT/Parfum (verificar),,,GIVENCHY-ORGANZA-1247,,Catálogo de la casa / referencia de catálogo,,,,,,Referencia — revisar antes de publicar,
PERF-01249,Givenchy,Diseñador,Amarige,EDP/EDT/Parfum (verificar),,,GIVENCHY-AMARIGE-1248,,Catálogo de la casa / referencia de catálogo,,,,,,Referencia — revisar antes de publicar,
PERF-01250,Givenchy,Diseñador,Ysatis,EDP/EDT/Parfum (verificar),,,GIVENCHY-YSATIS-1249,,Catálogo de la casa / referencia de catálogo,,,,,,Referencia — revisar antes de publicar,
PERF-01251,Givenchy,Diseñador,Irresistible,EDP/EDT/Parfum (verificar),,,GIVENCHY-IRRESISTIBLE-1250,,Catálogo de la casa / referencia de catálogo,,,,,,Referencia — revisar antes de publicar,
PERF-01252,Givenchy,Diseñador,Irresistible Eau de Parfum,EDP/EDT/Parfum (verificar),,,GIVENCHY-IRRESISTIBLE-EAU-DE-PARF-1251,,Catálogo de la casa / referencia de catálogo,,,,,,Referencia — revisar antes de publicar,
PERF-01253,Givenchy,Diseñador,Irresistible Rose Velvet,EDP/EDT/Parfum (verificar),,,GIVENCHY-IRRESISTIBLE-ROSE-VELVET-1252,,Catálogo de la casa / referencia de catálogo,,,,,,Referencia — revisar antes de publicar,
PERF-01254,Givenchy,Diseñador,Dahlia Divin,EDP/EDT/Parfum (verificar),,,GIVENCHY-DAHLIA-DIVIN-1253,,Catálogo de la casa / referencia de catálogo,,,,,,Referencia — revisar antes de publicar,
PERF-01255,Givenchy,Diseñador,L'Interdit Absolu,EDP/EDT/Parfum (verificar),,,GIVENCHY-L-INTERDIT-ABSOLU-1254,,Catálogo de la casa / referencia de catálogo,,,,,,Referencia — revisar antes de publicar,
PERF-01256,Hermès,Diseñador,Terre d'Hermès,EDP/EDT/Parfum (verificar),,,HERM-S-TERRE-D-HERM-S-1255,,Catálogo de la casa / referencia de catálogo,,,,,,Referencia — revisar antes de publicar,
PERF-01257,Hermès,Diseñador,Terre d'Hermès Eau Givrée,EDP/EDT/Parfum (verificar),,,HERM-S-TERRE-D-HERM-S-EAU-GIVR--1256,,Catálogo de la casa / referencia de catálogo,,,,,,Referencia — revisar antes de publicar,
PERF-01258,Hermès,Diseñador,Terre d'Hermès Eau Intense Vetiver,EDP/EDT/Parfum (verificar),,,HERM-S-TERRE-D-HERM-S-EAU-INTEN-1257,,Catálogo de la casa / referencia de catálogo,,,,,,Referencia — revisar antes de publicar,
PERF-01259,Hermès,Diseñador,Terre d'Hermès Parfum,EDP/EDT/Parfum (verificar),,,HERM-S-TERRE-D-HERM-S-PARFUM-1258,,Catálogo de la casa / referencia de catálogo,,,,,,Referencia — revisar antes de publicar,
PERF-01260,Hermès,Diseñador,H24,EDP/EDT/Parfum (verificar),,,HERM-S-H24-1259,,Catálogo de la casa / referencia de catálogo,,,,,,Referencia — revisar antes de publicar,
PERF-01261,Hermès,Diseñador,H24 Eau de Parfum,EDP/EDT/Parfum (verificar),,,HERM-S-H24-EAU-DE-PARFUM-1260,,Catálogo de la casa / referencia de catálogo,,,,,,Referencia — revisar antes de publicar,
PERF-01262,Hermès,Diseñador,H24 Herbes Vives,EDP/EDT/Parfum (verificar),,,HERM-S-H24-HERBES-VIVES-1261,,Catálogo de la casa / referencia de catálogo,,,,,,Referencia — revisar antes de publicar,
PERF-01263,Hermès,Diseñador,Eau des Merveilles,EDP/EDT/Parfum (verificar),,,HERM-S-EAU-DES-MERVEILLES-1262,,Catálogo de la casa / referencia de catálogo,,,,,,Referencia — revisar antes de publicar,
PERF-01264,Hermès,Diseñador,Eau des Merveilles Bleue,EDP/EDT/Parfum (verificar),,,HERM-S-EAU-DES-MERVEILLES-BLEUE-1263,,Catálogo de la casa / referencia de catálogo,,,,,,Referencia — revisar antes de publicar,
PERF-01265,Hermès,Diseñador,Eau des Merveilles Eau de Toilette,EDP/EDT/Parfum (verificar),,,HERM-S-EAU-DES-MERVEILLES-EAU-D-1264,,Catálogo de la casa / referencia de catálogo,,,,,,Referencia — revisar antes de publicar,
PERF-01266,Hermès,Diseñador,Twilly d'Hermès,EDP/EDT/Parfum (verificar),,,HERM-S-TWILLY-D-HERM-S-1265,,Catálogo de la casa / referencia de catálogo,,,,,,Referencia — revisar antes de publicar,
PERF-01267,Hermès,Diseñador,Twilly d'Hermès Eau Ginger,EDP/EDT/Parfum (verificar),,,HERM-S-TWILLY-D-HERM-S-EAU-GING-1266,,Catálogo de la casa / referencia de catálogo,,,,,,Referencia — revisar antes de publicar,
PERF-01268,Hermès,Diseñador,Un Jardin Sur Le Nil,EDP/EDT/Parfum (verificar),,,HERM-S-UN-JARDIN-SUR-LE-NIL-1267,,Catálogo de la casa / referencia de catálogo,,,,,,Referencia — revisar antes de publicar,
PERF-01269,Hermès,Diseñador,Un Jardin à Cythère,EDP/EDT/Parfum (verificar),,,HERM-S-UN-JARDIN-CYTH-RE-1268,,Catálogo de la casa / referencia de catálogo,,,,,,Referencia — revisar antes de publicar,
PERF-01270,Hermès,Diseñador,Un Jardin en Méditerranée,EDP/EDT/Parfum (verificar),,,HERM-S-UN-JARDIN-EN-M-DITERRAN--1269,,Catálogo de la casa / referencia de catálogo,,,,,,Referencia — revisar antes de publicar,
PERF-01271,Hermès,Diseñador,Un Jardin Après la Mousson,EDP/EDT/Parfum (verificar),,,HERM-S-UN-JARDIN-APR-S-LA-MOUSS-1270,,Catálogo de la casa / referencia de catálogo,,,,,,Referencia — revisar antes de publicar,
PERF-01272,Hermès,Diseñador,Un Jardin de Monsieur Li,EDP/EDT/Parfum (verificar),,,HERM-S-UN-JARDIN-DE-MONSIEUR-LI-1271,,Catálogo de la casa / referencia de catálogo,,,,,,Referencia — revisar antes de publicar,
PERF-01273,Hermès,Diseñador,Kelly Calèche,EDP/EDT/Parfum (verificar),,,HERM-S-KELLY-CAL-CHE-1272,,Catálogo de la casa / referencia de catálogo,,,,,,Referencia — revisar antes de publicar,
PERF-01274,Hermès,Diseñador,Calèche,EDP/EDT/Parfum (verificar),,,HERM-S-CAL-CHE-1273,,Catálogo de la casa / referencia de catálogo,,,,,,Referencia — revisar antes de publicar,
PERF-01275,Hermès,Diseñador,Eau d'Orange Verte,EDP/EDT/Parfum (verificar),,,HERM-S-EAU-D-ORANGE-VERTE-1274,,Catálogo de la casa / referencia de catálogo,,,,,,Referencia — revisar antes de publicar,
PERF-01276,Hermès,Diseñador,Eau de Rhubarbe Écarlate,EDP/EDT/Parfum (verificar),,,HERM-S-EAU-DE-RHUBARBE-CARLATE-1275,,Catálogo de la casa / referencia de catálogo,,,,,,Referencia — revisar antes de publicar,
PERF-01277,Hermès,Diseñador,Oud Alezan,EDP/EDT/Parfum (verificar),,,HERM-S-OUD-ALEZAN-1276,,Catálogo de la casa / referencia de catálogo,,,,,,Referencia — revisar antes de publicar,
PERF-01278,Hermès,Diseñador,Oud Alezan Hermessence,EDP/EDT/Parfum (verificar),,,HERM-S-OUD-ALEZAN-HERMESSENCE-1277,,Catálogo de la casa / referencia de catálogo,,,,,,Referencia — revisar antes de publicar,
PERF-01279,Hermès,Diseñador,Terre d'Hermès Eau Très Fraîche,EDP/EDT/Parfum (verificar),,,HERM-S-TERRE-D-HERM-S-EAU-TR-S--1278,,Catálogo de la casa / referencia de catálogo,,,,,,Referencia — revisar antes de publicar,
PERF-01280,Hermès,Diseñador,Ambre Narguilé,EDP/EDT/Parfum (verificar),,,HERM-S-AMBRE-NARGUIL-1279,,Catálogo de la casa / referencia de catálogo,,,,,,Referencia — revisar antes de publicar,
PERF-01281,Hermès,Diseñador,Santal Massoïa,EDP/EDT/Parfum (verificar),,,HERM-S-SANTAL-MASSO-A-1280,,Catálogo de la casa / referencia de catálogo,,,,,,Referencia — revisar antes de publicar,
PERF-01282,Hermès,Diseñador,Vetiver Tonka,EDP/EDT/Parfum (verificar),,,HERM-S-VETIVER-TONKA-1281,,Catálogo de la casa / referencia de catálogo,,,,,,Referencia — revisar antes de publicar,
PERF-01283,Hermès,Diseñador,Poivre Samarcande,EDP/EDT/Parfum (verificar),,,HERM-S-POIVRE-SAMARCANDE-1282,,Catálogo de la casa / referencia de catálogo,,,,,,Referencia — revisar antes de publicar,
PERF-01284,Burberry,Diseñador,Burberry Hero,EDP/EDT/Parfum (verificar),,,BURBERRY-BURBERRY-HERO-1283,,Catálogo de la casa / referencia de catálogo,,,,,,Referencia — revisar antes de publicar,
PERF-01285,Burberry,Diseñador,Burberry Hero Eau de Parfum,EDP/EDT/Parfum (verificar),,,BURBERRY-BURBERRY-HERO-EAU-DE-PAR-1284,,Catálogo de la casa / referencia de catálogo,,,,,,Referencia — revisar antes de publicar,
PERF-01286,Burberry,Diseñador,Burberry Hero Parfum,EDP/EDT/Parfum (verificar),,,BURBERRY-BURBERRY-HERO-PARFUM-1285,,Catálogo de la casa / referencia de catálogo,,,,,,Referencia — revisar antes de publicar,
PERF-01287,Burberry,Diseñador,Burberry Hero Elixir,EDP/EDT/Parfum (verificar),,,BURBERRY-BURBERRY-HERO-ELIXIR-1286,,Catálogo de la casa / referencia de catálogo,,,,,,Referencia — revisar antes de publicar,
PERF-01288,Burberry,Diseñador,Burberry London for Men,EDP/EDT/Parfum (verificar),,,BURBERRY-BURBERRY-LONDON-FOR-MEN-1287,,Catálogo de la casa / referencia de catálogo,,,,,,Referencia — revisar antes de publicar,
PERF-01289,Burberry,Diseñador,Burberry Touch,EDP/EDT/Parfum (verificar),,,BURBERRY-BURBERRY-TOUCH-1288,,Catálogo de la casa / referencia de catálogo,,,,,,Referencia — revisar antes de publicar,
PERF-01290,Burberry,Diseñador,Burberry Brit,EDP/EDT/Parfum (verificar),,,BURBERRY-BURBERRY-BRIT-1289,,Catálogo de la casa / referencia de catálogo,,,,,,Referencia — revisar antes de publicar,
PERF-01291,Burberry,Diseñador,Burberry Brit Rhythm,EDP/EDT/Parfum (verificar),,,BURBERRY-BURBERRY-BRIT-RHYTHM-1290,,Catálogo de la casa / referencia de catálogo,,,,,,Referencia — revisar antes de publicar,
PERF-01292,Burberry,Diseñador,Burberry Brit Rhythm Intense,EDP/EDT/Parfum (verificar),,,BURBERRY-BURBERRY-BRIT-RHYTHM-INT-1291,,Catálogo de la casa / referencia de catálogo,,,,,,Referencia — revisar antes de publicar,
PERF-01293,Burberry,Diseñador,Burberry Goddess,EDP/EDT/Parfum (verificar),,,BURBERRY-BURBERRY-GODDESS-1292,,Catálogo de la casa / referencia de catálogo,,,,,,Referencia — revisar antes de publicar,
PERF-01294,Burberry,Diseñador,Burberry Goddess Intense,EDP/EDT/Parfum (verificar),,,BURBERRY-BURBERRY-GODDESS-INTENSE-1293,,Catálogo de la casa / referencia de catálogo,,,,,,Referencia — revisar antes de publicar,
PERF-01295,Burberry,Diseñador,Burberry Her,EDP/EDT/Parfum (verificar),,,BURBERRY-BURBERRY-HER-1294,,Catálogo de la casa / referencia de catálogo,,,,,,Referencia — revisar antes de publicar,
PERF-01296,Burberry,Diseñador,Burberry Her Elixir,EDP/EDT/Parfum (verificar),,,BURBERRY-BURBERRY-HER-ELIXIR-1295,,Catálogo de la casa / referencia de catálogo,,,,,,Referencia — revisar antes de publicar,
PERF-01297,Burberry,Diseñador,Burberry Her Eau de Toilette,EDP/EDT/Parfum (verificar),,,BURBERRY-BURBERRY-HER-EAU-DE-TOIL-1296,,Catálogo de la casa / referencia de catálogo,,,,,,Referencia — revisar antes de publicar,
PERF-01298,Burberry,Diseñador,My Burberry,EDP/EDT/Parfum (verificar),,,BURBERRY-MY-BURBERRY-1297,,Catálogo de la casa / referencia de catálogo,,,,,,Referencia — revisar antes de publicar,
PERF-01299,Burberry,Diseñador,My Burberry Black,EDP/EDT/Parfum (verificar),,,BURBERRY-MY-BURBERRY-BLACK-1298,,Catálogo de la casa / referencia de catálogo,,,,,,Referencia — revisar antes de publicar,
PERF-01300,Burberry,Diseñador,My Burberry Blush,EDP/EDT/Parfum (verificar),,,BURBERRY-MY-BURBERRY-BLUSH-1299,,Catálogo de la casa / referencia de catálogo,,,,,,Referencia — revisar antes de publicar,
PERF-01301,Burberry,Diseñador,Burberry Weekend,EDP/EDT/Parfum (verificar),,,BURBERRY-BURBERRY-WEEKEND-1300,,Catálogo de la casa / referencia de catálogo,,,,,,Referencia — revisar antes de publicar,
PERF-01302,Burberry,Diseñador,Burberry Weekend for Men,EDP/EDT/Parfum (verificar),,,BURBERRY-BURBERRY-WEEKEND-FOR-MEN-1301,,Catálogo de la casa / referencia de catálogo,,,,,,Referencia — revisar antes de publicar,
PERF-01303,Burberry,Diseñador,Burberry Brit for Men,EDP/EDT/Parfum (verificar),,,BURBERRY-BURBERRY-BRIT-FOR-MEN-1302,,Catálogo de la casa / referencia de catálogo,,,,,,Referencia — revisar antes de publicar,
PERF-01304,Burberry,Diseñador,Mr Burberry,EDP/EDT/Parfum (verificar),,,BURBERRY-MR-BURBERRY-1303,,Catálogo de la casa / referencia de catálogo,,,,,,Referencia — revisar antes de publicar,
PERF-01305,Burberry,Diseñador,Mr Burberry Indigo,EDP/EDT/Parfum (verificar),,,BURBERRY-MR-BURBERRY-INDIGO-1304,,Catálogo de la casa / referencia de catálogo,,,,,,Referencia — revisar antes de publicar,
PERF-01306,Burberry,Diseñador,Mr Burberry Eau de Parfum,EDP/EDT/Parfum (verificar),,,BURBERRY-MR-BURBERRY-EAU-DE-PARFU-1305,,Catálogo de la casa / referencia de catálogo,,,,,,Referencia — revisar antes de publicar,
PERF-01307,Burberry,Diseñador,Burberry Brit Splash,EDP/EDT/Parfum (verificar),,,BURBERRY-BURBERRY-BRIT-SPLASH-1306,,Catálogo de la casa / referencia de catálogo,,,,,,Referencia — revisar antes de publicar,
PERF-01308,Burberry,Diseñador,Burberry Signatures,EDP/EDT/Parfum (verificar),,,BURBERRY-BURBERRY-SIGNATURES-1307,,Catálogo de la casa / referencia de catálogo,,,,,,Referencia — revisar antes de publicar,
PERF-01309,Valentino,Diseñador,Born in Roma Uomo,EDP/EDT/Parfum (verificar),,,VALENTIN-BORN-IN-ROMA-UOMO-1308,,Catálogo de la casa / referencia de catálogo,,,,,,Referencia — revisar antes de publicar,
PERF-01310,Valentino,Diseñador,Born in Roma Uomo Intense,EDP/EDT/Parfum (verificar),,,VALENTIN-BORN-IN-ROMA-UOMO-INTENS-1309,,Catálogo de la casa / referencia de catálogo,,,,,,Referencia — revisar antes de publicar,
PERF-01311,Valentino,Diseñador,Born in Roma Uomo Coral Fantasy,EDP/EDT/Parfum (verificar),,,VALENTIN-BORN-IN-ROMA-UOMO-CORAL--1310,,Catálogo de la casa / referencia de catálogo,,,,,,Referencia — revisar antes de publicar,
PERF-01312,Valentino,Diseñador,Born in Roma Uomo Green Stravaganza,EDP/EDT/Parfum (verificar),,,VALENTIN-BORN-IN-ROMA-UOMO-GREEN--1311,,Catálogo de la casa / referencia de catálogo,,,,,,Referencia — revisar antes de publicar,
PERF-01313,Valentino,Diseñador,Born in Roma Uomo Extradose,EDP/EDT/Parfum (verificar),,,VALENTIN-BORN-IN-ROMA-UOMO-EXTRAD-1312,,Catálogo de la casa / referencia de catálogo,,,,,,Referencia — revisar antes de publicar,
PERF-01314,Valentino,Diseñador,Born in Roma Donna,EDP/EDT/Parfum (verificar),,,VALENTIN-BORN-IN-ROMA-DONNA-1313,,Catálogo de la casa / referencia de catálogo,,,,,,Referencia — revisar antes de publicar,
PERF-01315,Valentino,Diseñador,Born in Roma Donna Intense,EDP/EDT/Parfum (verificar),,,VALENTIN-BORN-IN-ROMA-DONNA-INTEN-1314,,Catálogo de la casa / referencia de catálogo,,,,,,Referencia — revisar antes de publicar,
PERF-01316,Valentino,Diseñador,Born in Roma Donna Coral Fantasy,EDP/EDT/Parfum (verificar),,,VALENTIN-BORN-IN-ROMA-DONNA-CORAL-1315,,Catálogo de la casa / referencia de catálogo,,,,,,Referencia — revisar antes de publicar,
PERF-01317,Valentino,Diseñador,Born in Roma Donna Green Stravaganza,EDP/EDT/Parfum (verificar),,,VALENTIN-BORN-IN-ROMA-DONNA-GREEN-1316,,Catálogo de la casa / referencia de catálogo,,,,,,Referencia — revisar antes de publicar,
PERF-01318,Valentino,Diseñador,Born in Roma Donna Extradose,EDP/EDT/Parfum (verificar),,,VALENTIN-BORN-IN-ROMA-DONNA-EXTRA-1317,,Catálogo de la casa / referencia de catálogo,,,,,,Referencia — revisar antes de publicar,
PERF-01319,Valentino,Diseñador,Uomo,EDP/EDT/Parfum (verificar),,,VALENTIN-UOMO-1318,,Catálogo de la casa / referencia de catálogo,,,,,,Referencia — revisar antes de publicar,
PERF-01320,Valentino,Diseñador,Uomo Intense,EDP/EDT/Parfum (verificar),,,VALENTIN-UOMO-INTENSE-1319,,Catálogo de la casa / referencia de catálogo,,,,,,Referencia — revisar antes de publicar,
PERF-01321,Valentino,Diseñador,Uomo Acqua,EDP/EDT/Parfum (verificar),,,VALENTIN-UOMO-ACQUA-1320,,Catálogo de la casa / referencia de catálogo,,,,,,Referencia — revisar antes de publicar,
PERF-01322,Valentino,Diseñador,Voce Viva,EDP/EDT/Parfum (verificar),,,VALENTIN-VOCE-VIVA-1321,,Catálogo de la casa / referencia de catálogo,,,,,,Referencia — revisar antes de publicar,
PERF-01323,Valentino,Diseñador,Voce Viva Intensa,EDP/EDT/Parfum (verificar),,,VALENTIN-VOCE-VIVA-INTENSA-1322,,Catálogo de la casa / referencia de catálogo,,,,,,Referencia — revisar antes de publicar,
PERF-01324,Valentino,Diseñador,Voce Viva Born in Roma,EDP/EDT/Parfum (verificar),,,VALENTIN-VOCE-VIVA-BORN-IN-ROMA-1323,,Catálogo de la casa / referencia de catálogo,,,,,,Referencia — revisar antes de publicar,
PERF-01325,Valentino,Diseñador,Donna,EDP/EDT/Parfum (verificar),,,VALENTIN-DONNA-1324,,Catálogo de la casa / referencia de catálogo,,,,,,Referencia — revisar antes de publicar,
PERF-01326,Valentino,Diseñador,Donna Noir Absolu,EDP/EDT/Parfum (verificar),,,VALENTIN-DONNA-NOIR-ABSOLU-1325,,Catálogo de la casa / referencia de catálogo,,,,,,Referencia — revisar antes de publicar,
PERF-01327,Valentino,Diseñador,Valentino Noir Absolu,EDP/EDT/Parfum (verificar),,,VALENTIN-VALENTINO-NOIR-ABSOLU-1326,,Catálogo de la casa / referencia de catálogo,,,,,,Referencia — revisar antes de publicar,
PERF-01328,Valentino,Diseñador,Valentino Uomo Born in Roma The Gold,EDP/EDT/Parfum (verificar),,,VALENTIN-VALENTINO-UOMO-BORN-IN-R-1327,,Catálogo de la casa / referencia de catálogo,,,,,,Referencia — revisar antes de publicar,
PERF-01329,Valentino,Diseñador,Valentino Uomo The Red,EDP/EDT/Parfum (verificar),,,VALENTIN-VALENTINO-UOMO-THE-RED-1328,,Catálogo de la casa / referencia de catálogo,,,,,,Referencia — revisar antes de publicar,
PERF-01330,Valentino,Diseñador,Rockstud Noir,EDP/EDT/Parfum (verificar),,,VALENTIN-ROCKSTUD-NOIR-1329,,Catálogo de la casa / referencia de catálogo,,,,,,Referencia — revisar antes de publicar,
PERF-01331,Bvlgari,Diseñador,Man in Black,EDP/EDT/Parfum (verificar),,,BVLGARI-MAN-IN-BLACK-1330,,Catálogo de la casa / referencia de catálogo,,,,,,Referencia — revisar antes de publicar,
PERF-01332,Bvlgari,Diseñador,Man in Black Parfum,EDP/EDT/Parfum (verificar),,,BVLGARI-MAN-IN-BLACK-PARFUM-1331,,Catálogo de la casa / referencia de catálogo,,,,,,Referencia — revisar antes de publicar,
PERF-01333,Bvlgari,Diseñador,Man Glacial Essence,EDP/EDT/Parfum (verificar),,,BVLGARI-MAN-GLACIAL-ESSENCE-1332,,Catálogo de la casa / referencia de catálogo,,,,,,Referencia — revisar antes de publicar,
PERF-01334,Bvlgari,Diseñador,Man Rain Essence,EDP/EDT/Parfum (verificar),,,BVLGARI-MAN-RAIN-ESSENCE-1333,,Catálogo de la casa / referencia de catálogo,,,,,,Referencia — revisar antes de publicar,
PERF-01335,Bvlgari,Diseñador,Man Wood Essence,EDP/EDT/Parfum (verificar),,,BVLGARI-MAN-WOOD-ESSENCE-1334,,Catálogo de la casa / referencia de catálogo,,,,,,Referencia — revisar antes de publicar,
PERF-01336,Bvlgari,Diseñador,Aqva Pour Homme,EDP/EDT/Parfum (verificar),,,BVLGARI-AQVA-POUR-HOMME-1335,,Catálogo de la casa / referencia de catálogo,,,,,,Referencia — revisar antes de publicar,
PERF-01337,Bvlgari,Diseñador,Aqva Marine,EDP/EDT/Parfum (verificar),,,BVLGARI-AQVA-MARINE-1336,,Catálogo de la casa / referencia de catálogo,,,,,,Referencia — revisar antes de publicar,
PERF-01338,Bvlgari,Diseñador,Aqva Amara,EDP/EDT/Parfum (verificar),,,BVLGARI-AQVA-AMARA-1337,,Catálogo de la casa / referencia de catálogo,,,,,,Referencia — revisar antes de publicar,
PERF-01339,Bvlgari,Diseñador,Omnia Crystalline,EDP/EDT/Parfum (verificar),,,BVLGARI-OMNIA-CRYSTALLINE-1338,,Catálogo de la casa / referencia de catálogo,,,,,,Referencia — revisar antes de publicar,
PERF-01340,Bvlgari,Diseñador,Omnia Amethyste,EDP/EDT/Parfum (verificar),,,BVLGARI-OMNIA-AMETHYSTE-1339,,Catálogo de la casa / referencia de catálogo,,,,,,Referencia — revisar antes de publicar,
PERF-01341,Bvlgari,Diseñador,Omnia Coral,EDP/EDT/Parfum (verificar),,,BVLGARI-OMNIA-CORAL-1340,,Catálogo de la casa / referencia de catálogo,,,,,,Referencia — revisar antes de publicar,
PERF-01342,Bvlgari,Diseñador,Omnia Pink Sapphire,EDP/EDT/Parfum (verificar),,,BVLGARI-OMNIA-PINK-SAPPHIRE-1341,,Catálogo de la casa / referencia de catálogo,,,,,,Referencia — revisar antes de publicar,
PERF-01343,Bvlgari,Diseñador,Omnia Golden Citrine,EDP/EDT/Parfum (verificar),,,BVLGARI-OMNIA-GOLDEN-CITRINE-1342,,Catálogo de la casa / referencia de catálogo,,,,,,Referencia — revisar antes de publicar,
PERF-01344,Bvlgari,Diseñador,Omnia Paraiba,EDP/EDT/Parfum (verificar),,,BVLGARI-OMNIA-PARAIBA-1343,,Catálogo de la casa / referencia de catálogo,,,,,,Referencia — revisar antes de publicar,
PERF-01345,Bvlgari,Diseñador,Rose Goldea,EDP/EDT/Parfum (verificar),,,BVLGARI-ROSE-GOLDEA-1344,,Catálogo de la casa / referencia de catálogo,,,,,,Referencia — revisar antes de publicar,
PERF-01346,Bvlgari,Diseñador,Rose Goldea Blossom Delight,EDP/EDT/Parfum (verificar),,,BVLGARI-ROSE-GOLDEA-BLOSSOM-DELI-1345,,Catálogo de la casa / referencia de catálogo,,,,,,Referencia — revisar antes de publicar,
PERF-01347,Bvlgari,Diseñador,Goldea,EDP/EDT/Parfum (verificar),,,BVLGARI-GOLDEA-1346,,Catálogo de la casa / referencia de catálogo,,,,,,Referencia — revisar antes de publicar,
PERF-01348,Bvlgari,Diseñador,Goldea The Roman Night,EDP/EDT/Parfum (verificar),,,BVLGARI-GOLDEA-THE-ROMAN-NIGHT-1347,,Catálogo de la casa / referencia de catálogo,,,,,,Referencia — revisar antes de publicar,
PERF-01349,Bvlgari,Diseñador,Eau Parfumée au Thé Vert,EDP/EDT/Parfum (verificar),,,BVLGARI-EAU-PARFUM-E-AU-TH-VERT-1348,,Catálogo de la casa / referencia de catálogo,,,,,,Referencia — revisar antes de publicar,
PERF-01350,Bvlgari,Diseñador,Eau Parfumée au Thé Blanc,EDP/EDT/Parfum (verificar),,,BVLGARI-EAU-PARFUM-E-AU-TH-BLANC-1349,,Catálogo de la casa / referencia de catálogo,,,,,,Referencia — revisar antes de publicar,
PERF-01351,Bvlgari,Diseñador,Eau Parfumée au Thé Rouge,EDP/EDT/Parfum (verificar),,,BVLGARI-EAU-PARFUM-E-AU-TH-ROUGE-1350,,Catálogo de la casa / referencia de catálogo,,,,,,Referencia — revisar antes de publicar,
PERF-01352,Bvlgari,Diseñador,Tygar,EDP/EDT/Parfum (verificar),,,BVLGARI-TYGAR-1351,,Catálogo de la casa / referencia de catálogo,,,,,,Referencia — revisar antes de publicar,
PERF-01353,Bvlgari,Diseñador,Le Gemme Tygar,EDP/EDT/Parfum (verificar),,,BVLGARI-LE-GEMME-TYGAR-1352,,Catálogo de la casa / referencia de catálogo,,,,,,Referencia — revisar antes de publicar,
PERF-01354,Bvlgari,Diseñador,Le Gemme Gyan,EDP/EDT/Parfum (verificar),,,BVLGARI-LE-GEMME-GYAN-1353,,Catálogo de la casa / referencia de catálogo,,,,,,Referencia — revisar antes de publicar,
PERF-01355,Bvlgari,Diseñador,Le Gemme Orom,EDP/EDT/Parfum (verificar),,,BVLGARI-LE-GEMME-OROM-1354,,Catálogo de la casa / referencia de catálogo,,,,,,Referencia — revisar antes de publicar,
PERF-01356,Bvlgari,Diseñador,Le Gemme Onekh,EDP/EDT/Parfum (verificar),,,BVLGARI-LE-GEMME-ONEKH-1355,,Catálogo de la casa / referencia de catálogo,,,,,,Referencia — revisar antes de publicar,
PERF-01357,Bvlgari,Diseñador,Le Gemme Kobraa,EDP/EDT/Parfum (verificar),,,BVLGARI-LE-GEMME-KOBRAA-1356,,Catálogo de la casa / referencia de catálogo,,,,,,Referencia — revisar antes de publicar,
PERF-01358,Bvlgari,Diseñador,Le Gemme Empyr,EDP/EDT/Parfum (verificar),,,BVLGARI-LE-GEMME-EMPYR-1357,,Catálogo de la casa / referencia de catálogo,,,,,,Referencia — revisar antes de publicar,
PERF-01359,Bvlgari,Diseñador,Black Orient,EDP/EDT/Parfum (verificar),,,BVLGARI-BLACK-ORIENT-1358,,Catálogo de la casa / referencia de catálogo,,,,,,Referencia — revisar antes de publicar,
PERF-01360,Bvlgari,Diseñador,Pour Homme Soir,EDP/EDT/Parfum (verificar),,,BVLGARI-POUR-HOMME-SOIR-1359,,Catálogo de la casa / referencia de catálogo,,,,,,Referencia — revisar antes de publicar,
PERF-01361,Bvlgari,Diseñador,Blv Pour Homme,EDP/EDT/Parfum (verificar),,,BVLGARI-BLV-POUR-HOMME-1360,,Catálogo de la casa / referencia de catálogo,,,,,,Referencia — revisar antes de publicar,
PERF-01362,Bvlgari,Diseñador,Blv Eau de Parfum II,EDP/EDT/Parfum (verificar),,,BVLGARI-BLV-EAU-DE-PARFUM-II-1361,,Catálogo de la casa / referencia de catálogo,,,,,,Referencia — revisar antes de publicar,
PERF-01363,Bvlgari,Diseñador,Petits et Mamans,EDP/EDT/Parfum (verificar),,,BVLGARI-PETITS-ET-MAMANS-1362,,Catálogo de la casa / referencia de catálogo,,,,,,Referencia — revisar antes de publicar,
PERF-01364,Hugo Boss,Diseñador,Boss Bottled,EDP/EDT/Parfum (verificar),,,HUGO-BOS-BOSS-BOTTLED-1363,,Catálogo de la casa / referencia de catálogo,,,,,,Referencia — revisar antes de publicar,
PERF-01365,Hugo Boss,Diseñador,Boss Bottled Intense,EDP/EDT/Parfum (verificar),,,HUGO-BOS-BOSS-BOTTLED-INTENSE-1364,,Catálogo de la casa / referencia de catálogo,,,,,,Referencia — revisar antes de publicar,
PERF-01366,Hugo Boss,Diseñador,Boss Bottled Elixir,EDP/EDT/Parfum (verificar),,,HUGO-BOS-BOSS-BOTTLED-ELIXIR-1365,,Catálogo de la casa / referencia de catálogo,,,,,,Referencia — revisar antes de publicar,
PERF-01367,Hugo Boss,Diseñador,Boss Bottled Night,EDP/EDT/Parfum (verificar),,,HUGO-BOS-BOSS-BOTTLED-NIGHT-1366,,Catálogo de la casa / referencia de catálogo,,,,,,Referencia — revisar antes de publicar,
PERF-01368,Hugo Boss,Diseñador,Boss Bottled Infinite,EDP/EDT/Parfum (verificar),,,HUGO-BOS-BOSS-BOTTLED-INFINITE-1367,,Catálogo de la casa / referencia de catálogo,,,,,,Referencia — revisar antes de publicar,
PERF-01369,Hugo Boss,Diseñador,Boss Bottled Parfum,EDP/EDT/Parfum (verificar),,,HUGO-BOS-BOSS-BOTTLED-PARFUM-1368,,Catálogo de la casa / referencia de catálogo,,,,,,Referencia — revisar antes de publicar,
PERF-01370,Hugo Boss,Diseñador,Boss The Scent,EDP/EDT/Parfum (verificar),,,HUGO-BOS-BOSS-THE-SCENT-1369,,Catálogo de la casa / referencia de catálogo,,,,,,Referencia — revisar antes de publicar,
PERF-01371,Hugo Boss,Diseñador,Boss The Scent Magnetic,EDP/EDT/Parfum (verificar),,,HUGO-BOS-BOSS-THE-SCENT-MAGNETIC-1370,,Catálogo de la casa / referencia de catálogo,,,,,,Referencia — revisar antes de publicar,
PERF-01372,Hugo Boss,Diseñador,Boss The Scent Absolute,EDP/EDT/Parfum (verificar),,,HUGO-BOS-BOSS-THE-SCENT-ABSOLUTE-1371,,Catálogo de la casa / referencia de catálogo,,,,,,Referencia — revisar antes de publicar,
PERF-01373,Hugo Boss,Diseñador,Boss The Scent Private Accord,EDP/EDT/Parfum (verificar),,,HUGO-BOS-BOSS-THE-SCENT-PRIVATE-A-1372,,Catálogo de la casa / referencia de catálogo,,,,,,Referencia — revisar antes de publicar,
PERF-01374,Hugo Boss,Diseñador,Hugo Man,EDP/EDT/Parfum (verificar),,,HUGO-BOS-HUGO-MAN-1373,,Catálogo de la casa / referencia de catálogo,,,,,,Referencia — revisar antes de publicar,
PERF-01375,Hugo Boss,Diseñador,Hugo Reversed,EDP/EDT/Parfum (verificar),,,HUGO-BOS-HUGO-REVERSED-1374,,Catálogo de la casa / referencia de catálogo,,,,,,Referencia — revisar antes de publicar,
PERF-01376,Hugo Boss,Diseñador,Hugo Intense,EDP/EDT/Parfum (verificar),,,HUGO-BOS-HUGO-INTENSE-1375,,Catálogo de la casa / referencia de catálogo,,,,,,Referencia — revisar antes de publicar,
PERF-01377,Hugo Boss,Diseñador,Boss Alive,EDP/EDT/Parfum (verificar),,,HUGO-BOS-BOSS-ALIVE-1376,,Catálogo de la casa / referencia de catálogo,,,,,,Referencia — revisar antes de publicar,
PERF-01378,Hugo Boss,Diseñador,Boss Ma Vie,EDP/EDT/Parfum (verificar),,,HUGO-BOS-BOSS-MA-VIE-1377,,Catálogo de la casa / referencia de catálogo,,,,,,Referencia — revisar antes de publicar,
PERF-01379,Hugo Boss,Diseñador,Boss Orange,EDP/EDT/Parfum (verificar),,,HUGO-BOS-BOSS-ORANGE-1378,,Catálogo de la casa / referencia de catálogo,,,,,,Referencia — revisar antes de publicar,
PERF-01380,Hugo Boss,Diseñador,Boss Orange Man,EDP/EDT/Parfum (verificar),,,HUGO-BOS-BOSS-ORANGE-MAN-1379,,Catálogo de la casa / referencia de catálogo,,,,,,Referencia — revisar antes de publicar,
PERF-01381,Hugo Boss,Diseñador,Boss Selection,EDP/EDT/Parfum (verificar),,,HUGO-BOS-BOSS-SELECTION-1380,,Catálogo de la casa / referencia de catálogo,,,,,,Referencia — revisar antes de publicar,
PERF-01382,Hugo Boss,Diseñador,Boss In Motion,EDP/EDT/Parfum (verificar),,,HUGO-BOS-BOSS-IN-MOTION-1381,,Catálogo de la casa / referencia de catálogo,,,,,,Referencia — revisar antes de publicar,
PERF-01383,Hugo Boss,Diseñador,Boss Bottled Unlimited,EDP/EDT/Parfum (verificar),,,HUGO-BOS-BOSS-BOTTLED-UNLIMITED-1382,,Catálogo de la casa / referencia de catálogo,,,,,,Referencia — revisar antes de publicar,
PERF-01384,Hugo Boss,Diseñador,Boss Bottled Oud,EDP/EDT/Parfum (verificar),,,HUGO-BOS-BOSS-BOTTLED-OUD-1383,,Catálogo de la casa / referencia de catálogo,,,,,,Referencia — revisar antes de publicar,
PERF-01385,Hugo Boss,Diseñador,The Scent for Her,EDP/EDT/Parfum (verificar),,,HUGO-BOS-THE-SCENT-FOR-HER-1384,,Catálogo de la casa / referencia de catálogo,,,,,,Referencia — revisar antes de publicar,
PERF-01386,Hugo Boss,Diseñador,The Scent for Her Absolute,EDP/EDT/Parfum (verificar),,,HUGO-BOS-THE-SCENT-FOR-HER-ABSOLU-1385,,Catálogo de la casa / referencia de catálogo,,,,,,Referencia — revisar antes de publicar,
PERF-01387,Hugo Boss,Diseñador,The Scent For Her Magnetic,EDP/EDT/Parfum (verificar),,,HUGO-BOS-THE-SCENT-FOR-HER-MAGNET-1386,,Catálogo de la casa / referencia de catálogo,,,,,,Referencia — revisar antes de publicar,
PERF-01388,Hugo Boss,Diseñador,Deep Red,EDP/EDT/Parfum (verificar),,,HUGO-BOS-DEEP-RED-1387,,Catálogo de la casa / referencia de catálogo,,,,,,Referencia — revisar antes de publicar,
PERF-01389,Hugo Boss,Diseñador,Femme by Boss,EDP/EDT/Parfum (verificar),,,HUGO-BOS-FEMME-BY-BOSS-1388,,Catálogo de la casa / referencia de catálogo,,,,,,Referencia — revisar antes de publicar,
PERF-01390,Hugo Boss,Diseñador,Jour Pour Femme,EDP/EDT/Parfum (verificar),,,HUGO-BOS-JOUR-POUR-FEMME-1389,,Catálogo de la casa / referencia de catálogo,,,,,,Referencia — revisar antes de publicar,
PERF-01391,Calvin Klein,Diseñador,CK One,EDP/EDT/Parfum (verificar),,,CALVIN-K-CK-ONE-1390,,Catálogo de la casa / referencia de catálogo,,,,,,Referencia — revisar antes de publicar,
PERF-01392,Calvin Klein,Diseñador,CK Be,EDP/EDT/Parfum (verificar),,,CALVIN-K-CK-BE-1391,,Catálogo de la casa / referencia de catálogo,,,,,,Referencia — revisar antes de publicar,
PERF-01393,Calvin Klein,Diseñador,CK Everyone,EDP/EDT/Parfum (verificar),,,CALVIN-K-CK-EVERYONE-1392,,Catálogo de la casa / referencia de catálogo,,,,,,Referencia — revisar antes de publicar,
PERF-01394,Calvin Klein,Diseñador,CK One Shock,EDP/EDT/Parfum (verificar),,,CALVIN-K-CK-ONE-SHOCK-1393,,Catálogo de la casa / referencia de catálogo,,,,,,Referencia — revisar antes de publicar,
PERF-01395,Calvin Klein,Diseñador,CK One Shock for Him,EDP/EDT/Parfum (verificar),,,CALVIN-K-CK-ONE-SHOCK-FOR-HIM-1394,,Catálogo de la casa / referencia de catálogo,,,,,,Referencia — revisar antes de publicar,
PERF-01396,Calvin Klein,Diseñador,CK One Summer,EDP/EDT/Parfum (verificar),,,CALVIN-K-CK-ONE-SUMMER-1395,,Catálogo de la casa / referencia de catálogo,,,,,,Referencia — revisar antes de publicar,
PERF-01397,Calvin Klein,Diseñador,CK One Essence,EDP/EDT/Parfum (verificar),,,CALVIN-K-CK-ONE-ESSENCE-1396,,Catálogo de la casa / referencia de catálogo,,,,,,Referencia — revisar antes de publicar,
PERF-01398,Calvin Klein,Diseñador,Euphoria Men,EDP/EDT/Parfum (verificar),,,CALVIN-K-EUPHORIA-MEN-1397,,Catálogo de la casa / referencia de catálogo,,,,,,Referencia — revisar antes de publicar,
PERF-01399,Calvin Klein,Diseñador,Euphoria Men Intense,EDP/EDT/Parfum (verificar),,,CALVIN-K-EUPHORIA-MEN-INTENSE-1398,,Catálogo de la casa / referencia de catálogo,,,,,,Referencia — revisar antes de publicar,
PERF-01400,Calvin Klein,Diseñador,Euphoria,EDP/EDT/Parfum (verificar),,,CALVIN-K-EUPHORIA-1399,,Catálogo de la casa / referencia de catálogo,,,,,,Referencia — revisar antes de publicar,
PERF-01401,Calvin Klein,Diseñador,Euphoria Intense,EDP/EDT/Parfum (verificar),,,CALVIN-K-EUPHORIA-INTENSE-1400,,Catálogo de la casa / referencia de catálogo,,,,,,Referencia — revisar antes de publicar,
PERF-01402,Calvin Klein,Diseñador,Obsession for Men,EDP/EDT/Parfum (verificar),,,CALVIN-K-OBSESSION-FOR-MEN-1401,,Catálogo de la casa / referencia de catálogo,,,,,,Referencia — revisar antes de publicar,
PERF-01403,Calvin Klein,Diseñador,Obsession,EDP/EDT/Parfum (verificar),,,CALVIN-K-OBSESSION-1402,,Catálogo de la casa / referencia de catálogo,,,,,,Referencia — revisar antes de publicar,
PERF-01404,Calvin Klein,Diseñador,Obsession Night,EDP/EDT/Parfum (verificar),,,CALVIN-K-OBSESSION-NIGHT-1403,,Catálogo de la casa / referencia de catálogo,,,,,,Referencia — revisar antes de publicar,
PERF-01405,Calvin Klein,Diseñador,Eternity for Men,EDP/EDT/Parfum (verificar),,,CALVIN-K-ETERNITY-FOR-MEN-1404,,Catálogo de la casa / referencia de catálogo,,,,,,Referencia — revisar antes de publicar,
PERF-01406,Calvin Klein,Diseñador,Eternity for Men Eau de Parfum,EDP/EDT/Parfum (verificar),,,CALVIN-K-ETERNITY-FOR-MEN-EAU-DE--1405,,Catálogo de la casa / referencia de catálogo,,,,,,Referencia — revisar antes de publicar,
PERF-01407,Calvin Klein,Diseñador,Eternity,EDP/EDT/Parfum (verificar),,,CALVIN-K-ETERNITY-1406,,Catálogo de la casa / referencia de catálogo,,,,,,Referencia — revisar antes de publicar,
PERF-01408,Calvin Klein,Diseñador,Eternity Intense,EDP/EDT/Parfum (verificar),,,CALVIN-K-ETERNITY-INTENSE-1407,,Catálogo de la casa / referencia de catálogo,,,,,,Referencia — revisar antes de publicar,
PERF-01409,Calvin Klein,Diseñador,Defy,EDP/EDT/Parfum (verificar),,,CALVIN-K-DEFY-1408,,Catálogo de la casa / referencia de catálogo,,,,,,Referencia — revisar antes de publicar,
PERF-01410,Calvin Klein,Diseñador,Defy Parfum,EDP/EDT/Parfum (verificar),,,CALVIN-K-DEFY-PARFUM-1409,,Catálogo de la casa / referencia de catálogo,,,,,,Referencia — revisar antes de publicar,
PERF-01411,Calvin Klein,Diseñador,Defy Black,EDP/EDT/Parfum (verificar),,,CALVIN-K-DEFY-BLACK-1410,,Catálogo de la casa / referencia de catálogo,,,,,,Referencia — revisar antes de publicar,
PERF-01412,Calvin Klein,Diseñador,Escape,EDP/EDT/Parfum (verificar),,,CALVIN-K-ESCAPE-1411,,Catálogo de la casa / referencia de catálogo,,,,,,Referencia — revisar antes de publicar,
PERF-01413,Calvin Klein,Diseñador,Truth,EDP/EDT/Parfum (verificar),,,CALVIN-K-TRUTH-1412,,Catálogo de la casa / referencia de catálogo,,,,,,Referencia — revisar antes de publicar,
PERF-01414,Calvin Klein,Diseñador,Reveal,EDP/EDT/Parfum (verificar),,,CALVIN-K-REVEAL-1413,,Catálogo de la casa / referencia de catálogo,,,,,,Referencia — revisar antes de publicar,
PERF-01415,Calvin Klein,Diseñador,Contradiction,EDP/EDT/Parfum (verificar),,,CALVIN-K-CONTRADICTION-1414,,Catálogo de la casa / referencia de catálogo,,,,,,Referencia — revisar antes de publicar,
PERF-01416,Calvin Klein,Diseñador,Crave,EDP/EDT/Parfum (verificar),,,CALVIN-K-CRAVE-1415,,Catálogo de la casa / referencia de catálogo,,,,,,Referencia — revisar antes de publicar,
PERF-01417,Calvin Klein,Diseñador,Dark Obsession,EDP/EDT/Parfum (verificar),,,CALVIN-K-DARK-OBSESSION-1416,,Catálogo de la casa / referencia de catálogo,,,,,,Referencia — revisar antes de publicar,
PERF-01418,Calvin Klein,Diseñador,Encounter,EDP/EDT/Parfum (verificar),,,CALVIN-K-ENCOUNTER-1417,,Catálogo de la casa / referencia de catálogo,,,,,,Referencia — revisar antes de publicar,
PERF-01419,Calvin Klein,Diseñador,Deep Euphoria,EDP/EDT/Parfum (verificar),,,CALVIN-K-DEEP-EUPHORIA-1418,,Catálogo de la casa / referencia de catálogo,,,,,,Referencia — revisar antes de publicar,
PERF-01420,Calvin Klein,Diseñador,Beauty,EDP/EDT/Parfum (verificar),,,CALVIN-K-BEAUTY-1419,,Catálogo de la casa / referencia de catálogo,,,,,,Referencia — revisar antes de publicar,
PERF-01421,Tom Ford,Diseñador,Oud Wood,EDP/EDT/Parfum (verificar),,,TOM-FORD-OUD-WOOD-1420,,Catálogo de la casa / referencia de catálogo,,,,,,Referencia — revisar antes de publicar,
PERF-01422,Tom Ford,Diseñador,Oud Wood Intense,EDP/EDT/Parfum (verificar),,,TOM-FORD-OUD-WOOD-INTENSE-1421,,Catálogo de la casa / referencia de catálogo,,,,,,Referencia — revisar antes de publicar,
PERF-01423,Tom Ford,Diseñador,Tobacco Vanille,EDP/EDT/Parfum (verificar),,,TOM-FORD-TOBACCO-VANILLE-1422,,Catálogo de la casa / referencia de catálogo,,,,,,Referencia — revisar antes de publicar,
PERF-01424,Tom Ford,Diseñador,Tobacco Vanille Eau de Parfum,EDP/EDT/Parfum (verificar),,,TOM-FORD-TOBACCO-VANILLE-EAU-DE-P-1423,,Catálogo de la casa / referencia de catálogo,,,,,,Referencia — revisar antes de publicar,
PERF-01425,Tom Ford,Diseñador,Ombré Leather,EDP/EDT/Parfum (verificar),,,TOM-FORD-OMBR-LEATHER-1424,,Catálogo de la casa / referencia de catálogo,,,,,,Referencia — revisar antes de publicar,
PERF-01426,Tom Ford,Diseñador,Ombré Leather Parfum,EDP/EDT/Parfum (verificar),,,TOM-FORD-OMBR-LEATHER-PARFUM-1425,,Catálogo de la casa / referencia de catálogo,,,,,,Referencia — revisar antes de publicar,
PERF-01427,Tom Ford,Diseñador,Ombré Leather 16,EDP/EDT/Parfum (verificar),,,TOM-FORD-OMBR-LEATHER-16-1426,,Catálogo de la casa / referencia de catálogo,,,,,,Referencia — revisar antes de publicar,
PERF-01428,Tom Ford,Diseñador,Noir Extreme,EDP/EDT/Parfum (verificar),,,TOM-FORD-NOIR-EXTREME-1427,,Catálogo de la casa / referencia de catálogo,,,,,,Referencia — revisar antes de publicar,
PERF-01429,Tom Ford,Diseñador,Noir Extreme Parfum,EDP/EDT/Parfum (verificar),,,TOM-FORD-NOIR-EXTREME-PARFUM-1428,,Catálogo de la casa / referencia de catálogo,,,,,,Referencia — revisar antes de publicar,
PERF-01430,Tom Ford,Diseñador,Noir Pour Femme,EDP/EDT/Parfum (verificar),,,TOM-FORD-NOIR-POUR-FEMME-1429,,Catálogo de la casa / referencia de catálogo,,,,,,Referencia — revisar antes de publicar,
PERF-01431,Tom Ford,Diseñador,Noir Pour Homme,EDP/EDT/Parfum (verificar),,,TOM-FORD-NOIR-POUR-HOMME-1430,,Catálogo de la casa / referencia de catálogo,,,,,,Referencia — revisar antes de publicar,
PERF-01432,Tom Ford,Diseñador,Costa Azzurra,EDP/EDT/Parfum (verificar),,,TOM-FORD-COSTA-AZZURRA-1431,,Catálogo de la casa / referencia de catálogo,,,,,,Referencia — revisar antes de publicar,
PERF-01433,Tom Ford,Diseñador,Costa Azzurra Parfum,EDP/EDT/Parfum (verificar),,,TOM-FORD-COSTA-AZZURRA-PARFUM-1432,,Catálogo de la casa / referencia de catálogo,,,,,,Referencia — revisar antes de publicar,
PERF-01434,Tom Ford,Diseñador,Grey Vetiver,EDP/EDT/Parfum (verificar),,,TOM-FORD-GREY-VETIVER-1433,,Catálogo de la casa / referencia de catálogo,,,,,,Referencia — revisar antes de publicar,
PERF-01435,Tom Ford,Diseñador,Grey Vetiver Parfum,EDP/EDT/Parfum (verificar),,,TOM-FORD-GREY-VETIVER-PARFUM-1434,,Catálogo de la casa / referencia de catálogo,,,,,,Referencia — revisar antes de publicar,
PERF-01436,Tom Ford,Diseñador,Neroli Portofino,EDP/EDT/Parfum (verificar),,,TOM-FORD-NEROLI-PORTOFINO-1435,,Catálogo de la casa / referencia de catálogo,,,,,,Referencia — revisar antes de publicar,
PERF-01437,Tom Ford,Diseñador,Neroli Portofino Acqua,EDP/EDT/Parfum (verificar),,,TOM-FORD-NEROLI-PORTOFINO-ACQUA-1436,,Catálogo de la casa / referencia de catálogo,,,,,,Referencia — revisar antes de publicar,
PERF-01438,Tom Ford,Diseñador,Lost Cherry,EDP/EDT/Parfum (verificar),,,TOM-FORD-LOST-CHERRY-1437,,Catálogo de la casa / referencia de catálogo,,,,,,Referencia — revisar antes de publicar,
PERF-01439,Tom Ford,Diseñador,Lost Cherry Eau de Parfum,EDP/EDT/Parfum (verificar),,,TOM-FORD-LOST-CHERRY-EAU-DE-PARFU-1438,,Catálogo de la casa / referencia de catálogo,,,,,,Referencia — revisar antes de publicar,
PERF-01440,Tom Ford,Diseñador,Bitter Peach,EDP/EDT/Parfum (verificar),,,TOM-FORD-BITTER-PEACH-1439,,Catálogo de la casa / referencia de catálogo,,,,,,Referencia — revisar antes de publicar,
PERF-01441,Tom Ford,Diseñador,Black Orchid,EDP/EDT/Parfum (verificar),,,TOM-FORD-BLACK-ORCHID-1440,,Catálogo de la casa / referencia de catálogo,,,,,,Referencia — revisar antes de publicar,
PERF-01442,Tom Ford,Diseñador,Black Orchid Parfum,EDP/EDT/Parfum (verificar),,,TOM-FORD-BLACK-ORCHID-PARFUM-1441,,Catálogo de la casa / referencia de catálogo,,,,,,Referencia — revisar antes de publicar,
PERF-01443,Tom Ford,Diseñador,Ébène Fumé,EDP/EDT/Parfum (verificar),,,TOM-FORD-B-NE-FUM-1442,,Catálogo de la casa / referencia de catálogo,,,,,,Referencia — revisar antes de publicar,
PERF-01444,Tom Ford,Diseñador,Soleil Blanc,EDP/EDT/Parfum (verificar),,,TOM-FORD-SOLEIL-BLANC-1443,,Catálogo de la casa / referencia de catálogo,,,,,,Referencia — revisar antes de publicar,
PERF-01445,Tom Ford,Diseñador,Soleil Brûlant,EDP/EDT/Parfum (verificar),,,TOM-FORD-SOLEIL-BR-LANT-1444,,Catálogo de la casa / referencia de catálogo,,,,,,Referencia — revisar antes de publicar,
PERF-01446,Tom Ford,Diseñador,Soleil Neige,EDP/EDT/Parfum (verificar),,,TOM-FORD-SOLEIL-NEIGE-1445,,Catálogo de la casa / referencia de catálogo,,,,,,Referencia — revisar antes de publicar,
PERF-01447,Tom Ford,Diseñador,Fucking Fabulous,EDP/EDT/Parfum (verificar),,,TOM-FORD-FUCKING-FABULOUS-1446,,Catálogo de la casa / referencia de catálogo,,,,,,Referencia — revisar antes de publicar,
PERF-01448,Tom Ford,Diseñador,Fucking Fabulous Eau de Parfum,EDP/EDT/Parfum (verificar),,,TOM-FORD-FUCKING-FABULOUS-EAU-DE--1447,,Catálogo de la casa / referencia de catálogo,,,,,,Referencia — revisar antes de publicar,
PERF-01449,Tom Ford,Diseñador,Beau de Jour,EDP/EDT/Parfum (verificar),,,TOM-FORD-BEAU-DE-JOUR-1448,,Catálogo de la casa / referencia de catálogo,,,,,,Referencia — revisar antes de publicar,
PERF-01450,Tom Ford,Diseñador,Beau de Jour Eau de Parfum,EDP/EDT/Parfum (verificar),,,TOM-FORD-BEAU-DE-JOUR-EAU-DE-PARF-1449,,Catálogo de la casa / referencia de catálogo,,,,,,Referencia — revisar antes de publicar,
PERF-01451,Tom Ford,Diseñador,Mandarino di Amalfi,EDP/EDT/Parfum (verificar),,,TOM-FORD-MANDARINO-DI-AMALFI-1450,,Catálogo de la casa / referencia de catálogo,,,,,,Referencia — revisar antes de publicar,
PERF-01452,Tom Ford,Diseñador,Tuscan Leather,EDP/EDT/Parfum (verificar),,,TOM-FORD-TUSCAN-LEATHER-1451,,Catálogo de la casa / referencia de catálogo,,,,,,Referencia — revisar antes de publicar,
PERF-01453,Tom Ford,Diseñador,Tuscan Leather Intense,EDP/EDT/Parfum (verificar),,,TOM-FORD-TUSCAN-LEATHER-INTENSE-1452,,Catálogo de la casa / referencia de catálogo,,,,,,Referencia — revisar antes de publicar,
PERF-01454,Tom Ford,Diseñador,Cherry Smoke,EDP/EDT/Parfum (verificar),,,TOM-FORD-CHERRY-SMOKE-1453,,Catálogo de la casa / referencia de catálogo,,,,,,Referencia — revisar antes de publicar,
PERF-01455,Tom Ford,Diseñador,Electric Cherry,EDP/EDT/Parfum (verificar),,,TOM-FORD-ELECTRIC-CHERRY-1454,,Catálogo de la casa / referencia de catálogo,,,,,,Referencia — revisar antes de publicar,
PERF-01456,Tom Ford,Diseñador,Vanille Fatale,EDP/EDT/Parfum (verificar),,,TOM-FORD-VANILLE-FATALE-1455,,Catálogo de la casa / referencia de catálogo,,,,,,Referencia — revisar antes de publicar,
PERF-01457,Tom Ford,Diseñador,Rose Prick,EDP/EDT/Parfum (verificar),,,TOM-FORD-ROSE-PRICK-1456,,Catálogo de la casa / referencia de catálogo,,,,,,Referencia — revisar antes de publicar,
PERF-01458,Tom Ford,Diseñador,Rose Prick Eau de Parfum,EDP/EDT/Parfum (verificar),,,TOM-FORD-ROSE-PRICK-EAU-DE-PARFUM-1457,,Catálogo de la casa / referencia de catálogo,,,,,,Referencia — revisar antes de publicar,
PERF-01459,Tom Ford,Diseñador,White Suede,EDP/EDT/Parfum (verificar),,,TOM-FORD-WHITE-SUEDE-1458,,Catálogo de la casa / referencia de catálogo,,,,,,Referencia — revisar antes de publicar,
PERF-01460,Tom Ford,Diseñador,Jasmin Rouge,EDP/EDT/Parfum (verificar),,,TOM-FORD-JASMIN-ROUGE-1459,,Catálogo de la casa / referencia de catálogo,,,,,,Referencia — revisar antes de publicar,
PERF-01461,Tom Ford,Diseñador,Lavender Extreme,EDP/EDT/Parfum (verificar),,,TOM-FORD-LAVENDER-EXTREME-1460,,Catálogo de la casa / referencia de catálogo,,,,,,Referencia — revisar antes de publicar,
PERF-01462,Tom Ford,Diseñador,Shanghai Lily,EDP/EDT/Parfum (verificar),,,TOM-FORD-SHANGHAI-LILY-1461,,Catálogo de la casa / referencia de catálogo,,,,,,Referencia — revisar antes de publicar,
PERF-01463,Tom Ford,Diseñador,Azure Lime,EDP/EDT/Parfum (verificar),,,TOM-FORD-AZURE-LIME-1462,,Catálogo de la casa / referencia de catálogo,,,,,,Referencia — revisar antes de publicar,
PERF-01464,Tom Ford,Diseñador,Oud Minerale,EDP/EDT/Parfum (verificar),,,TOM-FORD-OUD-MINERALE-1463,,Catálogo de la casa / referencia de catálogo,,,,,,Referencia — revisar antes de publicar,
PERF-01465,Tom Ford,Diseñador,Venetian Bergamot,EDP/EDT/Parfum (verificar),,,TOM-FORD-VENETIAN-BERGAMOT-1464,,Catálogo de la casa / referencia de catálogo,,,,,,Referencia — revisar antes de publicar,
PERF-01466,Creed,Nicho,Aventus,EDP/EDT/Parfum (verificar),,,CREED-AVENTUS-1465,,Catálogo de la casa / referencia de catálogo,,,,,,Referencia — revisar antes de publicar,
PERF-01467,Creed,Nicho,Aventus for Her,EDP/EDT/Parfum (verificar),,,CREED-AVENTUS-FOR-HER-1466,,Catálogo de la casa / referencia de catálogo,,,,,,Referencia — revisar antes de publicar,
PERF-01468,Creed,Nicho,Aventus Cologne,EDP/EDT/Parfum (verificar),,,CREED-AVENTUS-COLOGNE-1467,,Catálogo de la casa / referencia de catálogo,,,,,,Referencia — revisar antes de publicar,
PERF-01469,Creed,Nicho,Green Irish Tweed,EDP/EDT/Parfum (verificar),,,CREED-GREEN-IRISH-TWEED-1468,,Catálogo de la casa / referencia de catálogo,,,,,,Referencia — revisar antes de publicar,
PERF-01470,Creed,Nicho,Silver Mountain Water,EDP/EDT/Parfum (verificar),,,CREED-SILVER-MOUNTAIN-WATER-1469,,Catálogo de la casa / referencia de catálogo,,,,,,Referencia — revisar antes de publicar,
PERF-01471,Creed,Nicho,Virgin Island Water,EDP/EDT/Parfum (verificar),,,CREED-VIRGIN-ISLAND-WATER-1470,,Catálogo de la casa / referencia de catálogo,,,,,,Referencia — revisar antes de publicar,
PERF-01472,Creed,Nicho,Millésime Impérial,EDP/EDT/Parfum (verificar),,,CREED-MILL-SIME-IMP-RIAL-1471,,Catálogo de la casa / referencia de catálogo,,,,,,Referencia — revisar antes de publicar,
PERF-01473,Creed,Nicho,Royal Oud,EDP/EDT/Parfum (verificar),,,CREED-ROYAL-OUD-1472,,Catálogo de la casa / referencia de catálogo,,,,,,Referencia — revisar antes de publicar,
PERF-01474,Creed,Nicho,Original Santal,EDP/EDT/Parfum (verificar),,,CREED-ORIGINAL-SANTAL-1473,,Catálogo de la casa / referencia de catálogo,,,,,,Referencia — revisar antes de publicar,
PERF-01475,Creed,Nicho,Original Vetiver,EDP/EDT/Parfum (verificar),,,CREED-ORIGINAL-VETIVER-1474,,Catálogo de la casa / referencia de catálogo,,,,,,Referencia — revisar antes de publicar,
PERF-01476,Creed,Nicho,Himalaya,EDP/EDT/Parfum (verificar),,,CREED-HIMALAYA-1475,,Catálogo de la casa / referencia de catálogo,,,,,,Referencia — revisar antes de publicar,
PERF-01477,Creed,Nicho,Viking,EDP/EDT/Parfum (verificar),,,CREED-VIKING-1476,,Catálogo de la casa / referencia de catálogo,,,,,,Referencia — revisar antes de publicar,
PERF-01478,Creed,Nicho,Viking Cologne,EDP/EDT/Parfum (verificar),,,CREED-VIKING-COLOGNE-1477,,Catálogo de la casa / referencia de catálogo,,,,,,Referencia — revisar antes de publicar,
PERF-01479,Creed,Nicho,Carmina,EDP/EDT/Parfum (verificar),,,CREED-CARMINA-1478,,Catálogo de la casa / referencia de catálogo,,,,,,Referencia — revisar antes de publicar,
PERF-01480,Creed,Nicho,Delphinus,EDP/EDT/Parfum (verificar),,,CREED-DELPHINUS-1479,,Catálogo de la casa / referencia de catálogo,,,,,,Referencia — revisar antes de publicar,
PERF-01481,Creed,Nicho,Centaurus,EDP/EDT/Parfum (verificar),,,CREED-CENTAURUS-1480,,Catálogo de la casa / referencia de catálogo,,,,,,Referencia — revisar antes de publicar,
PERF-01482,Creed,Nicho,Queen of Silk,EDP/EDT/Parfum (verificar),,,CREED-QUEEN-OF-SILK-1481,,Catálogo de la casa / referencia de catálogo,,,,,,Referencia — revisar antes de publicar,
PERF-01483,Creed,Nicho,Spring Flower,EDP/EDT/Parfum (verificar),,,CREED-SPRING-FLOWER-1482,,Catálogo de la casa / referencia de catálogo,,,,,,Referencia — revisar antes de publicar,
PERF-01484,Creed,Nicho,Love in White,EDP/EDT/Parfum (verificar),,,CREED-LOVE-IN-WHITE-1483,,Catálogo de la casa / referencia de catálogo,,,,,,Referencia — revisar antes de publicar,
PERF-01485,Creed,Nicho,Love in Black,EDP/EDT/Parfum (verificar),,,CREED-LOVE-IN-BLACK-1484,,Catálogo de la casa / referencia de catálogo,,,,,,Referencia — revisar antes de publicar,
PERF-01486,Creed,Nicho,Love in White for Summer,EDP/EDT/Parfum (verificar),,,CREED-LOVE-IN-WHITE-FOR-SUMMER-1485,,Catálogo de la casa / referencia de catálogo,,,,,,Referencia — revisar antes de publicar,
PERF-01487,Creed,Nicho,Wind Flowers,EDP/EDT/Parfum (verificar),,,CREED-WIND-FLOWERS-1486,,Catálogo de la casa / referencia de catálogo,,,,,,Referencia — revisar antes de publicar,
PERF-01488,Creed,Nicho,Royal Princess Oud,EDP/EDT/Parfum (verificar),,,CREED-ROYAL-PRINCESS-OUD-1487,,Catálogo de la casa / referencia de catálogo,,,,,,Referencia — revisar antes de publicar,
PERF-01489,Creed,Nicho,Acqua Originale Cedre Blanc,EDP/EDT/Parfum (verificar),,,CREED-ACQUA-ORIGINALE-CEDRE-BL-1488,,Catálogo de la casa / referencia de catálogo,,,,,,Referencia — revisar antes de publicar,
PERF-01490,Creed,Nicho,Acqua Originale Green Valley,EDP/EDT/Parfum (verificar),,,CREED-ACQUA-ORIGINALE-GREEN-VA-1489,,Catálogo de la casa / referencia de catálogo,,,,,,Referencia — revisar antes de publicar,
PERF-01491,Creed,Nicho,Acqua Originale Vetiver Geranium,EDP/EDT/Parfum (verificar),,,CREED-ACQUA-ORIGINALE-VETIVER--1490,,Catálogo de la casa / referencia de catálogo,,,,,,Referencia — revisar antes de publicar,
PERF-01492,Creed,Nicho,Bois du Portugal,EDP/EDT/Parfum (verificar),,,CREED-BOIS-DU-PORTUGAL-1491,,Catálogo de la casa / referencia de catálogo,,,,,,Referencia — revisar antes de publicar,
PERF-01493,Creed,Nicho,Erolfa,EDP/EDT/Parfum (verificar),,,CREED-EROLFA-1492,,Catálogo de la casa / referencia de catálogo,,,,,,Referencia — revisar antes de publicar,
PERF-01494,Creed,Nicho,Royal Water,EDP/EDT/Parfum (verificar),,,CREED-ROYAL-WATER-1493,,Catálogo de la casa / referencia de catálogo,,,,,,Referencia — revisar antes de publicar,
PERF-01495,Creed,Nicho,Tabarome,EDP/EDT/Parfum (verificar),,,CREED-TABAROME-1494,,Catálogo de la casa / referencia de catálogo,,,,,,Referencia — revisar antes de publicar,
PERF-01496,Creed,Nicho,Millesime Imperial,EDP/EDT/Parfum (verificar),,,CREED-MILLESIME-IMPERIAL-1495,,Catálogo de la casa / referencia de catálogo,,,,,,Referencia — revisar antes de publicar,
PERF-01497,Creed,Nicho,Pure White Cologne,EDP/EDT/Parfum (verificar),,,CREED-PURE-WHITE-COLOGNE-1496,,Catálogo de la casa / referencia de catálogo,,,,,,Referencia — revisar antes de publicar,
PERF-01498,Creed,Nicho,Neroli Sauvage,EDP/EDT/Parfum (verificar),,,CREED-NEROLI-SAUVAGE-1497,,Catálogo de la casa / referencia de catálogo,,,,,,Referencia — revisar antes de publicar,
PERF-01499,Creed,Nicho,Iris Tubereuse,EDP/EDT/Parfum (verificar),,,CREED-IRIS-TUBEREUSE-1498,,Catálogo de la casa / referencia de catálogo,,,,,,Referencia — revisar antes de publicar,
PERF-01500,Creed,Nicho,White Amber,EDP/EDT/Parfum (verificar),,,CREED-WHITE-AMBER-1499,,Catálogo de la casa / referencia de catálogo,,,,,,Referencia — revisar antes de publicar,
PERF-01501,Parfums de Marly,Nicho,Layton,EDP/EDT/Parfum (verificar),,,PARFUMS--LAYTON-1500,,Catálogo de la casa / referencia de catálogo,,,,,,Referencia — revisar antes de publicar,
PERF-01502,Parfums de Marly,Nicho,Layton Exclusif,EDP/EDT/Parfum (verificar),,,PARFUMS--LAYTON-EXCLUSIF-1501,,Catálogo de la casa / referencia de catálogo,,,,,,Referencia — revisar antes de publicar,
PERF-01503,Parfums de Marly,Nicho,Althaïr,EDP/EDT/Parfum (verificar),,,PARFUMS--ALTHA-R-1502,,Catálogo de la casa / referencia de catálogo,,,,,,Referencia — revisar antes de publicar,
PERF-01504,Parfums de Marly,Nicho,Herod,EDP/EDT/Parfum (verificar),,,PARFUMS--HEROD-1503,,Catálogo de la casa / referencia de catálogo,,,,,,Referencia — revisar antes de publicar,
PERF-01505,Parfums de Marly,Nicho,Pegasus,EDP/EDT/Parfum (verificar),,,PARFUMS--PEGASUS-1504,,Catálogo de la casa / referencia de catálogo,,,,,,Referencia — revisar antes de publicar,
PERF-01506,Parfums de Marly,Nicho,Pegasus Exclusif,EDP/EDT/Parfum (verificar),,,PARFUMS--PEGASUS-EXCLUSIF-1505,,Catálogo de la casa / referencia de catálogo,,,,,,Referencia — revisar antes de publicar,
PERF-01507,Parfums de Marly,Nicho,Sedley,EDP/EDT/Parfum (verificar),,,PARFUMS--SEDLEY-1506,,Catálogo de la casa / referencia de catálogo,,,,,,Referencia — revisar antes de publicar,
PERF-01508,Parfums de Marly,Nicho,Percival,EDP/EDT/Parfum (verificar),,,PARFUMS--PERCIVAL-1507,,Catálogo de la casa / referencia de catálogo,,,,,,Referencia — revisar antes de publicar,
PERF-01509,Parfums de Marly,Nicho,Greenley,EDP/EDT/Parfum (verificar),,,PARFUMS--GREENLEY-1508,,Catálogo de la casa / referencia de catálogo,,,,,,Referencia — revisar antes de publicar,
PERF-01510,Parfums de Marly,Nicho,Galloway,EDP/EDT/Parfum (verificar),,,PARFUMS--GALLOWAY-1509,,Catálogo de la casa / referencia de catálogo,,,,,,Referencia — revisar antes de publicar,
PERF-01511,Parfums de Marly,Nicho,Carlisle,EDP/EDT/Parfum (verificar),,,PARFUMS--CARLISLE-1510,,Catálogo de la casa / referencia de catálogo,,,,,,Referencia — revisar antes de publicar,
PERF-01512,Parfums de Marly,Nicho,Oajan,EDP/EDT/Parfum (verificar),,,PARFUMS--OAJAN-1511,,Catálogo de la casa / referencia de catálogo,,,,,,Referencia — revisar antes de publicar,
PERF-01513,Parfums de Marly,Nicho,Delina,EDP/EDT/Parfum (verificar),,,PARFUMS--DELINA-1512,,Catálogo de la casa / referencia de catálogo,,,,,,Referencia — revisar antes de publicar,
PERF-01514,Parfums de Marly,Nicho,Delina Exclusif,EDP/EDT/Parfum (verificar),,,PARFUMS--DELINA-EXCLUSIF-1513,,Catálogo de la casa / referencia de catálogo,,,,,,Referencia — revisar antes de publicar,
PERF-01515,Parfums de Marly,Nicho,Delina La Rosée,EDP/EDT/Parfum (verificar),,,PARFUMS--DELINA-LA-ROS-E-1514,,Catálogo de la casa / referencia de catálogo,,,,,,Referencia — revisar antes de publicar,
PERF-01516,Parfums de Marly,Nicho,Meliora,EDP/EDT/Parfum (verificar),,,PARFUMS--MELIORA-1515,,Catálogo de la casa / referencia de catálogo,,,,,,Referencia — revisar antes de publicar,
PERF-01517,Parfums de Marly,Nicho,Orianna,EDP/EDT/Parfum (verificar),,,PARFUMS--ORIANNA-1516,,Catálogo de la casa / referencia de catálogo,,,,,,Referencia — revisar antes de publicar,
PERF-01518,Parfums de Marly,Nicho,Valaya,EDP/EDT/Parfum (verificar),,,PARFUMS--VALAYA-1517,,Catálogo de la casa / referencia de catálogo,,,,,,Referencia — revisar antes de publicar,
PERF-01519,Parfums de Marly,Nicho,Kalan,EDP/EDT/Parfum (verificar),,,PARFUMS--KALAN-1518,,Catálogo de la casa / referencia de catálogo,,,,,,Referencia — revisar antes de publicar,
PERF-01520,Parfums de Marly,Nicho,Godolphin,EDP/EDT/Parfum (verificar),,,PARFUMS--GODOLPHIN-1519,,Catálogo de la casa / referencia de catálogo,,,,,,Referencia — revisar antes de publicar,
PERF-01521,Parfums de Marly,Nicho,Haltane,EDP/EDT/Parfum (verificar),,,PARFUMS--HALTANE-1520,,Catálogo de la casa / referencia de catálogo,,,,,,Referencia — revisar antes de publicar,
PERF-01522,Parfums de Marly,Nicho,Habdan,EDP/EDT/Parfum (verificar),,,PARFUMS--HABDAN-1521,,Catálogo de la casa / referencia de catálogo,,,,,,Referencia — revisar antes de publicar,
PERF-01523,Parfums de Marly,Nicho,Nisean,EDP/EDT/Parfum (verificar),,,PARFUMS--NISEAN-1522,,Catálogo de la casa / referencia de catálogo,,,,,,Referencia — revisar antes de publicar,
PERF-01524,Parfums de Marly,Nicho,Darcy,EDP/EDT/Parfum (verificar),,,PARFUMS--DARCY-1523,,Catálogo de la casa / referencia de catálogo,,,,,,Referencia — revisar antes de publicar,
PERF-01525,Parfums de Marly,Nicho,Safanad,EDP/EDT/Parfum (verificar),,,PARFUMS--SAFANAD-1524,,Catálogo de la casa / referencia de catálogo,,,,,,Referencia — revisar antes de publicar,
PERF-01526,Parfums de Marly,Nicho,Athalia,EDP/EDT/Parfum (verificar),,,PARFUMS--ATHALIA-1525,,Catálogo de la casa / referencia de catálogo,,,,,,Referencia — revisar antes de publicar,
PERF-01527,Parfums de Marly,Nicho,Cassili,EDP/EDT/Parfum (verificar),,,PARFUMS--CASSILI-1526,,Catálogo de la casa / referencia de catálogo,,,,,,Referencia — revisar antes de publicar,
PERF-01528,Parfums de Marly,Nicho,Palatine,EDP/EDT/Parfum (verificar),,,PARFUMS--PALATINE-1527,,Catálogo de la casa / referencia de catálogo,,,,,,Referencia — revisar antes de publicar,
PERF-01529,Parfums de Marly,Nicho,Darcy for Women,EDP/EDT/Parfum (verificar),,,PARFUMS--DARCY-FOR-WOMEN-1528,,Catálogo de la casa / referencia de catálogo,,,,,,Referencia — revisar antes de publicar,
PERF-01530,Parfums de Marly,Nicho,Sedley Royal Essence,EDP/EDT/Parfum (verificar),,,PARFUMS--SEDLEY-ROYAL-ESSENCE-1529,,Catálogo de la casa / referencia de catálogo,,,,,,Referencia — revisar antes de publicar,
PERF-01531,Parfums de Marly,Nicho,Layton Royal Essence,EDP/EDT/Parfum (verificar),,,PARFUMS--LAYTON-ROYAL-ESSENCE-1530,,Catálogo de la casa / referencia de catálogo,,,,,,Referencia — revisar antes de publicar,
PERF-01532,Parfums de Marly,Nicho,Herod Royal Essence,EDP/EDT/Parfum (verificar),,,PARFUMS--HEROD-ROYAL-ESSENCE-1531,,Catálogo de la casa / referencia de catálogo,,,,,,Referencia — revisar antes de publicar,
PERF-01533,Parfums de Marly,Nicho,Pegasus Royal Essence,EDP/EDT/Parfum (verificar),,,PARFUMS--PEGASUS-ROYAL-ESSENCE-1532,,Catálogo de la casa / referencia de catálogo,,,,,,Referencia — revisar antes de publicar,
PERF-01534,Xerjoff,Nicho,Naxos,EDP/EDT/Parfum (verificar),,,XERJOFF-NAXOS-1533,,Catálogo de la casa / referencia de catálogo,,,,,,Referencia — revisar antes de publicar,
PERF-01535,Xerjoff,Nicho,Erba Pura,EDP/EDT/Parfum (verificar),,,XERJOFF-ERBA-PURA-1534,,Catálogo de la casa / referencia de catálogo,,,,,,Referencia — revisar antes de publicar,
PERF-01536,Xerjoff,Nicho,Erba Gold,EDP/EDT/Parfum (verificar),,,XERJOFF-ERBA-GOLD-1535,,Catálogo de la casa / referencia de catálogo,,,,,,Referencia — revisar antes de publicar,
PERF-01537,Xerjoff,Nicho,Alexandria II,EDP/EDT/Parfum (verificar),,,XERJOFF-ALEXANDRIA-II-1536,,Catálogo de la casa / referencia de catálogo,,,,,,Referencia — revisar antes de publicar,
PERF-01538,Xerjoff,Nicho,40 Knots,EDP/EDT/Parfum (verificar),,,XERJOFF-40-KNOTS-1537,,Catálogo de la casa / referencia de catálogo,,,,,,Referencia — revisar antes de publicar,
PERF-01539,Xerjoff,Nicho,Torino21,EDP/EDT/Parfum (verificar),,,XERJOFF-TORINO21-1538,,Catálogo de la casa / referencia de catálogo,,,,,,Referencia — revisar antes de publicar,
PERF-01540,Xerjoff,Nicho,Torino22,EDP/EDT/Parfum (verificar),,,XERJOFF-TORINO22-1539,,Catálogo de la casa / referencia de catálogo,,,,,,Referencia — revisar antes de publicar,
PERF-01541,Xerjoff,Nicho,More Than Words,EDP/EDT/Parfum (verificar),,,XERJOFF-MORE-THAN-WORDS-1540,,Catálogo de la casa / referencia de catálogo,,,,,,Referencia — revisar antes de publicar,
PERF-01542,Xerjoff,Nicho,Lira,EDP/EDT/Parfum (verificar),,,XERJOFF-LIRA-1541,,Catálogo de la casa / referencia de catálogo,,,,,,Referencia — revisar antes de publicar,
PERF-01543,Xerjoff,Nicho,Italica,EDP/EDT/Parfum (verificar),,,XERJOFF-ITALICA-1542,,Catálogo de la casa / referencia de catálogo,,,,,,Referencia — revisar antes de publicar,
PERF-01544,Xerjoff,Nicho,Mefisto,EDP/EDT/Parfum (verificar),,,XERJOFF-MEFISTO-1543,,Catálogo de la casa / referencia de catálogo,,,,,,Referencia — revisar antes de publicar,
PERF-01545,Xerjoff,Nicho,Mefisto Gentiluomo,EDP/EDT/Parfum (verificar),,,XERJOFF-MEFISTO-GENTILUOMO-1544,,Catálogo de la casa / referencia de catálogo,,,,,,Referencia — revisar antes de publicar,
PERF-01546,Xerjoff,Nicho,Renaissance,EDP/EDT/Parfum (verificar),,,XERJOFF-RENAISSANCE-1545,,Catálogo de la casa / referencia de catálogo,,,,,,Referencia — revisar antes de publicar,
PERF-01547,Xerjoff,Nicho,Nio,EDP/EDT/Parfum (verificar),,,XERJOFF-NIO-1546,,Catálogo de la casa / referencia de catálogo,,,,,,Referencia — revisar antes de publicar,
PERF-01548,Xerjoff,Nicho,Accento,EDP/EDT/Parfum (verificar),,,XERJOFF-ACCENTO-1547,,Catálogo de la casa / referencia de catálogo,,,,,,Referencia — revisar antes de publicar,
PERF-01549,Xerjoff,Nicho,Opera,EDP/EDT/Parfum (verificar),,,XERJOFF-OPERA-1548,,Catálogo de la casa / referencia de catálogo,,,,,,Referencia — revisar antes de publicar,
PERF-01550,Xerjoff,Nicho,Opera Prima,EDP/EDT/Parfum (verificar),,,XERJOFF-OPERA-PRIMA-1549,,Catálogo de la casa / referencia de catálogo,,,,,,Referencia — revisar antes de publicar,
PERF-01551,Xerjoff,Nicho,La Capitale,EDP/EDT/Parfum (verificar),,,XERJOFF-LA-CAPITALE-1550,,Catálogo de la casa / referencia de catálogo,,,,,,Referencia — revisar antes de publicar,
PERF-01552,Xerjoff,Nicho,Dama Bianca,EDP/EDT/Parfum (verificar),,,XERJOFF-DAMA-BIANCA-1551,,Catálogo de la casa / referencia de catálogo,,,,,,Referencia — revisar antes de publicar,
PERF-01553,Xerjoff,Nicho,Duran Duran,EDP/EDT/Parfum (verificar),,,XERJOFF-DURAN-DURAN-1552,,Catálogo de la casa / referencia de catálogo,,,,,,Referencia — revisar antes de publicar,
PERF-01554,Xerjoff,Nicho,Naxos 1861,EDP/EDT/Parfum (verificar),,,XERJOFF-NAXOS-1861-1553,,Catálogo de la casa / referencia de catálogo,,,,,,Referencia — revisar antes de publicar,
PERF-01555,Xerjoff,Nicho,1861 Renaissance,EDP/EDT/Parfum (verificar),,,XERJOFF-1861-RENAISSANCE-1554,,Catálogo de la casa / referencia de catálogo,,,,,,Referencia — revisar antes de publicar,
PERF-01556,Xerjoff,Nicho,1861 Nio,EDP/EDT/Parfum (verificar),,,XERJOFF-1861-NIO-1555,,Catálogo de la casa / referencia de catálogo,,,,,,Referencia — revisar antes de publicar,
PERF-01557,Xerjoff,Nicho,1861 Mefisto,EDP/EDT/Parfum (verificar),,,XERJOFF-1861-MEFISTO-1556,,Catálogo de la casa / referencia de catálogo,,,,,,Referencia — revisar antes de publicar,
PERF-01558,Xerjoff,Nicho,Cruz del Sur I,EDP/EDT/Parfum (verificar),,,XERJOFF-CRUZ-DEL-SUR-I-1557,,Catálogo de la casa / referencia de catálogo,,,,,,Referencia — revisar antes de publicar,
PERF-01559,Xerjoff,Nicho,Cruz del Sur II,EDP/EDT/Parfum (verificar),,,XERJOFF-CRUZ-DEL-SUR-II-1558,,Catálogo de la casa / referencia de catálogo,,,,,,Referencia — revisar antes de publicar,
PERF-01560,Xerjoff,Nicho,Dolce Amalfi,EDP/EDT/Parfum (verificar),,,XERJOFF-DOLCE-AMALFI-1559,,Catálogo de la casa / referencia de catálogo,,,,,,Referencia — revisar antes de publicar,
PERF-01561,Xerjoff,Nicho,Comandante,EDP/EDT/Parfum (verificar),,,XERJOFF-COMANDANTE-1560,,Catálogo de la casa / referencia de catálogo,,,,,,Referencia — revisar antes de publicar,
PERF-01562,Xerjoff,Nicho,Fiero,EDP/EDT/Parfum (verificar),,,XERJOFF-FIERO-1561,,Catálogo de la casa / referencia de catálogo,,,,,,Referencia — revisar antes de publicar,
PERF-01563,Xerjoff,Nicho,Uden,EDP/EDT/Parfum (verificar),,,XERJOFF-UDEN-1562,,Catálogo de la casa / referencia de catálogo,,,,,,Referencia — revisar antes de publicar,
PERF-01564,Xerjoff,Nicho,Mefisto Blue,EDP/EDT/Parfum (verificar),,,XERJOFF-MEFISTO-BLUE-1563,,Catálogo de la casa / referencia de catálogo,,,,,,Referencia — revisar antes de publicar,
PERF-01565,Xerjoff,Nicho,Fars,EDP/EDT/Parfum (verificar),,,XERJOFF-FARS-1564,,Catálogo de la casa / referencia de catálogo,,,,,,Referencia — revisar antes de publicar,
PERF-01566,Xerjoff,Nicho,Ivory Route,EDP/EDT/Parfum (verificar),,,XERJOFF-IVORY-ROUTE-1565,,Catálogo de la casa / referencia de catálogo,,,,,,Referencia — revisar antes de publicar,
PERF-01567,Xerjoff,Nicho,Richwood,EDP/EDT/Parfum (verificar),,,XERJOFF-RICHWOOD-1566,,Catálogo de la casa / referencia de catálogo,,,,,,Referencia — revisar antes de publicar,
PERF-01568,Xerjoff,Nicho,Ouverture,EDP/EDT/Parfum (verificar),,,XERJOFF-OUVERTURE-1567,,Catálogo de la casa / referencia de catálogo,,,,,,Referencia — revisar antes de publicar,
PERF-01569,Xerjoff,Nicho,Tony Iommi Monkey Special,EDP/EDT/Parfum (verificar),,,XERJOFF-TONY-IOMMI-MONKEY-SPECIA-1568,,Catálogo de la casa / referencia de catálogo,,,,,,Referencia — revisar antes de publicar,
PERF-01570,Xerjoff,Nicho,Tony Iommi Deified,EDP/EDT/Parfum (verificar),,,XERJOFF-TONY-IOMMI-DEIFIED-1569,,Catálogo de la casa / referencia de catálogo,,,,,,Referencia — revisar antes de publicar,
PERF-01571,Xerjoff,Nicho,Alexandria Orientale,EDP/EDT/Parfum (verificar),,,XERJOFF-ALEXANDRIA-ORIENTALE-1570,,Catálogo de la casa / referencia de catálogo,,,,,,Referencia — revisar antes de publicar,
PERF-01572,Xerjoff,Nicho,Alexandria II Anniversary,EDP/EDT/Parfum (verificar),,,XERJOFF-ALEXANDRIA-II-ANNIVERSAR-1571,,Catálogo de la casa / referencia de catálogo,,,,,,Referencia — revisar antes de publicar,
PERF-01573,Xerjoff,Nicho,Golden Green,EDP/EDT/Parfum (verificar),,,XERJOFF-GOLDEN-GREEN-1572,,Catálogo de la casa / referencia de catálogo,,,,,,Referencia — revisar antes de publicar,
PERF-01574,Xerjoff,Nicho,More Than Words Anniversary,EDP/EDT/Parfum (verificar),,,XERJOFF-MORE-THAN-WORDS-ANNIVERS-1573,,Catálogo de la casa / referencia de catálogo,,,,,,Referencia — revisar antes de publicar,
PERF-01575,Amouage,Nicho,Interlude Man,EDP/EDT/Parfum (verificar),,,AMOUAGE-INTERLUDE-MAN-1574,,Catálogo de la casa / referencia de catálogo,,,,,,Referencia — revisar antes de publicar,
PERF-01576,Amouage,Nicho,Interlude Black Iris,EDP/EDT/Parfum (verificar),,,AMOUAGE-INTERLUDE-BLACK-IRIS-1575,,Catálogo de la casa / referencia de catálogo,,,,,,Referencia — revisar antes de publicar,
PERF-01577,Amouage,Nicho,Interlude 53 Man,EDP/EDT/Parfum (verificar),,,AMOUAGE-INTERLUDE-53-MAN-1576,,Catálogo de la casa / referencia de catálogo,,,,,,Referencia — revisar antes de publicar,
PERF-01578,Amouage,Nicho,Reflection Man,EDP/EDT/Parfum (verificar),,,AMOUAGE-REFLECTION-MAN-1577,,Catálogo de la casa / referencia de catálogo,,,,,,Referencia — revisar antes de publicar,
PERF-01579,Amouage,Nicho,Reflection 45 Man,EDP/EDT/Parfum (verificar),,,AMOUAGE-REFLECTION-45-MAN-1578,,Catálogo de la casa / referencia de catálogo,,,,,,Referencia — revisar antes de publicar,
PERF-01580,Amouage,Nicho,Reflection Woman,EDP/EDT/Parfum (verificar),,,AMOUAGE-REFLECTION-WOMAN-1579,,Catálogo de la casa / referencia de catálogo,,,,,,Referencia — revisar antes de publicar,
PERF-01581,Amouage,Nicho,Jubilation XXV,EDP/EDT/Parfum (verificar),,,AMOUAGE-JUBILATION-XXV-1580,,Catálogo de la casa / referencia de catálogo,,,,,,Referencia — revisar antes de publicar,
PERF-01582,Amouage,Nicho,Jubilation 40,EDP/EDT/Parfum (verificar),,,AMOUAGE-JUBILATION-40-1581,,Catálogo de la casa / referencia de catálogo,,,,,,Referencia — revisar antes de publicar,
PERF-01583,Amouage,Nicho,Jubilation Man,EDP/EDT/Parfum (verificar),,,AMOUAGE-JUBILATION-MAN-1582,,Catálogo de la casa / referencia de catálogo,,,,,,Referencia — revisar antes de publicar,
PERF-01584,Amouage,Nicho,Epic Man,EDP/EDT/Parfum (verificar),,,AMOUAGE-EPIC-MAN-1583,,Catálogo de la casa / referencia de catálogo,,,,,,Referencia — revisar antes de publicar,
PERF-01585,Amouage,Nicho,Epic Woman,EDP/EDT/Parfum (verificar),,,AMOUAGE-EPIC-WOMAN-1584,,Catálogo de la casa / referencia de catálogo,,,,,,Referencia — revisar antes de publicar,
PERF-01586,Amouage,Nicho,Memoir Man,EDP/EDT/Parfum (verificar),,,AMOUAGE-MEMOIR-MAN-1585,,Catálogo de la casa / referencia de catálogo,,,,,,Referencia — revisar antes de publicar,
PERF-01587,Amouage,Nicho,Memoir Woman,EDP/EDT/Parfum (verificar),,,AMOUAGE-MEMOIR-WOMAN-1586,,Catálogo de la casa / referencia de catálogo,,,,,,Referencia — revisar antes de publicar,
PERF-01588,Amouage,Nicho,Guidance,EDP/EDT/Parfum (verificar),,,AMOUAGE-GUIDANCE-1587,,Catálogo de la casa / referencia de catálogo,,,,,,Referencia — revisar antes de publicar,
PERF-01589,Amouage,Nicho,Guidance 46,EDP/EDT/Parfum (verificar),,,AMOUAGE-GUIDANCE-46-1588,,Catálogo de la casa / referencia de catálogo,,,,,,Referencia — revisar antes de publicar,
PERF-01590,Amouage,Nicho,Purpose,EDP/EDT/Parfum (verificar),,,AMOUAGE-PURPOSE-1589,,Catálogo de la casa / referencia de catálogo,,,,,,Referencia — revisar antes de publicar,
PERF-01591,Amouage,Nicho,Purpose 50,EDP/EDT/Parfum (verificar),,,AMOUAGE-PURPOSE-50-1590,,Catálogo de la casa / referencia de catálogo,,,,,,Referencia — revisar antes de publicar,
PERF-01592,Amouage,Nicho,Enclave,EDP/EDT/Parfum (verificar),,,AMOUAGE-ENCLAVE-1591,,Catálogo de la casa / referencia de catálogo,,,,,,Referencia — revisar antes de publicar,
PERF-01593,Amouage,Nicho,Beach Hut Man,EDP/EDT/Parfum (verificar),,,AMOUAGE-BEACH-HUT-MAN-1592,,Catálogo de la casa / referencia de catálogo,,,,,,Referencia — revisar antes de publicar,
PERF-01594,Amouage,Nicho,Beach Hut Woman,EDP/EDT/Parfum (verificar),,,AMOUAGE-BEACH-HUT-WOMAN-1593,,Catálogo de la casa / referencia de catálogo,,,,,,Referencia — revisar antes de publicar,
PERF-01595,Amouage,Nicho,Overture Man,EDP/EDT/Parfum (verificar),,,AMOUAGE-OVERTURE-MAN-1594,,Catálogo de la casa / referencia de catálogo,,,,,,Referencia — revisar antes de publicar,
PERF-01596,Amouage,Nicho,Overture Woman,EDP/EDT/Parfum (verificar),,,AMOUAGE-OVERTURE-WOMAN-1595,,Catálogo de la casa / referencia de catálogo,,,,,,Referencia — revisar antes de publicar,
PERF-01597,Amouage,Nicho,Meander,EDP/EDT/Parfum (verificar),,,AMOUAGE-MEANDER-1596,,Catálogo de la casa / referencia de catálogo,,,,,,Referencia — revisar antes de publicar,
PERF-01598,Amouage,Nicho,Material,EDP/EDT/Parfum (verificar),,,AMOUAGE-MATERIAL-1597,,Catálogo de la casa / referencia de catálogo,,,,,,Referencia — revisar antes de publicar,
PERF-01599,Amouage,Nicho,Crimson Rocks,EDP/EDT/Parfum (verificar),,,AMOUAGE-CRIMSON-ROCKS-1598,,Catálogo de la casa / referencia de catálogo,,,,,,Referencia — revisar antes de publicar,
PERF-01600,Amouage,Nicho,Boundless,EDP/EDT/Parfum (verificar),,,AMOUAGE-BOUNDLESS-1599,,Catálogo de la casa / referencia de catálogo,,,,,,Referencia — revisar antes de publicar,
PERF-01601,Amouage,Nicho,Search,EDP/EDT/Parfum (verificar),,,AMOUAGE-SEARCH-1600,,Catálogo de la casa / referencia de catálogo,,,,,,Referencia — revisar antes de publicar,
PERF-01602,Amouage,Nicho,Lineage,EDP/EDT/Parfum (verificar),,,AMOUAGE-LINEAGE-1601,,Catálogo de la casa / referencia de catálogo,,,,,,Referencia — revisar antes de publicar,
PERF-01603,Amouage,Nicho,Sunshine,EDP/EDT/Parfum (verificar),,,AMOUAGE-SUNSHINE-1602,,Catálogo de la casa / referencia de catálogo,,,,,,Referencia — revisar antes de publicar,
PERF-01604,Amouage,Nicho,Honour Woman,EDP/EDT/Parfum (verificar),,,AMOUAGE-HONOUR-WOMAN-1603,,Catálogo de la casa / referencia de catálogo,,,,,,Referencia — revisar antes de publicar,
PERF-01605,Amouage,Nicho,Honour Man,EDP/EDT/Parfum (verificar),,,AMOUAGE-HONOUR-MAN-1604,,Catálogo de la casa / referencia de catálogo,,,,,,Referencia — revisar antes de publicar,
PERF-01606,Amouage,Nicho,Lyric Man,EDP/EDT/Parfum (verificar),,,AMOUAGE-LYRIC-MAN-1605,,Catálogo de la casa / referencia de catálogo,,,,,,Referencia — revisar antes de publicar,
PERF-01607,Amouage,Nicho,Lyric Woman,EDP/EDT/Parfum (verificar),,,AMOUAGE-LYRIC-WOMAN-1606,,Catálogo de la casa / referencia de catálogo,,,,,,Referencia — revisar antes de publicar,
PERF-01608,Amouage,Nicho,Gold Man,EDP/EDT/Parfum (verificar),,,AMOUAGE-GOLD-MAN-1607,,Catálogo de la casa / referencia de catálogo,,,,,,Referencia — revisar antes de publicar,
PERF-01609,Amouage,Nicho,Gold Woman,EDP/EDT/Parfum (verificar),,,AMOUAGE-GOLD-WOMAN-1608,,Catálogo de la casa / referencia de catálogo,,,,,,Referencia — revisar antes de publicar,
PERF-01610,Amouage,Nicho,Dia Man,EDP/EDT/Parfum (verificar),,,AMOUAGE-DIA-MAN-1609,,Catálogo de la casa / referencia de catálogo,,,,,,Referencia — revisar antes de publicar,
PERF-01611,Amouage,Nicho,Dia Woman,EDP/EDT/Parfum (verificar),,,AMOUAGE-DIA-WOMAN-1610,,Catálogo de la casa / referencia de catálogo,,,,,,Referencia — revisar antes de publicar,
PERF-01612,Amouage,Nicho,Epic 56,EDP/EDT/Parfum (verificar),,,AMOUAGE-EPIC-56-1611,,Catálogo de la casa / referencia de catálogo,,,,,,Referencia — revisar antes de publicar,
PERF-01613,Amouage,Nicho,Opus VII,EDP/EDT/Parfum (verificar),,,AMOUAGE-OPUS-VII-1612,,Catálogo de la casa / referencia de catálogo,,,,,,Referencia — revisar antes de publicar,
PERF-01614,Amouage,Nicho,Opus XIV,EDP/EDT/Parfum (verificar),,,AMOUAGE-OPUS-XIV-1613,,Catálogo de la casa / referencia de catálogo,,,,,,Referencia — revisar antes de publicar,
PERF-01615,Amouage,Nicho,Opus XVI,EDP/EDT/Parfum (verificar),,,AMOUAGE-OPUS-XVI-1614,,Catálogo de la casa / referencia de catálogo,,,,,,Referencia — revisar antes de publicar,
PERF-01616,Nishane,Nicho,Hacivat,EDP/EDT/Parfum (verificar),,,NISHANE-HACIVAT-1615,,Catálogo de la casa / referencia de catálogo,,,,,,Referencia — revisar antes de publicar,
PERF-01617,Nishane,Nicho,Hacivat X,EDP/EDT/Parfum (verificar),,,NISHANE-HACIVAT-X-1616,,Catálogo de la casa / referencia de catálogo,,,,,,Referencia — revisar antes de publicar,
PERF-01618,Nishane,Nicho,Ani,EDP/EDT/Parfum (verificar),,,NISHANE-ANI-1617,,Catálogo de la casa / referencia de catálogo,,,,,,Referencia — revisar antes de publicar,
PERF-01619,Nishane,Nicho,Ani X,EDP/EDT/Parfum (verificar),,,NISHANE-ANI-X-1618,,Catálogo de la casa / referencia de catálogo,,,,,,Referencia — revisar antes de publicar,
PERF-01620,Nishane,Nicho,Hundred Silent Ways,EDP/EDT/Parfum (verificar),,,NISHANE-HUNDRED-SILENT-WAYS-1619,,Catálogo de la casa / referencia de catálogo,,,,,,Referencia — revisar antes de publicar,
PERF-01621,Nishane,Nicho,Hundred Silent Ways X,EDP/EDT/Parfum (verificar),,,NISHANE-HUNDRED-SILENT-WAYS-X-1620,,Catálogo de la casa / referencia de catálogo,,,,,,Referencia — revisar antes de publicar,
PERF-01622,Nishane,Nicho,Fan Your Flames,EDP/EDT/Parfum (verificar),,,NISHANE-FAN-YOUR-FLAMES-1621,,Catálogo de la casa / referencia de catálogo,,,,,,Referencia — revisar antes de publicar,
PERF-01623,Nishane,Nicho,Fan Your Flames X,EDP/EDT/Parfum (verificar),,,NISHANE-FAN-YOUR-FLAMES-X-1622,,Catálogo de la casa / referencia de catálogo,,,,,,Referencia — revisar antes de publicar,
PERF-01624,Nishane,Nicho,Wulong Cha,EDP/EDT/Parfum (verificar),,,NISHANE-WULONG-CHA-1623,,Catálogo de la casa / referencia de catálogo,,,,,,Referencia — revisar antes de publicar,
PERF-01625,Nishane,Nicho,Wulong Cha X,EDP/EDT/Parfum (verificar),,,NISHANE-WULONG-CHA-X-1624,,Catálogo de la casa / referencia de catálogo,,,,,,Referencia — revisar antes de publicar,
PERF-01626,Nishane,Nicho,Nefs,EDP/EDT/Parfum (verificar),,,NISHANE-NEFS-1625,,Catálogo de la casa / referencia de catálogo,,,,,,Referencia — revisar antes de publicar,
PERF-01627,Nishane,Nicho,Ege,EDP/EDT/Parfum (verificar),,,NISHANE-EGE-1626,,Catálogo de la casa / referencia de catálogo,,,,,,Referencia — revisar antes de publicar,
PERF-01628,Nishane,Nicho,Ambra Calabria,EDP/EDT/Parfum (verificar),,,NISHANE-AMBRA-CALABRIA-1627,,Catálogo de la casa / referencia de catálogo,,,,,,Referencia — revisar antes de publicar,
PERF-01629,Nishane,Nicho,Shem,EDP/EDT/Parfum (verificar),,,NISHANE-SHEM-1628,,Catálogo de la casa / referencia de catálogo,,,,,,Referencia — revisar antes de publicar,
PERF-01630,Nishane,Nicho,Papilefiko,EDP/EDT/Parfum (verificar),,,NISHANE-PAPILEFIKO-1629,,Catálogo de la casa / referencia de catálogo,,,,,,Referencia — revisar antes de publicar,
PERF-01631,Nishane,Nicho,Karagoz,EDP/EDT/Parfum (verificar),,,NISHANE-KARAGOZ-1630,,Catálogo de la casa / referencia de catálogo,,,,,,Referencia — revisar antes de publicar,
PERF-01632,Nishane,Nicho,Tuberoza,EDP/EDT/Parfum (verificar),,,NISHANE-TUBEROZA-1631,,Catálogo de la casa / referencia de catálogo,,,,,,Referencia — revisar antes de publicar,
PERF-01633,Nishane,Nicho,Zenne,EDP/EDT/Parfum (verificar),,,NISHANE-ZENNE-1632,,Catálogo de la casa / referencia de catálogo,,,,,,Referencia — revisar antes de publicar,
PERF-01634,Nishane,Nicho,Hernan,EDP/EDT/Parfum (verificar),,,NISHANE-HERNAN-1633,,Catálogo de la casa / referencia de catálogo,,,,,,Referencia — revisar antes de publicar,
PERF-01635,Nishane,Nicho,B-612,EDP/EDT/Parfum (verificar),,,NISHANE-B-612-1634,,Catálogo de la casa / referencia de catálogo,,,,,,Referencia — revisar antes de publicar,
PERF-01636,Nishane,Nicho,Afrika-Olifant,EDP/EDT/Parfum (verificar),,,NISHANE-AFRIKA-OLIFANT-1635,,Catálogo de la casa / referencia de catálogo,,,,,,Referencia — revisar antes de publicar,
PERF-01637,Nishane,Nicho,Suede et Safran,EDP/EDT/Parfum (verificar),,,NISHANE-SUEDE-ET-SAFRAN-1636,,Catálogo de la casa / referencia de catálogo,,,,,,Referencia — revisar antes de publicar,
PERF-01638,Nishane,Nicho,Colognise,EDP/EDT/Parfum (verificar),,,NISHANE-COLOGNISE-1637,,Catálogo de la casa / referencia de catálogo,,,,,,Referencia — revisar antes de publicar,
PERF-01639,Nishane,Nicho,Hespéridée Colognisée,EDP/EDT/Parfum (verificar),,,NISHANE-HESP-RID-E-COLOGNIS-E-1638,,Catálogo de la casa / referencia de catálogo,,,,,,Referencia — revisar antes de publicar,
PERF-01640,Nishane,Nicho,Vain & Naive,EDP/EDT/Parfum (verificar),,,NISHANE-VAIN-NAIVE-1639,,Catálogo de la casa / referencia de catálogo,,,,,,Referencia — revisar antes de publicar,
PERF-01641,Nishane,Nicho,Nanshe,EDP/EDT/Parfum (verificar),,,NISHANE-NANSHE-1640,,Catálogo de la casa / referencia de catálogo,,,,,,Referencia — revisar antes de publicar,
PERF-01642,Nishane,Nicho,Tempfluo,EDP/EDT/Parfum (verificar),,,NISHANE-TEMPFLUO-1641,,Catálogo de la casa / referencia de catálogo,,,,,,Referencia — revisar antes de publicar,
PERF-01643,Nishane,Nicho,Favonius,EDP/EDT/Parfum (verificar),,,NISHANE-FAVONIUS-1642,,Catálogo de la casa / referencia de catálogo,,,,,,Referencia — revisar antes de publicar,
PERF-01644,Nishane,Nicho,Ege/Fan Your Flames Collection,EDP/EDT/Parfum (verificar),,,NISHANE-EGE-FAN-YOUR-FLAMES-COLL-1643,,Catálogo de la casa / referencia de catálogo,,,,,,Referencia — revisar antes de publicar,
PERF-01645,Nishane,Nicho,Tero,EDP/EDT/Parfum (verificar),,,NISHANE-TERO-1644,,Catálogo de la casa / referencia de catálogo,,,,,,Referencia — revisar antes de publicar,
PERF-01646,Nishane,Nicho,Kredo,EDP/EDT/Parfum (verificar),,,NISHANE-KREDO-1645,,Catálogo de la casa / referencia de catálogo,,,,,,Referencia — revisar antes de publicar,
PERF-01647,Nishane,Nicho,Mana,EDP/EDT/Parfum (verificar),,,NISHANE-MANA-1646,,Catálogo de la casa / referencia de catálogo,,,,,,Referencia — revisar antes de publicar,
PERF-01648,Nishane,Nicho,Nanshe Extrait,EDP/EDT/Parfum (verificar),,,NISHANE-NANSHE-EXTRAIT-1647,,Catálogo de la casa / referencia de catálogo,,,,,,Referencia — revisar antes de publicar,
PERF-01649,Nishane,Nicho,Ani Extrait,EDP/EDT/Parfum (verificar),,,NISHANE-ANI-EXTRAIT-1648,,Catálogo de la casa / referencia de catálogo,,,,,,Referencia — revisar antes de publicar,
PERF-01650,Nishane,Nicho,Hacivat Extrait,EDP/EDT/Parfum (verificar),,,NISHANE-HACIVAT-EXTRAIT-1649,,Catálogo de la casa / referencia de catálogo,,,,,,Referencia — revisar antes de publicar,
PERF-01651,Initio Parfums Privés,Nicho,Side Effect,EDP/EDT/Parfum (verificar),,,INITIO-P-SIDE-EFFECT-1650,,Catálogo de la casa / referencia de catálogo,,,,,,Referencia — revisar antes de publicar,
PERF-01652,Initio Parfums Privés,Nicho,Oud for Greatness,EDP/EDT/Parfum (verificar),,,INITIO-P-OUD-FOR-GREATNESS-1651,,Catálogo de la casa / referencia de catálogo,,,,,,Referencia — revisar antes de publicar,
PERF-01653,Initio Parfums Privés,Nicho,Oud for Happiness,EDP/EDT/Parfum (verificar),,,INITIO-P-OUD-FOR-HAPPINESS-1652,,Catálogo de la casa / referencia de catálogo,,,,,,Referencia — revisar antes de publicar,
PERF-01654,Initio Parfums Privés,Nicho,Atomic Rose,EDP/EDT/Parfum (verificar),,,INITIO-P-ATOMIC-ROSE-1653,,Catálogo de la casa / referencia de catálogo,,,,,,Referencia — revisar antes de publicar,
PERF-01655,Initio Parfums Privés,Nicho,Rehab,EDP/EDT/Parfum (verificar),,,INITIO-P-REHAB-1654,,Catálogo de la casa / referencia de catálogo,,,,,,Referencia — revisar antes de publicar,
PERF-01656,Initio Parfums Privés,Nicho,Musk Therapy,EDP/EDT/Parfum (verificar),,,INITIO-P-MUSK-THERAPY-1655,,Catálogo de la casa / referencia de catálogo,,,,,,Referencia — revisar antes de publicar,
PERF-01657,Initio Parfums Privés,Nicho,Psychedelic Love,EDP/EDT/Parfum (verificar),,,INITIO-P-PSYCHEDELIC-LOVE-1656,,Catálogo de la casa / referencia de catálogo,,,,,,Referencia — revisar antes de publicar,
PERF-01658,Initio Parfums Privés,Nicho,Blessed Baraka,EDP/EDT/Parfum (verificar),,,INITIO-P-BLESSED-BARAKA-1657,,Catálogo de la casa / referencia de catálogo,,,,,,Referencia — revisar antes de publicar,
PERF-01659,Initio Parfums Privés,Nicho,High Frequency,EDP/EDT/Parfum (verificar),,,INITIO-P-HIGH-FREQUENCY-1658,,Catálogo de la casa / referencia de catálogo,,,,,,Referencia — revisar antes de publicar,
PERF-01660,Initio Parfums Privés,Nicho,Addictive Vibration,EDP/EDT/Parfum (verificar),,,INITIO-P-ADDICTIVE-VIBRATION-1659,,Catálogo de la casa / referencia de catálogo,,,,,,Referencia — revisar antes de publicar,
PERF-01661,Initio Parfums Privés,Nicho,Paragon,EDP/EDT/Parfum (verificar),,,INITIO-P-PARAGON-1660,,Catálogo de la casa / referencia de catálogo,,,,,,Referencia — revisar antes de publicar,
PERF-01662,Initio Parfums Privés,Nicho,Absolute Aphrodisiac,EDP/EDT/Parfum (verificar),,,INITIO-P-ABSOLUTE-APHRODISIAC-1661,,Catálogo de la casa / referencia de catálogo,,,,,,Referencia — revisar antes de publicar,
PERF-01663,Initio Parfums Privés,Nicho,Mystic Experience,EDP/EDT/Parfum (verificar),,,INITIO-P-MYSTIC-EXPERIENCE-1662,,Catálogo de la casa / referencia de catálogo,,,,,,Referencia — revisar antes de publicar,
PERF-01664,Initio Parfums Privés,Nicho,Divine Attraction,EDP/EDT/Parfum (verificar),,,INITIO-P-DIVINE-ATTRACTION-1663,,Catálogo de la casa / referencia de catálogo,,,,,,Referencia — revisar antes de publicar,
PERF-01665,Initio Parfums Privés,Nicho,Rehab Extrait,EDP/EDT/Parfum (verificar),,,INITIO-P-REHAB-EXTRAIT-1664,,Catálogo de la casa / referencia de catálogo,,,,,,Referencia — revisar antes de publicar,
PERF-01666,Initio Parfums Privés,Nicho,Oud for Greatness Neo,EDP/EDT/Parfum (verificar),,,INITIO-P-OUD-FOR-GREATNESS-NEO-1665,,Catálogo de la casa / referencia de catálogo,,,,,,Referencia — revisar antes de publicar,
PERF-01667,Initio Parfums Privés,Nicho,Oud for Greatness Extrait,EDP/EDT/Parfum (verificar),,,INITIO-P-OUD-FOR-GREATNESS-EXTRAI-1666,,Catálogo de la casa / referencia de catálogo,,,,,,Referencia — revisar antes de publicar,
PERF-01668,Initio Parfums Privés,Nicho,Blessed Baraka Extrait,EDP/EDT/Parfum (verificar),,,INITIO-P-BLESSED-BARAKA-EXTRAIT-1667,,Catálogo de la casa / referencia de catálogo,,,,,,Referencia — revisar antes de publicar,
PERF-01669,Initio Parfums Privés,Nicho,Atomic Rose Extrait,EDP/EDT/Parfum (verificar),,,INITIO-P-ATOMIC-ROSE-EXTRAIT-1668,,Catálogo de la casa / referencia de catálogo,,,,,,Referencia — revisar antes de publicar,
PERF-01670,Initio Parfums Privés,Nicho,Musk Therapy Extrait,EDP/EDT/Parfum (verificar),,,INITIO-P-MUSK-THERAPY-EXTRAIT-1669,,Catálogo de la casa / referencia de catálogo,,,,,,Referencia — revisar antes de publicar,
PERF-01671,Initio Parfums Privés,Nicho,Power Self,EDP/EDT/Parfum (verificar),,,INITIO-P-POWER-SELF-1670,,Catálogo de la casa / referencia de catálogo,,,,,,Referencia — revisar antes de publicar,
PERF-01672,Initio Parfums Privés,Nicho,Magnetic Blend 7,EDP/EDT/Parfum (verificar),,,INITIO-P-MAGNETIC-BLEND-7-1671,,Catálogo de la casa / referencia de catálogo,,,,,,Referencia — revisar antes de publicar,
PERF-01673,Initio Parfums Privés,Nicho,Magnetic Blend 8,EDP/EDT/Parfum (verificar),,,INITIO-P-MAGNETIC-BLEND-8-1672,,Catálogo de la casa / referencia de catálogo,,,,,,Referencia — revisar antes de publicar,
PERF-01674,Initio Parfums Privés,Nicho,Magnetic Blend 9,EDP/EDT/Parfum (verificar),,,INITIO-P-MAGNETIC-BLEND-9-1673,,Catálogo de la casa / referencia de catálogo,,,,,,Referencia — revisar antes de publicar,
PERF-01675,Initio Parfums Privés,Nicho,The Magnetic Blend,EDP/EDT/Parfum (verificar),,,INITIO-P-THE-MAGNETIC-BLEND-1674,,Catálogo de la casa / referencia de catálogo,,,,,,Referencia — revisar antes de publicar,
PERF-01676,Byredo,Nicho,Bal d'Afrique,EDP/EDT/Parfum (verificar),,,BYREDO-BAL-D-AFRIQUE-1675,,Catálogo de la casa / referencia de catálogo,,,,,,Referencia — revisar antes de publicar,
PERF-01677,Byredo,Nicho,Gypsy Water,EDP/EDT/Parfum (verificar),,,BYREDO-GYPSY-WATER-1676,,Catálogo de la casa / referencia de catálogo,,,,,,Referencia — revisar antes de publicar,
PERF-01678,Byredo,Nicho,Mojave Ghost,EDP/EDT/Parfum (verificar),,,BYREDO-MOJAVE-GHOST-1677,,Catálogo de la casa / referencia de catálogo,,,,,,Referencia — revisar antes de publicar,
PERF-01679,Byredo,Nicho,Bibliothèque,EDP/EDT/Parfum (verificar),,,BYREDO-BIBLIOTH-QUE-1678,,Catálogo de la casa / referencia de catálogo,,,,,,Referencia — revisar antes de publicar,
PERF-01680,Byredo,Nicho,Blanche,EDP/EDT/Parfum (verificar),,,BYREDO-BLANCHE-1679,,Catálogo de la casa / referencia de catálogo,,,,,,Referencia — revisar antes de publicar,
PERF-01681,Byredo,Nicho,Black Saffron,EDP/EDT/Parfum (verificar),,,BYREDO-BLACK-SAFFRON-1680,,Catálogo de la casa / referencia de catálogo,,,,,,Referencia — revisar antes de publicar,
PERF-01682,Byredo,Nicho,Super Cedar,EDP/EDT/Parfum (verificar),,,BYREDO-SUPER-CEDAR-1681,,Catálogo de la casa / referencia de catálogo,,,,,,Referencia — revisar antes de publicar,
PERF-01683,Byredo,Nicho,Rose of No Man's Land,EDP/EDT/Parfum (verificar),,,BYREDO-ROSE-OF-NO-MAN-S-LAND-1682,,Catálogo de la casa / referencia de catálogo,,,,,,Referencia — revisar antes de publicar,
PERF-01684,Byredo,Nicho,Pulp,EDP/EDT/Parfum (verificar),,,BYREDO-PULP-1683,,Catálogo de la casa / referencia de catálogo,,,,,,Referencia — revisar antes de publicar,
PERF-01685,Byredo,Nicho,Mixed Emotions,EDP/EDT/Parfum (verificar),,,BYREDO-MIXED-EMOTIONS-1684,,Catálogo de la casa / referencia de catálogo,,,,,,Referencia — revisar antes de publicar,
PERF-01686,Byredo,Nicho,De Los Santos,EDP/EDT/Parfum (verificar),,,BYREDO-DE-LOS-SANTOS-1685,,Catálogo de la casa / referencia de catálogo,,,,,,Referencia — revisar antes de publicar,
PERF-01687,Byredo,Nicho,Young Rose,EDP/EDT/Parfum (verificar),,,BYREDO-YOUNG-ROSE-1686,,Catálogo de la casa / referencia de catálogo,,,,,,Referencia — revisar antes de publicar,
PERF-01688,Byredo,Nicho,Vanille Antique,EDP/EDT/Parfum (verificar),,,BYREDO-VANILLE-ANTIQUE-1687,,Catálogo de la casa / referencia de catálogo,,,,,,Referencia — revisar antes de publicar,
PERF-01689,Byredo,Nicho,Tobacco Mandarin,EDP/EDT/Parfum (verificar),,,BYREDO-TOBACCO-MANDARIN-1688,,Catálogo de la casa / referencia de catálogo,,,,,,Referencia — revisar antes de publicar,
PERF-01690,Byredo,Nicho,Eyes Closed,EDP/EDT/Parfum (verificar),,,BYREDO-EYES-CLOSED-1689,,Catálogo de la casa / referencia de catálogo,,,,,,Referencia — revisar antes de publicar,
PERF-01691,Byredo,Nicho,Mojave Ghost Absolu,EDP/EDT/Parfum (verificar),,,BYREDO-MOJAVE-GHOST-ABSOLU-1690,,Catálogo de la casa / referencia de catálogo,,,,,,Referencia — revisar antes de publicar,
PERF-01692,Byredo,Nicho,Mojave Ghost Eau de Parfum,EDP/EDT/Parfum (verificar),,,BYREDO-MOJAVE-GHOST-EAU-DE-PARF-1691,,Catálogo de la casa / referencia de catálogo,,,,,,Referencia — revisar antes de publicar,
PERF-01693,Byredo,Nicho,Animalique,EDP/EDT/Parfum (verificar),,,BYREDO-ANIMALIQUE-1692,,Catálogo de la casa / referencia de catálogo,,,,,,Referencia — revisar antes de publicar,
PERF-01694,Byredo,Nicho,Rouge Chaotique,EDP/EDT/Parfum (verificar),,,BYREDO-ROUGE-CHAOTIQUE-1693,,Catálogo de la casa / referencia de catálogo,,,,,,Referencia — revisar antes de publicar,
PERF-01695,Byredo,Nicho,Desert Dawn,EDP/EDT/Parfum (verificar),,,BYREDO-DESERT-DAWN-1694,,Catálogo de la casa / referencia de catálogo,,,,,,Referencia — revisar antes de publicar,
PERF-01696,Byredo,Nicho,Night Veils Reine de Nuit,EDP/EDT/Parfum (verificar),,,BYREDO-NIGHT-VEILS-REINE-DE-NUI-1695,,Catálogo de la casa / referencia de catálogo,,,,,,Referencia — revisar antes de publicar,
PERF-01697,Byredo,Nicho,Night Veils Casablanca Lily,EDP/EDT/Parfum (verificar),,,BYREDO-NIGHT-VEILS-CASABLANCA-L-1696,,Catálogo de la casa / referencia de catálogo,,,,,,Referencia — revisar antes de publicar,
PERF-01698,Byredo,Nicho,Sunday Cologne,EDP/EDT/Parfum (verificar),,,BYREDO-SUNDAY-COLOGNE-1697,,Catálogo de la casa / referencia de catálogo,,,,,,Referencia — revisar antes de publicar,
PERF-01699,Byredo,Nicho,Accord Oud,EDP/EDT/Parfum (verificar),,,BYREDO-ACCORD-OUD-1698,,Catálogo de la casa / referencia de catálogo,,,,,,Referencia — revisar antes de publicar,
PERF-01700,Byredo,Nicho,Oud Immortel,EDP/EDT/Parfum (verificar),,,BYREDO-OUD-IMMORTEL-1699,,Catálogo de la casa / referencia de catálogo,,,,,,Referencia — revisar antes de publicar,
PERF-01701,Byredo,Nicho,Inflorescence,EDP/EDT/Parfum (verificar),,,BYREDO-INFLORESCENCE-1700,,Catálogo de la casa / referencia de catálogo,,,,,,Referencia — revisar antes de publicar,
PERF-01702,Byredo,Nicho,La Tulipe,EDP/EDT/Parfum (verificar),,,BYREDO-LA-TULIPE-1701,,Catálogo de la casa / referencia de catálogo,,,,,,Referencia — revisar antes de publicar,
PERF-01703,Byredo,Nicho,Flowerhead,EDP/EDT/Parfum (verificar),,,BYREDO-FLOWERHEAD-1702,,Catálogo de la casa / referencia de catálogo,,,,,,Referencia — revisar antes de publicar,
PERF-01704,Byredo,Nicho,Slow Dance,EDP/EDT/Parfum (verificar),,,BYREDO-SLOW-DANCE-1703,,Catálogo de la casa / referencia de catálogo,,,,,,Referencia — revisar antes de publicar,
PERF-01705,Byredo,Nicho,Eleventh Hour,EDP/EDT/Parfum (verificar),,,BYREDO-ELEVENTH-HOUR-1704,,Catálogo de la casa / referencia de catálogo,,,,,,Referencia — revisar antes de publicar,
PERF-01706,Byredo,Nicho,Sellier,EDP/EDT/Parfum (verificar),,,BYREDO-SELLIER-1705,,Catálogo de la casa / referencia de catálogo,,,,,,Referencia — revisar antes de publicar,
PERF-01707,Byredo,Nicho,Open Sky,EDP/EDT/Parfum (verificar),,,BYREDO-OPEN-SKY-1706,,Catálogo de la casa / referencia de catálogo,,,,,,Referencia — revisar antes de publicar,
PERF-01708,Byredo,Nicho,Mumbai Noise,EDP/EDT/Parfum (verificar),,,BYREDO-MUMBAI-NOISE-1707,,Catálogo de la casa / referencia de catálogo,,,,,,Referencia — revisar antes de publicar,
PERF-01709,Byredo,Nicho,Rose Noir,EDP/EDT/Parfum (verificar),,,BYREDO-ROSE-NOIR-1708,,Catálogo de la casa / referencia de catálogo,,,,,,Referencia — revisar antes de publicar,
PERF-01710,Byredo,Nicho,Mr Marvelous,EDP/EDT/Parfum (verificar),,,BYREDO-MR-MARVELOUS-1709,,Catálogo de la casa / referencia de catálogo,,,,,,Referencia — revisar antes de publicar,
PERF-01711,Byredo,Nicho,Black Saffron Absolu,EDP/EDT/Parfum (verificar),,,BYREDO-BLACK-SAFFRON-ABSOLU-1710,,Catálogo de la casa / referencia de catálogo,,,,,,Referencia — revisar antes de publicar,
PERF-01712,Le Labo,Nicho,Santal 33,EDP/EDT/Parfum (verificar),,,LE-LABO-SANTAL-33-1711,,Catálogo de la casa / referencia de catálogo,,,,,,Referencia — revisar antes de publicar,
PERF-01713,Le Labo,Nicho,Another 13,EDP/EDT/Parfum (verificar),,,LE-LABO-ANOTHER-13-1712,,Catálogo de la casa / referencia de catálogo,,,,,,Referencia — revisar antes de publicar,
PERF-01714,Le Labo,Nicho,Bergamote 22,EDP/EDT/Parfum (verificar),,,LE-LABO-BERGAMOTE-22-1713,,Catálogo de la casa / referencia de catálogo,,,,,,Referencia — revisar antes de publicar,
PERF-01715,Le Labo,Nicho,Rose 31,EDP/EDT/Parfum (verificar),,,LE-LABO-ROSE-31-1714,,Catálogo de la casa / referencia de catálogo,,,,,,Referencia — revisar antes de publicar,
PERF-01716,Le Labo,Nicho,Thé Noir 29,EDP/EDT/Parfum (verificar),,,LE-LABO-TH-NOIR-29-1715,,Catálogo de la casa / referencia de catálogo,,,,,,Referencia — revisar antes de publicar,
PERF-01717,Le Labo,Nicho,The Matcha 26,EDP/EDT/Parfum (verificar),,,LE-LABO-THE-MATCHA-26-1716,,Catálogo de la casa / referencia de catálogo,,,,,,Referencia — revisar antes de publicar,
PERF-01718,Le Labo,Nicho,Baie 19,EDP/EDT/Parfum (verificar),,,LE-LABO-BAIE-19-1717,,Catálogo de la casa / referencia de catálogo,,,,,,Referencia — revisar antes de publicar,
PERF-01719,Le Labo,Nicho,Musc 25,EDP/EDT/Parfum (verificar),,,LE-LABO-MUSC-25-1718,,Catálogo de la casa / referencia de catálogo,,,,,,Referencia — revisar antes de publicar,
PERF-01720,Le Labo,Nicho,Neroli 36,EDP/EDT/Parfum (verificar),,,LE-LABO-NEROLI-36-1719,,Catálogo de la casa / referencia de catálogo,,,,,,Referencia — revisar antes de publicar,
PERF-01721,Le Labo,Nicho,Patchouli 24,EDP/EDT/Parfum (verificar),,,LE-LABO-PATCHOULI-24-1720,,Catálogo de la casa / referencia de catálogo,,,,,,Referencia — revisar antes de publicar,
PERF-01722,Le Labo,Nicho,Vetiver 46,EDP/EDT/Parfum (verificar),,,LE-LABO-VETIVER-46-1721,,Catálogo de la casa / referencia de catálogo,,,,,,Referencia — revisar antes de publicar,
PERF-01723,Le Labo,Nicho,Oud 27,EDP/EDT/Parfum (verificar),,,LE-LABO-OUD-27-1722,,Catálogo de la casa / referencia de catálogo,,,,,,Referencia — revisar antes de publicar,
PERF-01724,Le Labo,Nicho,Citron 28,EDP/EDT/Parfum (verificar),,,LE-LABO-CITRON-28-1723,,Catálogo de la casa / referencia de catálogo,,,,,,Referencia — revisar antes de publicar,
PERF-01725,Le Labo,Nicho,Ambrette 9,EDP/EDT/Parfum (verificar),,,LE-LABO-AMBRETTE-9-1724,,Catálogo de la casa / referencia de catálogo,,,,,,Referencia — revisar antes de publicar,
PERF-01726,Le Labo,Nicho,Fleur d'Oranger 27,EDP/EDT/Parfum (verificar),,,LE-LABO-FLEUR-D-ORANGER-27-1725,,Catálogo de la casa / referencia de catálogo,,,,,,Referencia — revisar antes de publicar,
PERF-01727,Le Labo,Nicho,Iris 39,EDP/EDT/Parfum (verificar),,,LE-LABO-IRIS-39-1726,,Catálogo de la casa / referencia de catálogo,,,,,,Referencia — revisar antes de publicar,
PERF-01728,Le Labo,Nicho,Jasmin 17,EDP/EDT/Parfum (verificar),,,LE-LABO-JASMIN-17-1727,,Catálogo de la casa / referencia de catálogo,,,,,,Referencia — revisar antes de publicar,
PERF-01729,Le Labo,Nicho,Labdanum 18,EDP/EDT/Parfum (verificar),,,LE-LABO-LABDANUM-18-1728,,Catálogo de la casa / referencia de catálogo,,,,,,Referencia — revisar antes de publicar,
PERF-01730,Le Labo,Nicho,Poivre 23,EDP/EDT/Parfum (verificar),,,LE-LABO-POIVRE-23-1729,,Catálogo de la casa / referencia de catálogo,,,,,,Referencia — revisar antes de publicar,
PERF-01731,Le Labo,Nicho,Ylang 49,EDP/EDT/Parfum (verificar),,,LE-LABO-YLANG-49-1730,,Catálogo de la casa / referencia de catálogo,,,,,,Referencia — revisar antes de publicar,
PERF-01732,Le Labo,Nicho,Vanille 44,EDP/EDT/Parfum (verificar),,,LE-LABO-VANILLE-44-1731,,Catálogo de la casa / referencia de catálogo,,,,,,Referencia — revisar antes de publicar,
PERF-01733,Le Labo,Nicho,Gaiac 10,EDP/EDT/Parfum (verificar),,,LE-LABO-GAIAC-10-1732,,Catálogo de la casa / referencia de catálogo,,,,,,Referencia — revisar antes de publicar,
PERF-01734,Le Labo,Nicho,Myrhe 55,EDP/EDT/Parfum (verificar),,,LE-LABO-MYRHE-55-1733,,Catálogo de la casa / referencia de catálogo,,,,,,Referencia — revisar antes de publicar,
PERF-01735,Le Labo,Nicho,Tonka 25,EDP/EDT/Parfum (verificar),,,LE-LABO-TONKA-25-1734,,Catálogo de la casa / referencia de catálogo,,,,,,Referencia — revisar antes de publicar,
PERF-01736,Le Labo,Nicho,Benjoin 19,EDP/EDT/Parfum (verificar),,,LE-LABO-BENJOIN-19-1735,,Catálogo de la casa / referencia de catálogo,,,,,,Referencia — revisar antes de publicar,
PERF-01737,Le Labo,Nicho,Coriandre 39,EDP/EDT/Parfum (verificar),,,LE-LABO-CORIANDRE-39-1736,,Catálogo de la casa / referencia de catálogo,,,,,,Referencia — revisar antes de publicar,
PERF-01738,Le Labo,Nicho,Tabac 28,EDP/EDT/Parfum (verificar),,,LE-LABO-TABAC-28-1737,,Catálogo de la casa / referencia de catálogo,,,,,,Referencia — revisar antes de publicar,
PERF-01739,Le Labo,Nicho,Cedrat 37,EDP/EDT/Parfum (verificar),,,LE-LABO-CEDRAT-37-1738,,Catálogo de la casa / referencia de catálogo,,,,,,Referencia — revisar antes de publicar,
PERF-01740,Le Labo,Nicho,Limette 37,EDP/EDT/Parfum (verificar),,,LE-LABO-LIMETTE-37-1739,,Catálogo de la casa / referencia de catálogo,,,,,,Referencia — revisar antes de publicar,
PERF-01741,Le Labo,Nicho,Mousse de Chene 30,EDP/EDT/Parfum (verificar),,,LE-LABO-MOUSSE-DE-CHENE-30-1740,,Catálogo de la casa / referencia de catálogo,,,,,,Referencia — revisar antes de publicar,
PERF-01742,Le Labo,Nicho,Cuir 28,EDP/EDT/Parfum (verificar),,,LE-LABO-CUIR-28-1741,,Catálogo de la casa / referencia de catálogo,,,,,,Referencia — revisar antes de publicar,
PERF-01743,Le Labo,Nicho,Freesia 25,EDP/EDT/Parfum (verificar),,,LE-LABO-FREESIA-25-1742,,Catálogo de la casa / referencia de catálogo,,,,,,Referencia — revisar antes de publicar,
PERF-01744,Maison Francis Kurkdjian,Nicho,Baccarat Rouge 540,EDP/EDT/Parfum (verificar),,,MAISON-F-BACCARAT-ROUGE-540-1743,,Catálogo de la casa / referencia de catálogo,,,,,,Referencia — revisar antes de publicar,
PERF-01745,Maison Francis Kurkdjian,Nicho,Baccarat Rouge 540 Extrait,EDP/EDT/Parfum (verificar),,,MAISON-F-BACCARAT-ROUGE-540-EXTRA-1744,,Catálogo de la casa / referencia de catálogo,,,,,,Referencia — revisar antes de publicar,
PERF-01746,Maison Francis Kurkdjian,Nicho,Gentle Fluidity Gold,EDP/EDT/Parfum (verificar),,,MAISON-F-GENTLE-FLUIDITY-GOLD-1745,,Catálogo de la casa / referencia de catálogo,,,,,,Referencia — revisar antes de publicar,
PERF-01747,Maison Francis Kurkdjian,Nicho,Gentle Fluidity Silver,EDP/EDT/Parfum (verificar),,,MAISON-F-GENTLE-FLUIDITY-SILVER-1746,,Catálogo de la casa / referencia de catálogo,,,,,,Referencia — revisar antes de publicar,
PERF-01748,Maison Francis Kurkdjian,Nicho,Grand Soir,EDP/EDT/Parfum (verificar),,,MAISON-F-GRAND-SOIR-1747,,Catálogo de la casa / referencia de catálogo,,,,,,Referencia — revisar antes de publicar,
PERF-01749,Maison Francis Kurkdjian,Nicho,Amyris Homme,EDP/EDT/Parfum (verificar),,,MAISON-F-AMYRIS-HOMME-1748,,Catálogo de la casa / referencia de catálogo,,,,,,Referencia — revisar antes de publicar,
PERF-01750,Maison Francis Kurkdjian,Nicho,Amyris Femme,EDP/EDT/Parfum (verificar),,,MAISON-F-AMYRIS-FEMME-1749,,Catálogo de la casa / referencia de catálogo,,,,,,Referencia — revisar antes de publicar,
PERF-01751,Maison Francis Kurkdjian,Nicho,Amyris Homme Extrait,EDP/EDT/Parfum (verificar),,,MAISON-F-AMYRIS-HOMME-EXTRAIT-1750,,Catálogo de la casa / referencia de catálogo,,,,,,Referencia — revisar antes de publicar,
PERF-01752,Maison Francis Kurkdjian,Nicho,Oud Satin Mood,EDP/EDT/Parfum (verificar),,,MAISON-F-OUD-SATIN-MOOD-1751,,Catálogo de la casa / referencia de catálogo,,,,,,Referencia — revisar antes de publicar,
PERF-01753,Maison Francis Kurkdjian,Nicho,Oud Satin Mood Extrait,EDP/EDT/Parfum (verificar),,,MAISON-F-OUD-SATIN-MOOD-EXTRAIT-1752,,Catálogo de la casa / referencia de catálogo,,,,,,Referencia — revisar antes de publicar,
PERF-01754,Maison Francis Kurkdjian,Nicho,724,EDP/EDT/Parfum (verificar),,,MAISON-F-724-1753,,Catálogo de la casa / referencia de catálogo,,,,,,Referencia — revisar antes de publicar,
PERF-01755,Maison Francis Kurkdjian,Nicho,Aqua Universalis,EDP/EDT/Parfum (verificar),,,MAISON-F-AQUA-UNIVERSALIS-1754,,Catálogo de la casa / referencia de catálogo,,,,,,Referencia — revisar antes de publicar,
PERF-01756,Maison Francis Kurkdjian,Nicho,Aqua Universalis Forte,EDP/EDT/Parfum (verificar),,,MAISON-F-AQUA-UNIVERSALIS-FORTE-1755,,Catálogo de la casa / referencia de catálogo,,,,,,Referencia — revisar antes de publicar,
PERF-01757,Maison Francis Kurkdjian,Nicho,Aqua Vitae,EDP/EDT/Parfum (verificar),,,MAISON-F-AQUA-VITAE-1756,,Catálogo de la casa / referencia de catálogo,,,,,,Referencia — revisar antes de publicar,
PERF-01758,Maison Francis Kurkdjian,Nicho,Aqua Vitae Cologne Forte,EDP/EDT/Parfum (verificar),,,MAISON-F-AQUA-VITAE-COLOGNE-FORTE-1757,,Catálogo de la casa / referencia de catálogo,,,,,,Referencia — revisar antes de publicar,
PERF-01759,Maison Francis Kurkdjian,Nicho,Aqua Media Cologne Forte,EDP/EDT/Parfum (verificar),,,MAISON-F-AQUA-MEDIA-COLOGNE-FORTE-1758,,Catálogo de la casa / referencia de catálogo,,,,,,Referencia — revisar antes de publicar,
PERF-01760,Maison Francis Kurkdjian,Nicho,L'Homme À la rose,EDP/EDT/Parfum (verificar),,,MAISON-F-L-HOMME-LA-ROSE-1759,,Catálogo de la casa / referencia de catálogo,,,,,,Referencia — revisar antes de publicar,
PERF-01761,Maison Francis Kurkdjian,Nicho,À la rose,EDP/EDT/Parfum (verificar),,,MAISON-F-LA-ROSE-1760,,Catálogo de la casa / referencia de catálogo,,,,,,Referencia — revisar antes de publicar,
PERF-01762,Maison Francis Kurkdjian,Nicho,Petit Matin,EDP/EDT/Parfum (verificar),,,MAISON-F-PETIT-MATIN-1761,,Catálogo de la casa / referencia de catálogo,,,,,,Referencia — revisar antes de publicar,
PERF-01763,Maison Francis Kurkdjian,Nicho,Masculin Pluriel,EDP/EDT/Parfum (verificar),,,MAISON-F-MASCULIN-PLURIEL-1762,,Catálogo de la casa / referencia de catálogo,,,,,,Referencia — revisar antes de publicar,
PERF-01764,Maison Francis Kurkdjian,Nicho,Amyris,EDP/EDT/Parfum (verificar),,,MAISON-F-AMYRIS-1763,,Catálogo de la casa / referencia de catálogo,,,,,,Referencia — revisar antes de publicar,
PERF-01765,Maison Francis Kurkdjian,Nicho,Gentle Fluidity,EDP/EDT/Parfum (verificar),,,MAISON-F-GENTLE-FLUIDITY-1764,,Catálogo de la casa / referencia de catálogo,,,,,,Referencia — revisar antes de publicar,
PERF-01766,Maison Francis Kurkdjian,Nicho,Oud Silk Mood,EDP/EDT/Parfum (verificar),,,MAISON-F-OUD-SILK-MOOD-1765,,Catálogo de la casa / referencia de catálogo,,,,,,Referencia — revisar antes de publicar,
PERF-01767,Maison Francis Kurkdjian,Nicho,Oud Silk Mood Extrait,EDP/EDT/Parfum (verificar),,,MAISON-F-OUD-SILK-MOOD-EXTRAIT-1766,,Catálogo de la casa / referencia de catálogo,,,,,,Referencia — revisar antes de publicar,
PERF-01768,Maison Francis Kurkdjian,Nicho,Oud Cashmere Mood,EDP/EDT/Parfum (verificar),,,MAISON-F-OUD-CASHMERE-MOOD-1767,,Catálogo de la casa / referencia de catálogo,,,,,,Referencia — revisar antes de publicar,
PERF-01769,Maison Francis Kurkdjian,Nicho,Oud Extrait,EDP/EDT/Parfum (verificar),,,MAISON-F-OUD-EXTRAIT-1768,,Catálogo de la casa / referencia de catálogo,,,,,,Referencia — revisar antes de publicar,
PERF-01770,Maison Francis Kurkdjian,Nicho,Kurky,EDP/EDT/Parfum (verificar),,,MAISON-F-KURKY-1769,,Catálogo de la casa / referencia de catálogo,,,,,,Referencia — revisar antes de publicar,
PERF-01771,Maison Francis Kurkdjian,Nicho,A La Rose,EDP/EDT/Parfum (verificar),,,MAISON-F-A-LA-ROSE-1770,,Catálogo de la casa / referencia de catálogo,,,,,,Referencia — revisar antes de publicar,
PERF-01772,Maison Francis Kurkdjian,Nicho,APOM Homme,EDP/EDT/Parfum (verificar),,,MAISON-F-APOM-HOMME-1771,,Catálogo de la casa / referencia de catálogo,,,,,,Referencia — revisar antes de publicar,
PERF-01773,Maison Francis Kurkdjian,Nicho,APOM Femme,EDP/EDT/Parfum (verificar),,,MAISON-F-APOM-FEMME-1772,,Catálogo de la casa / referencia de catálogo,,,,,,Referencia — revisar antes de publicar,
PERF-01774,Maison Francis Kurkdjian,Nicho,724 Cologne Forte,EDP/EDT/Parfum (verificar),,,MAISON-F-724-COLOGNE-FORTE-1773,,Catálogo de la casa / referencia de catálogo,,,,,,Referencia — revisar antes de publicar,
PERF-01775,Maison Francis Kurkdjian,Nicho,Grand Soir Extrait,EDP/EDT/Parfum (verificar),,,MAISON-F-GRAND-SOIR-EXTRAIT-1774,,Catálogo de la casa / referencia de catálogo,,,,,,Referencia — revisar antes de publicar,
PERF-01776,Maison Francis Kurkdjian,Nicho,Baccarat Rouge 540 Cologne Forte,EDP/EDT/Parfum (verificar),,,MAISON-F-BACCARAT-ROUGE-540-COLOG-1775,,Catálogo de la casa / referencia de catálogo,,,,,,Referencia — revisar antes de publicar,
PERF-01777,Kilian Paris,Nicho,Angels' Share,EDP/EDT/Parfum (verificar),,,KILIAN-P-ANGELS-SHARE-1776,,Catálogo de la casa / referencia de catálogo,,,,,,Referencia — revisar antes de publicar,
PERF-01778,Kilian Paris,Nicho,"Love, Don't Be Shy",EDP/EDT/Parfum (verificar),,,KILIAN-P-LOVE-DON-T-BE-SHY-1777,,Catálogo de la casa / referencia de catálogo,,,,,,Referencia — revisar antes de publicar,
PERF-01779,Kilian Paris,Nicho,"Love, Don't Be Shy Extreme",EDP/EDT/Parfum (verificar),,,KILIAN-P-LOVE-DON-T-BE-SHY-EXTREM-1778,,Catálogo de la casa / referencia de catálogo,,,,,,Referencia — revisar antes de publicar,
PERF-01780,Kilian Paris,Nicho,Black Phantom,EDP/EDT/Parfum (verificar),,,KILIAN-P-BLACK-PHANTOM-1779,,Catálogo de la casa / referencia de catálogo,,,,,,Referencia — revisar antes de publicar,
PERF-01781,Kilian Paris,Nicho,Straight to Heaven,EDP/EDT/Parfum (verificar),,,KILIAN-P-STRAIGHT-TO-HEAVEN-1780,,Catálogo de la casa / referencia de catálogo,,,,,,Referencia — revisar antes de publicar,
PERF-01782,Kilian Paris,Nicho,Straight to Heaven Extreme,EDP/EDT/Parfum (verificar),,,KILIAN-P-STRAIGHT-TO-HEAVEN-EXTRE-1781,,Catálogo de la casa / referencia de catálogo,,,,,,Referencia — revisar antes de publicar,
PERF-01783,Kilian Paris,Nicho,Good Girl Gone Bad,EDP/EDT/Parfum (verificar),,,KILIAN-P-GOOD-GIRL-GONE-BAD-1782,,Catálogo de la casa / referencia de catálogo,,,,,,Referencia — revisar antes de publicar,
PERF-01784,Kilian Paris,Nicho,Good Girl Gone Bad Extreme,EDP/EDT/Parfum (verificar),,,KILIAN-P-GOOD-GIRL-GONE-BAD-EXTRE-1783,,Catálogo de la casa / referencia de catálogo,,,,,,Referencia — revisar antes de publicar,
PERF-01785,Kilian Paris,Nicho,Intoxicated,EDP/EDT/Parfum (verificar),,,KILIAN-P-INTOXICATED-1784,,Catálogo de la casa / referencia de catálogo,,,,,,Referencia — revisar antes de publicar,
PERF-01786,Kilian Paris,Nicho,Apple Brandy on the Rocks,EDP/EDT/Parfum (verificar),,,KILIAN-P-APPLE-BRANDY-ON-THE-ROCK-1785,,Catálogo de la casa / referencia de catálogo,,,,,,Referencia — revisar antes de publicar,
PERF-01787,Kilian Paris,Nicho,Apple Brandy,EDP/EDT/Parfum (verificar),,,KILIAN-P-APPLE-BRANDY-1786,,Catálogo de la casa / referencia de catálogo,,,,,,Referencia — revisar antes de publicar,
PERF-01788,Kilian Paris,Nicho,Roses on Ice,EDP/EDT/Parfum (verificar),,,KILIAN-P-ROSES-ON-ICE-1787,,Catálogo de la casa / referencia de catálogo,,,,,,Referencia — revisar antes de publicar,
PERF-01789,Kilian Paris,Nicho,Smoking Hot,EDP/EDT/Parfum (verificar),,,KILIAN-P-SMOKING-HOT-1788,,Catálogo de la casa / referencia de catálogo,,,,,,Referencia — revisar antes de publicar,
PERF-01790,Kilian Paris,Nicho,Vodka on the Rocks,EDP/EDT/Parfum (verificar),,,KILIAN-P-VODKA-ON-THE-ROCKS-1789,,Catálogo de la casa / referencia de catálogo,,,,,,Referencia — revisar antes de publicar,
PERF-01791,Kilian Paris,Nicho,Rolling in Love,EDP/EDT/Parfum (verificar),,,KILIAN-P-ROLLING-IN-LOVE-1790,,Catálogo de la casa / referencia de catálogo,,,,,,Referencia — revisar antes de publicar,
PERF-01792,Kilian Paris,Nicho,Moonlight in Heaven,EDP/EDT/Parfum (verificar),,,KILIAN-P-MOONLIGHT-IN-HEAVEN-1791,,Catálogo de la casa / referencia de catálogo,,,,,,Referencia — revisar antes de publicar,
PERF-01793,Kilian Paris,Nicho,Moonlight in Heaven Extrait,EDP/EDT/Parfum (verificar),,,KILIAN-P-MOONLIGHT-IN-HEAVEN-EXTR-1792,,Catálogo de la casa / referencia de catálogo,,,,,,Referencia — revisar antes de publicar,
PERF-01794,Kilian Paris,Nicho,Old Fashioned,EDP/EDT/Parfum (verificar),,,KILIAN-P-OLD-FASHIONED-1793,,Catálogo de la casa / referencia de catálogo,,,,,,Referencia — revisar antes de publicar,
PERF-01795,Kilian Paris,Nicho,Can't Stop Loving You,EDP/EDT/Parfum (verificar),,,KILIAN-P-CAN-T-STOP-LOVING-YOU-1794,,Catálogo de la casa / referencia de catálogo,,,,,,Referencia — revisar antes de publicar,
PERF-01796,Kilian Paris,Nicho,Playing With the Devil,EDP/EDT/Parfum (verificar),,,KILIAN-P-PLAYING-WITH-THE-DEVIL-1795,,Catálogo de la casa / referencia de catálogo,,,,,,Referencia — revisar antes de publicar,
PERF-01797,Kilian Paris,Nicho,Playing With the Devil Extreme,EDP/EDT/Parfum (verificar),,,KILIAN-P-PLAYING-WITH-THE-DEVIL-E-1796,,Catálogo de la casa / referencia de catálogo,,,,,,Referencia — revisar antes de publicar,
PERF-01798,Kilian Paris,Nicho,Back to Black,EDP/EDT/Parfum (verificar),,,KILIAN-P-BACK-TO-BLACK-1797,,Catálogo de la casa / referencia de catálogo,,,,,,Referencia — revisar antes de publicar,
PERF-01799,Kilian Paris,Nicho,Black Phantom Memento Mori,EDP/EDT/Parfum (verificar),,,KILIAN-P-BLACK-PHANTOM-MEMENTO-MO-1798,,Catálogo de la casa / referencia de catálogo,,,,,,Referencia — revisar antes de publicar,
PERF-01800,Kilian Paris,Nicho,Musk Oud,EDP/EDT/Parfum (verificar),,,KILIAN-P-MUSK-OUD-1799,,Catálogo de la casa / referencia de catálogo,,,,,,Referencia — revisar antes de publicar,
PERF-01801,Kilian Paris,Nicho,Gold Knight,EDP/EDT/Parfum (verificar),,,KILIAN-P-GOLD-KNIGHT-1800,,Catálogo de la casa / referencia de catálogo,,,,,,Referencia — revisar antes de publicar,
PERF-01802,Kilian Paris,Nicho,Bamboo Harmony,EDP/EDT/Parfum (verificar),,,KILIAN-P-BAMBOO-HARMONY-1801,,Catálogo de la casa / referencia de catálogo,,,,,,Referencia — revisar antes de publicar,
PERF-01803,Kilian Paris,Nicho,Flower of Immortality,EDP/EDT/Parfum (verificar),,,KILIAN-P-FLOWER-OF-IMMORTALITY-1802,,Catálogo de la casa / referencia de catálogo,,,,,,Referencia — revisar antes de publicar,
PERF-01804,Kilian Paris,Nicho,Forbidden Games,EDP/EDT/Parfum (verificar),,,KILIAN-P-FORBIDDEN-GAMES-1803,,Catálogo de la casa / referencia de catálogo,,,,,,Referencia — revisar antes de publicar,
PERF-01805,Kilian Paris,Nicho,Woman in Gold,EDP/EDT/Parfum (verificar),,,KILIAN-P-WOMAN-IN-GOLD-1804,,Catálogo de la casa / referencia de catálogo,,,,,,Referencia — revisar antes de publicar,
PERF-01806,Kilian Paris,Nicho,I Don't Need a Prince by My Side,EDP/EDT/Parfum (verificar),,,KILIAN-P-I-DON-T-NEED-A-PRINCE-BY-1805,,Catálogo de la casa / referencia de catálogo,,,,,,Referencia — revisar antes de publicar,
PERF-01807,Kilian Paris,Nicho,Princess,EDP/EDT/Parfum (verificar),,,KILIAN-P-PRINCESS-1806,,Catálogo de la casa / referencia de catálogo,,,,,,Referencia — revisar antes de publicar,
PERF-01808,Kilian Paris,Nicho,Princess Eau Fraîche,EDP/EDT/Parfum (verificar),,,KILIAN-P-PRINCESS-EAU-FRA-CHE-1807,,Catálogo de la casa / referencia de catálogo,,,,,,Referencia — revisar antes de publicar,
PERF-01809,Kilian Paris,Nicho,Voulez-Vous Coucher Avec Moi,EDP/EDT/Parfum (verificar),,,KILIAN-P-VOULEZ-VOUS-COUCHER-AVEC-1808,,Catálogo de la casa / referencia de catálogo,,,,,,Referencia — revisar antes de publicar,
PERF-01810,Kilian Paris,Nicho,Good Girl Gone Bad by Kilian,EDP/EDT/Parfum (verificar),,,KILIAN-P-GOOD-GIRL-GONE-BAD-BY-KI-1809,,Catálogo de la casa / referencia de catálogo,,,,,,Referencia — revisar antes de publicar,
PERF-01811,Montale,Nicho,Arabians Tonka,EDP/EDT/Parfum (verificar),,,MONTALE-ARABIANS-TONKA-1810,,Catálogo de la casa / referencia de catálogo,,,,,,Referencia — revisar antes de publicar,
PERF-01812,Montale,Nicho,Arabians,EDP/EDT/Parfum (verificar),,,MONTALE-ARABIANS-1811,,Catálogo de la casa / referencia de catálogo,,,,,,Referencia — revisar antes de publicar,
PERF-01813,Montale,Nicho,Intense Café,EDP/EDT/Parfum (verificar),,,MONTALE-INTENSE-CAF-1812,,Catálogo de la casa / referencia de catálogo,,,,,,Referencia — revisar antes de publicar,
PERF-01814,Montale,Nicho,Roses Musk,EDP/EDT/Parfum (verificar),,,MONTALE-ROSES-MUSK-1813,,Catálogo de la casa / referencia de catálogo,,,,,,Referencia — revisar antes de publicar,
PERF-01815,Montale,Nicho,Chocolate Greedy,EDP/EDT/Parfum (verificar),,,MONTALE-CHOCOLATE-GREEDY-1814,,Catálogo de la casa / referencia de catálogo,,,,,,Referencia — revisar antes de publicar,
PERF-01816,Montale,Nicho,Black Aoud,EDP/EDT/Parfum (verificar),,,MONTALE-BLACK-AOUD-1815,,Catálogo de la casa / referencia de catálogo,,,,,,Referencia — revisar antes de publicar,
PERF-01817,Montale,Nicho,Oud Tobacco,EDP/EDT/Parfum (verificar),,,MONTALE-OUD-TOBACCO-1816,,Catálogo de la casa / referencia de catálogo,,,,,,Referencia — revisar antes de publicar,
PERF-01818,Montale,Nicho,Oudmazing,EDP/EDT/Parfum (verificar),,,MONTALE-OUDMAZING-1817,,Catálogo de la casa / referencia de catálogo,,,,,,Referencia — revisar antes de publicar,
PERF-01819,Montale,Nicho,Honey Aoud,EDP/EDT/Parfum (verificar),,,MONTALE-HONEY-AOUD-1818,,Catálogo de la casa / referencia de catálogo,,,,,,Referencia — revisar antes de publicar,
PERF-01820,Montale,Nicho,Red Aoud,EDP/EDT/Parfum (verificar),,,MONTALE-RED-AOUD-1819,,Catálogo de la casa / referencia de catálogo,,,,,,Referencia — revisar antes de publicar,
PERF-01821,Montale,Nicho,Starry Nights,EDP/EDT/Parfum (verificar),,,MONTALE-STARRY-NIGHTS-1820,,Catálogo de la casa / referencia de catálogo,,,,,,Referencia — revisar antes de publicar,
PERF-01822,Montale,Nicho,Vanilla Cake,EDP/EDT/Parfum (verificar),,,MONTALE-VANILLA-CAKE-1821,,Catálogo de la casa / referencia de catálogo,,,,,,Referencia — revisar antes de publicar,
PERF-01823,Montale,Nicho,Aoud Night,EDP/EDT/Parfum (verificar),,,MONTALE-AOUD-NIGHT-1822,,Catálogo de la casa / referencia de catálogo,,,,,,Referencia — revisar antes de publicar,
PERF-01824,Montale,Nicho,Aoud Lemon Mint,EDP/EDT/Parfum (verificar),,,MONTALE-AOUD-LEMON-MINT-1823,,Catálogo de la casa / referencia de catálogo,,,,,,Referencia — revisar antes de publicar,
PERF-01825,Montale,Nicho,Aoud Musk,EDP/EDT/Parfum (verificar),,,MONTALE-AOUD-MUSK-1824,,Catálogo de la casa / referencia de catálogo,,,,,,Referencia — revisar antes de publicar,
PERF-01826,Montale,Nicho,Aoud Safran,EDP/EDT/Parfum (verificar),,,MONTALE-AOUD-SAFRAN-1825,,Catálogo de la casa / referencia de catálogo,,,,,,Referencia — revisar antes de publicar,
PERF-01827,Montale,Nicho,Aoud Damascus,EDP/EDT/Parfum (verificar),,,MONTALE-AOUD-DAMASCUS-1826,,Catálogo de la casa / referencia de catálogo,,,,,,Referencia — revisar antes de publicar,
PERF-01828,Montale,Nicho,Aoud Queen Roses,EDP/EDT/Parfum (verificar),,,MONTALE-AOUD-QUEEN-ROSES-1827,,Catálogo de la casa / referencia de catálogo,,,,,,Referencia — revisar antes de publicar,
PERF-01829,Montale,Nicho,Roses Elixir,EDP/EDT/Parfum (verificar),,,MONTALE-ROSES-ELIXIR-1828,,Catálogo de la casa / referencia de catálogo,,,,,,Referencia — revisar antes de publicar,
PERF-01830,Montale,Nicho,Roses Vanille,EDP/EDT/Parfum (verificar),,,MONTALE-ROSES-VANILLE-1829,,Catálogo de la casa / referencia de catálogo,,,,,,Referencia — revisar antes de publicar,
PERF-01831,Montale,Nicho,Ristretto Intense Café,EDP/EDT/Parfum (verificar),,,MONTALE-RISTRETTO-INTENSE-CAF-1830,,Catálogo de la casa / referencia de catálogo,,,,,,Referencia — revisar antes de publicar,
PERF-01832,Montale,Nicho,Mancera Roses Vanille,EDP/EDT/Parfum (verificar),,,MONTALE-MANCERA-ROSES-VANILLE-1831,,Catálogo de la casa / referencia de catálogo,,,,,,Referencia — revisar antes de publicar,
PERF-01833,Montale,Nicho,Mango Manga,EDP/EDT/Parfum (verificar),,,MONTALE-MANGO-MANGA-1832,,Catálogo de la casa / referencia de catálogo,,,,,,Referencia — revisar antes de publicar,
PERF-01834,Montale,Nicho,Fruity Honey,EDP/EDT/Parfum (verificar),,,MONTALE-FRUITY-HONEY-1833,,Catálogo de la casa / referencia de catálogo,,,,,,Referencia — revisar antes de publicar,
PERF-01835,Montale,Nicho,Sweet Vanilla,EDP/EDT/Parfum (verificar),,,MONTALE-SWEET-VANILLA-1834,,Catálogo de la casa / referencia de catálogo,,,,,,Referencia — revisar antes de publicar,
PERF-01836,Montale,Nicho,Vanilla Extasy,EDP/EDT/Parfum (verificar),,,MONTALE-VANILLA-EXTASY-1835,,Catálogo de la casa / referencia de catálogo,,,,,,Referencia — revisar antes de publicar,
PERF-01837,Montale,Nicho,Wood & Spices,EDP/EDT/Parfum (verificar),,,MONTALE-WOOD-SPICES-1836,,Catálogo de la casa / referencia de catálogo,,,,,,Referencia — revisar antes de publicar,
PERF-01838,Montale,Nicho,Blue Matcha,EDP/EDT/Parfum (verificar),,,MONTALE-BLUE-MATCHA-1837,,Catálogo de la casa / referencia de catálogo,,,,,,Referencia — revisar antes de publicar,
PERF-01839,Montale,Nicho,Oud Dream,EDP/EDT/Parfum (verificar),,,MONTALE-OUD-DREAM-1838,,Catálogo de la casa / referencia de catálogo,,,,,,Referencia — revisar antes de publicar,
PERF-01840,Montale,Nicho,Oud Pashmina,EDP/EDT/Parfum (verificar),,,MONTALE-OUD-PASHMINA-1839,,Catálogo de la casa / referencia de catálogo,,,,,,Referencia — revisar antes de publicar,
PERF-01841,Montale,Nicho,Dark Purple,EDP/EDT/Parfum (verificar),,,MONTALE-DARK-PURPLE-1840,,Catálogo de la casa / referencia de catálogo,,,,,,Referencia — revisar antes de publicar,
PERF-01842,Montale,Nicho,Crazy in Love,EDP/EDT/Parfum (verificar),,,MONTALE-CRAZY-IN-LOVE-1841,,Catálogo de la casa / referencia de catálogo,,,,,,Referencia — revisar antes de publicar,
PERF-01843,Montale,Nicho,Nepal Aoud,EDP/EDT/Parfum (verificar),,,MONTALE-NEPAL-AOUD-1842,,Catálogo de la casa / referencia de catálogo,,,,,,Referencia — revisar antes de publicar,
PERF-01844,Montale,Nicho,Mukallat,EDP/EDT/Parfum (verificar),,,MONTALE-MUKALLAT-1843,,Catálogo de la casa / referencia de catálogo,,,,,,Referencia — revisar antes de publicar,
PERF-01845,Montale,Nicho,Oudrising,EDP/EDT/Parfum (verificar),,,MONTALE-OUDRISING-1844,,Catálogo de la casa / referencia de catálogo,,,,,,Referencia — revisar antes de publicar,
PERF-01846,Montale,Nicho,Soleil de Capri,EDP/EDT/Parfum (verificar),,,MONTALE-SOLEIL-DE-CAPRI-1845,,Catálogo de la casa / referencia de catálogo,,,,,,Referencia — revisar antes de publicar,
PERF-01847,Montale,Nicho,Pure Gold,EDP/EDT/Parfum (verificar),,,MONTALE-PURE-GOLD-1846,,Catálogo de la casa / referencia de catálogo,,,,,,Referencia — revisar antes de publicar,
PERF-01848,Montale,Nicho,Golden Sand,EDP/EDT/Parfum (verificar),,,MONTALE-GOLDEN-SAND-1847,,Catálogo de la casa / referencia de catálogo,,,,,,Referencia — revisar antes de publicar,
PERF-01849,Montale,Nicho,Intense Tiare,EDP/EDT/Parfum (verificar),,,MONTALE-INTENSE-TIARE-1848,,Catálogo de la casa / referencia de catálogo,,,,,,Referencia — revisar antes de publicar,
PERF-01850,Montale,Nicho,Oud Edition,EDP/EDT/Parfum (verificar),,,MONTALE-OUD-EDITION-1849,,Catálogo de la casa / referencia de catálogo,,,,,,Referencia — revisar antes de publicar,
PERF-01851,Frederic Malle,Nicho,Portrait of a Lady,EDP/EDT/Parfum (verificar),,,FREDERIC-PORTRAIT-OF-A-LADY-1850,,Catálogo de la casa / referencia de catálogo,,,,,,Referencia — revisar antes de publicar,
PERF-01852,Frederic Malle,Nicho,Musc Ravageur,EDP/EDT/Parfum (verificar),,,FREDERIC-MUSC-RAVAGEUR-1851,,Catálogo de la casa / referencia de catálogo,,,,,,Referencia — revisar antes de publicar,
PERF-01853,Frederic Malle,Nicho,French Lover,EDP/EDT/Parfum (verificar),,,FREDERIC-FRENCH-LOVER-1852,,Catálogo de la casa / referencia de catálogo,,,,,,Referencia — revisar antes de publicar,
PERF-01854,Frederic Malle,Nicho,Carnal Flower,EDP/EDT/Parfum (verificar),,,FREDERIC-CARNAL-FLOWER-1853,,Catálogo de la casa / referencia de catálogo,,,,,,Referencia — revisar antes de publicar,
PERF-01855,Frederic Malle,Nicho,Musc Oud,EDP/EDT/Parfum (verificar),,,FREDERIC-MUSC-OUD-1854,,Catálogo de la casa / referencia de catálogo,,,,,,Referencia — revisar antes de publicar,
PERF-01856,Frederic Malle,Nicho,The Moon,EDP/EDT/Parfum (verificar),,,FREDERIC-THE-MOON-1855,,Catálogo de la casa / referencia de catálogo,,,,,,Referencia — revisar antes de publicar,
PERF-01857,Frederic Malle,Nicho,En Passant,EDP/EDT/Parfum (verificar),,,FREDERIC-EN-PASSANT-1856,,Catálogo de la casa / referencia de catálogo,,,,,,Referencia — revisar antes de publicar,
PERF-01858,Frederic Malle,Nicho,Bigarade Concentrée,EDP/EDT/Parfum (verificar),,,FREDERIC-BIGARADE-CONCENTR-E-1857,,Catálogo de la casa / referencia de catálogo,,,,,,Referencia — revisar antes de publicar,
PERF-01859,Frederic Malle,Nicho,Vetiver Extraordinaire,EDP/EDT/Parfum (verificar),,,FREDERIC-VETIVER-EXTRAORDINAIRE-1858,,Catálogo de la casa / referencia de catálogo,,,,,,Referencia — revisar antes de publicar,
PERF-01860,Frederic Malle,Nicho,Promise,EDP/EDT/Parfum (verificar),,,FREDERIC-PROMISE-1859,,Catálogo de la casa / referencia de catálogo,,,,,,Referencia — revisar antes de publicar,
PERF-01861,Frederic Malle,Nicho,Lys Méditerranée,EDP/EDT/Parfum (verificar),,,FREDERIC-LYS-M-DITERRAN-E-1860,,Catálogo de la casa / referencia de catálogo,,,,,,Referencia — revisar antes de publicar,
PERF-01862,Frederic Malle,Nicho,Uncut Gem,EDP/EDT/Parfum (verificar),,,FREDERIC-UNCUT-GEM-1861,,Catálogo de la casa / referencia de catálogo,,,,,,Referencia — revisar antes de publicar,
PERF-01863,Frederic Malle,Nicho,Synthetic Jungle,EDP/EDT/Parfum (verificar),,,FREDERIC-SYNTHETIC-JUNGLE-1862,,Catálogo de la casa / referencia de catálogo,,,,,,Referencia — revisar antes de publicar,
PERF-01864,Frederic Malle,Nicho,Monsieur,EDP/EDT/Parfum (verificar),,,FREDERIC-MONSIEUR-1863,,Catálogo de la casa / referencia de catálogo,,,,,,Referencia — revisar antes de publicar,
PERF-01865,Frederic Malle,Nicho,Monsieur Eau de Parfum,EDP/EDT/Parfum (verificar),,,FREDERIC-MONSIEUR-EAU-DE-PARFUM-1864,,Catálogo de la casa / referencia de catálogo,,,,,,Referencia — revisar antes de publicar,
PERF-01866,Frederic Malle,Nicho,Musc Ravageur Cologne,EDP/EDT/Parfum (verificar),,,FREDERIC-MUSC-RAVAGEUR-COLOGNE-1865,,Catálogo de la casa / referencia de catálogo,,,,,,Referencia — revisar antes de publicar,
PERF-01867,Frederic Malle,Nicho,Dans Tes Bras,EDP/EDT/Parfum (verificar),,,FREDERIC-DANS-TES-BRAS-1866,,Catálogo de la casa / referencia de catálogo,,,,,,Referencia — revisar antes de publicar,
PERF-01868,Frederic Malle,Nicho,Music for a While,EDP/EDT/Parfum (verificar),,,FREDERIC-MUSIC-FOR-A-WHILE-1867,,Catálogo de la casa / referencia de catálogo,,,,,,Referencia — revisar antes de publicar,
PERF-01869,Frederic Malle,Nicho,Superstitious,EDP/EDT/Parfum (verificar),,,FREDERIC-SUPERSTITIOUS-1868,,Catálogo de la casa / referencia de catálogo,,,,,,Referencia — revisar antes de publicar,
PERF-01870,Frederic Malle,Nicho,Lipstick Rose,EDP/EDT/Parfum (verificar),,,FREDERIC-LIPSTICK-ROSE-1869,,Catálogo de la casa / referencia de catálogo,,,,,,Referencia — revisar antes de publicar,
PERF-01871,Frederic Malle,Nicho,Une Fleur de Cassie,EDP/EDT/Parfum (verificar),,,FREDERIC-UNE-FLEUR-DE-CASSIE-1870,,Catálogo de la casa / referencia de catálogo,,,,,,Referencia — revisar antes de publicar,
PERF-01872,Frederic Malle,Nicho,Iris Poudre,EDP/EDT/Parfum (verificar),,,FREDERIC-IRIS-POUDRE-1871,,Catálogo de la casa / referencia de catálogo,,,,,,Referencia — revisar antes de publicar,
PERF-01873,Frederic Malle,Nicho,L'Eau d'Hiver,EDP/EDT/Parfum (verificar),,,FREDERIC-L-EAU-D-HIVER-1872,,Catálogo de la casa / referencia de catálogo,,,,,,Referencia — revisar antes de publicar,
PERF-01874,Frederic Malle,Nicho,Cologne Bigarade,EDP/EDT/Parfum (verificar),,,FREDERIC-COLOGNE-BIGARADE-1873,,Catálogo de la casa / referencia de catálogo,,,,,,Referencia — revisar antes de publicar,
PERF-01875,Frederic Malle,Nicho,Geranium Pour Monsieur,EDP/EDT/Parfum (verificar),,,FREDERIC-GERANIUM-POUR-MONSIEUR-1874,,Catálogo de la casa / referencia de catálogo,,,,,,Referencia — revisar antes de publicar,
PERF-01876,Frederic Malle,Nicho,Angéliques Sous La Pluie,EDP/EDT/Parfum (verificar),,,FREDERIC-ANG-LIQUES-SOUS-LA-PLUIE-1875,,Catálogo de la casa / referencia de catálogo,,,,,,Referencia — revisar antes de publicar,
PERF-01877,Frederic Malle,Nicho,Rose & Cuir,EDP/EDT/Parfum (verificar),,,FREDERIC-ROSE-CUIR-1876,,Catálogo de la casa / referencia de catálogo,,,,,,Referencia — revisar antes de publicar,
PERF-01878,Frederic Malle,Nicho,The Night,EDP/EDT/Parfum (verificar),,,FREDERIC-THE-NIGHT-1877,,Catálogo de la casa / referencia de catálogo,,,,,,Referencia — revisar antes de publicar,
PERF-01879,Frederic Malle,Nicho,The Dawn,EDP/EDT/Parfum (verificar),,,FREDERIC-THE-DAWN-1878,,Catálogo de la casa / referencia de catálogo,,,,,,Referencia — revisar antes de publicar,
PERF-01880,Frederic Malle,Nicho,Heaven Can Wait,EDP/EDT/Parfum (verificar),,,FREDERIC-HEAVEN-CAN-WAIT-1879,,Catálogo de la casa / referencia de catálogo,,,,,,Referencia — revisar antes de publicar,
PERF-01881,Frederic Malle,Nicho,Outrageous,EDP/EDT/Parfum (verificar),,,FREDERIC-OUTRAGEOUS-1880,,Catálogo de la casa / referencia de catálogo,,,,,,Referencia — revisar antes de publicar,
PERF-01882,Frederic Malle,Nicho,French Lover Extreme,EDP/EDT/Parfum (verificar),,,FREDERIC-FRENCH-LOVER-EXTREME-1881,,Catálogo de la casa / referencia de catálogo,,,,,,Referencia — revisar antes de publicar,
PERF-01883,Frederic Malle,Nicho,Carnal Flower Hair Mist,EDP/EDT/Parfum (verificar),,,FREDERIC-CARNAL-FLOWER-HAIR-MIST-1882,,Catálogo de la casa / referencia de catálogo,,,,,,Referencia — revisar antes de publicar,
PERF-01884,Diptyque,Nicho,Philosykos,EDP/EDT/Parfum (verificar),,,DIPTYQUE-PHILOSYKOS-1883,,Catálogo de la casa / referencia de catálogo,,,,,,Referencia — revisar antes de publicar,
PERF-01885,Diptyque,Nicho,Eau Rose,EDP/EDT/Parfum (verificar),,,DIPTYQUE-EAU-ROSE-1884,,Catálogo de la casa / referencia de catálogo,,,,,,Referencia — revisar antes de publicar,
PERF-01886,Diptyque,Nicho,Do Son,EDP/EDT/Parfum (verificar),,,DIPTYQUE-DO-SON-1885,,Catálogo de la casa / referencia de catálogo,,,,,,Referencia — revisar antes de publicar,
PERF-01887,Diptyque,Nicho,Orphéon,EDP/EDT/Parfum (verificar),,,DIPTYQUE-ORPH-ON-1886,,Catálogo de la casa / referencia de catálogo,,,,,,Referencia — revisar antes de publicar,
PERF-01888,Diptyque,Nicho,Tam Dao,EDP/EDT/Parfum (verificar),,,DIPTYQUE-TAM-DAO-1887,,Catálogo de la casa / referencia de catálogo,,,,,,Referencia — revisar antes de publicar,
PERF-01889,Diptyque,Nicho,Fleur de Peau,EDP/EDT/Parfum (verificar),,,DIPTYQUE-FLEUR-DE-PEAU-1888,,Catálogo de la casa / referencia de catálogo,,,,,,Referencia — revisar antes de publicar,
PERF-01890,Diptyque,Nicho,Eau Duelle,EDP/EDT/Parfum (verificar),,,DIPTYQUE-EAU-DUELLE-1889,,Catálogo de la casa / referencia de catálogo,,,,,,Referencia — revisar antes de publicar,
PERF-01891,Diptyque,Nicho,Eau Duelle EDT,EDP/EDT/Parfum (verificar),,,DIPTYQUE-EAU-DUELLE-EDT-1890,,Catálogo de la casa / referencia de catálogo,,,,,,Referencia — revisar antes de publicar,
PERF-01892,Diptyque,Nicho,Eau Duelle EDP,EDP/EDT/Parfum (verificar),,,DIPTYQUE-EAU-DUELLE-EDP-1891,,Catálogo de la casa / referencia de catálogo,,,,,,Referencia — revisar antes de publicar,
PERF-01893,Diptyque,Nicho,L'Ombre dans L'Eau,EDP/EDT/Parfum (verificar),,,DIPTYQUE-L-OMBRE-DANS-L-EAU-1892,,Catálogo de la casa / referencia de catálogo,,,,,,Referencia — revisar antes de publicar,
PERF-01894,Diptyque,Nicho,34 Boulevard Saint Germain,EDP/EDT/Parfum (verificar),,,DIPTYQUE-34-BOULEVARD-SAINT-GERMA-1893,,Catálogo de la casa / referencia de catálogo,,,,,,Referencia — revisar antes de publicar,
PERF-01895,Diptyque,Nicho,Baies,EDP/EDT/Parfum (verificar),,,DIPTYQUE-BAIES-1894,,Catálogo de la casa / referencia de catálogo,,,,,,Referencia — revisar antes de publicar,
PERF-01896,Diptyque,Nicho,Oyédo,EDP/EDT/Parfum (verificar),,,DIPTYQUE-OY-DO-1895,,Catálogo de la casa / referencia de catálogo,,,,,,Referencia — revisar antes de publicar,
PERF-01897,Diptyque,Nicho,Tempo,EDP/EDT/Parfum (verificar),,,DIPTYQUE-TEMPO-1896,,Catálogo de la casa / referencia de catálogo,,,,,,Referencia — revisar antes de publicar,
PERF-01898,Diptyque,Nicho,Volutes,EDP/EDT/Parfum (verificar),,,DIPTYQUE-VOLUTES-1897,,Catálogo de la casa / referencia de catálogo,,,,,,Referencia — revisar antes de publicar,
PERF-01899,Diptyque,Nicho,Eau Capitale,EDP/EDT/Parfum (verificar),,,DIPTYQUE-EAU-CAPITALE-1898,,Catálogo de la casa / referencia de catálogo,,,,,,Referencia — revisar antes de publicar,
PERF-01900,Diptyque,Nicho,Eau Moheli,EDP/EDT/Parfum (verificar),,,DIPTYQUE-EAU-MOHELI-1899,,Catálogo de la casa / referencia de catálogo,,,,,,Referencia — revisar antes de publicar,
PERF-01901,Diptyque,Nicho,Eau Nabati,EDP/EDT/Parfum (verificar),,,DIPTYQUE-EAU-NABATI-1900,,Catálogo de la casa / referencia de catálogo,,,,,,Referencia — revisar antes de publicar,
PERF-01902,Diptyque,Nicho,Eau de Minthe,EDP/EDT/Parfum (verificar),,,DIPTYQUE-EAU-DE-MINTHE-1901,,Catálogo de la casa / referencia de catálogo,,,,,,Referencia — revisar antes de publicar,
PERF-01903,Diptyque,Nicho,Vetyverio,EDP/EDT/Parfum (verificar),,,DIPTYQUE-VETYVERIO-1902,,Catálogo de la casa / referencia de catálogo,,,,,,Referencia — revisar antes de publicar,
PERF-01904,Diptyque,Nicho,Fleur Majeste,EDP/EDT/Parfum (verificar),,,DIPTYQUE-FLEUR-MAJESTE-1903,,Catálogo de la casa / referencia de catálogo,,,,,,Referencia — revisar antes de publicar,
PERF-01905,Diptyque,Nicho,Do Son EDT,EDP/EDT/Parfum (verificar),,,DIPTYQUE-DO-SON-EDT-1904,,Catálogo de la casa / referencia de catálogo,,,,,,Referencia — revisar antes de publicar,
PERF-01906,Diptyque,Nicho,Do Son EDP,EDP/EDT/Parfum (verificar),,,DIPTYQUE-DO-SON-EDP-1905,,Catálogo de la casa / referencia de catálogo,,,,,,Referencia — revisar antes de publicar,
PERF-01907,Diptyque,Nicho,Philosykos EDT,EDP/EDT/Parfum (verificar),,,DIPTYQUE-PHILOSYKOS-EDT-1906,,Catálogo de la casa / referencia de catálogo,,,,,,Referencia — revisar antes de publicar,
PERF-01908,Diptyque,Nicho,Philosykos EDP,EDP/EDT/Parfum (verificar),,,DIPTYQUE-PHILOSYKOS-EDP-1907,,Catálogo de la casa / referencia de catálogo,,,,,,Referencia — revisar antes de publicar,
PERF-01909,Diptyque,Nicho,Benjoin Bohème,EDP/EDT/Parfum (verificar),,,DIPTYQUE-BENJOIN-BOH-ME-1908,,Catálogo de la casa / referencia de catálogo,,,,,,Referencia — revisar antes de publicar,
PERF-01910,Diptyque,Nicho,Essences Insensées,EDP/EDT/Parfum (verificar),,,DIPTYQUE-ESSENCES-INSENS-ES-1909,,Catálogo de la casa / referencia de catálogo,,,,,,Referencia — revisar antes de publicar,
PERF-01911,Diptyque,Nicho,Ilio,EDP/EDT/Parfum (verificar),,,DIPTYQUE-ILIO-1910,,Catálogo de la casa / referencia de catálogo,,,,,,Referencia — revisar antes de publicar,
PERF-01912,Diptyque,Nicho,Lazulio,EDP/EDT/Parfum (verificar),,,DIPTYQUE-LAZULIO-1911,,Catálogo de la casa / referencia de catálogo,,,,,,Referencia — revisar antes de publicar,
PERF-01913,Diptyque,Nicho,L'Eau Papier,EDP/EDT/Parfum (verificar),,,DIPTYQUE-L-EAU-PAPIER-1912,,Catálogo de la casa / referencia de catálogo,,,,,,Referencia — revisar antes de publicar,
PERF-01914,Diptyque,Nicho,Orphéon EDP,EDP/EDT/Parfum (verificar),,,DIPTYQUE-ORPH-ON-EDP-1913,,Catálogo de la casa / referencia de catálogo,,,,,,Referencia — revisar antes de publicar,
PERF-01915,Diptyque,Nicho,Fleur de Peau EDP,EDP/EDT/Parfum (verificar),,,DIPTYQUE-FLEUR-DE-PEAU-EDP-1914,,Catálogo de la casa / referencia de catálogo,,,,,,Referencia — revisar antes de publicar,
PERF-01916,Roja Parfums,Nicho,Elysium Pour Homme,EDP/EDT/Parfum (verificar),,,ROJA-PAR-ELYSIUM-POUR-HOMME-1915,,Catálogo de la casa / referencia de catálogo,,,,,,Referencia — revisar antes de publicar,
PERF-01917,Roja Parfums,Nicho,Elysium Pour Homme Parfum Cologne,EDP/EDT/Parfum (verificar),,,ROJA-PAR-ELYSIUM-POUR-HOMME-PARFU-1916,,Catálogo de la casa / referencia de catálogo,,,,,,Referencia — revisar antes de publicar,
PERF-01918,Roja Parfums,Nicho,Elysium Pour Femme,EDP/EDT/Parfum (verificar),,,ROJA-PAR-ELYSIUM-POUR-FEMME-1917,,Catálogo de la casa / referencia de catálogo,,,,,,Referencia — revisar antes de publicar,
PERF-01919,Roja Parfums,Nicho,Enigma Pour Homme,EDP/EDT/Parfum (verificar),,,ROJA-PAR-ENIGMA-POUR-HOMME-1918,,Catálogo de la casa / referencia de catálogo,,,,,,Referencia — revisar antes de publicar,
PERF-01920,Roja Parfums,Nicho,Enigma Pour Homme Parfum Cologne,EDP/EDT/Parfum (verificar),,,ROJA-PAR-ENIGMA-POUR-HOMME-PARFUM-1919,,Catálogo de la casa / referencia de catálogo,,,,,,Referencia — revisar antes de publicar,
PERF-01921,Roja Parfums,Nicho,Enigma Pour Femme,EDP/EDT/Parfum (verificar),,,ROJA-PAR-ENIGMA-POUR-FEMME-1920,,Catálogo de la casa / referencia de catálogo,,,,,,Referencia — revisar antes de publicar,
PERF-01922,Roja Parfums,Nicho,Danger,EDP/EDT/Parfum (verificar),,,ROJA-PAR-DANGER-1921,,Catálogo de la casa / referencia de catálogo,,,,,,Referencia — revisar antes de publicar,
PERF-01923,Roja Parfums,Nicho,Danger Pour Homme,EDP/EDT/Parfum (verificar),,,ROJA-PAR-DANGER-POUR-HOMME-1922,,Catálogo de la casa / referencia de catálogo,,,,,,Referencia — revisar antes de publicar,
PERF-01924,Roja Parfums,Nicho,Creation-E,EDP/EDT/Parfum (verificar),,,ROJA-PAR-CREATION-E-1923,,Catálogo de la casa / referencia de catálogo,,,,,,Referencia — revisar antes de publicar,
PERF-01925,Roja Parfums,Nicho,Creation-E Parfum Cologne,EDP/EDT/Parfum (verificar),,,ROJA-PAR-CREATION-E-PARFUM-COLOGN-1924,,Catálogo de la casa / referencia de catálogo,,,,,,Referencia — revisar antes de publicar,
PERF-01926,Roja Parfums,Nicho,Burlington 1819,EDP/EDT/Parfum (verificar),,,ROJA-PAR-BURLINGTON-1819-1925,,Catálogo de la casa / referencia de catálogo,,,,,,Referencia — revisar antes de publicar,
PERF-01927,Roja Parfums,Nicho,Apex,EDP/EDT/Parfum (verificar),,,ROJA-PAR-APEX-1926,,Catálogo de la casa / referencia de catálogo,,,,,,Referencia — revisar antes de publicar,
PERF-01928,Roja Parfums,Nicho,Diaghilev,EDP/EDT/Parfum (verificar),,,ROJA-PAR-DIAGHILEV-1927,,Catálogo de la casa / referencia de catálogo,,,,,,Referencia — revisar antes de publicar,
PERF-01929,Roja Parfums,Nicho,Midsummer Dream,EDP/EDT/Parfum (verificar),,,ROJA-PAR-MIDSUMMER-DREAM-1928,,Catálogo de la casa / referencia de catálogo,,,,,,Referencia — revisar antes de publicar,
PERF-01930,Roja Parfums,Nicho,Scandal,EDP/EDT/Parfum (verificar),,,ROJA-PAR-SCANDAL-1929,,Catálogo de la casa / referencia de catálogo,,,,,,Referencia — revisar antes de publicar,
PERF-01931,Roja Parfums,Nicho,Scandal Pour Homme,EDP/EDT/Parfum (verificar),,,ROJA-PAR-SCANDAL-POUR-HOMME-1930,,Catálogo de la casa / referencia de catálogo,,,,,,Referencia — revisar antes de publicar,
PERF-01932,Roja Parfums,Nicho,Scandal Pour Femme,EDP/EDT/Parfum (verificar),,,ROJA-PAR-SCANDAL-POUR-FEMME-1931,,Catálogo de la casa / referencia de catálogo,,,,,,Referencia — revisar antes de publicar,
PERF-01933,Roja Parfums,Nicho,Vetiver,EDP/EDT/Parfum (verificar),,,ROJA-PAR-VETIVER-1932,,Catálogo de la casa / referencia de catálogo,,,,,,Referencia — revisar antes de publicar,
PERF-01934,Roja Parfums,Nicho,Vetiver Pour Homme,EDP/EDT/Parfum (verificar),,,ROJA-PAR-VETIVER-POUR-HOMME-1933,,Catálogo de la casa / referencia de catálogo,,,,,,Referencia — revisar antes de publicar,
PERF-01935,Roja Parfums,Nicho,Isola Blu,EDP/EDT/Parfum (verificar),,,ROJA-PAR-ISOLA-BLU-1934,,Catálogo de la casa / referencia de catálogo,,,,,,Referencia — revisar antes de publicar,
PERF-01936,Roja Parfums,Nicho,Oceania,EDP/EDT/Parfum (verificar),,,ROJA-PAR-OCEANIA-1935,,Catálogo de la casa / referencia de catálogo,,,,,,Referencia — revisar antes de publicar,
PERF-01937,Roja Parfums,Nicho,Amber Aoud,EDP/EDT/Parfum (verificar),,,ROJA-PAR-AMBER-AOUD-1936,,Catálogo de la casa / referencia de catálogo,,,,,,Referencia — revisar antes de publicar,
PERF-01938,Roja Parfums,Nicho,Aoud,EDP/EDT/Parfum (verificar),,,ROJA-PAR-AOUD-1937,,Catálogo de la casa / referencia de catálogo,,,,,,Referencia — revisar antes de publicar,
PERF-01939,Roja Parfums,Nicho,Musk Aoud,EDP/EDT/Parfum (verificar),,,ROJA-PAR-MUSK-AOUD-1938,,Catálogo de la casa / referencia de catálogo,,,,,,Referencia — revisar antes de publicar,
PERF-01940,Roja Parfums,Nicho,Sweetie Aoud,EDP/EDT/Parfum (verificar),,,ROJA-PAR-SWEETIE-AOUD-1939,,Catálogo de la casa / referencia de catálogo,,,,,,Referencia — revisar antes de publicar,
PERF-01941,Roja Parfums,Nicho,Great Britain,EDP/EDT/Parfum (verificar),,,ROJA-PAR-GREAT-BRITAIN-1940,,Catálogo de la casa / referencia de catálogo,,,,,,Referencia — revisar antes de publicar,
PERF-01942,Roja Parfums,Nicho,Elixir,EDP/EDT/Parfum (verificar),,,ROJA-PAR-ELIXIR-1941,,Catálogo de la casa / referencia de catálogo,,,,,,Referencia — revisar antes de publicar,
PERF-01943,Roja Parfums,Nicho,Taif Aoud,EDP/EDT/Parfum (verificar),,,ROJA-PAR-TAIF-AOUD-1942,,Catálogo de la casa / referencia de catálogo,,,,,,Referencia — revisar antes de publicar,
PERF-01944,Roja Parfums,Nicho,Elysium Eau Intense,EDP/EDT/Parfum (verificar),,,ROJA-PAR-ELYSIUM-EAU-INTENSE-1943,,Catálogo de la casa / referencia de catálogo,,,,,,Referencia — revisar antes de publicar,
PERF-01945,Roja Parfums,Nicho,Enigma Absolue,EDP/EDT/Parfum (verificar),,,ROJA-PAR-ENIGMA-ABSOLUE-1944,,Catálogo de la casa / referencia de catálogo,,,,,,Referencia — revisar antes de publicar,
PERF-01946,Roja Parfums,Nicho,Haute Parfumerie,EDP/EDT/Parfum (verificar),,,ROJA-PAR-HAUTE-PARFUMERIE-1945,,Catálogo de la casa / referencia de catálogo,,,,,,Referencia — revisar antes de publicar,
PERF-01947,Ex Nihilo,Nicho,Fleur Narcotique,EDP/EDT/Parfum (verificar),,,EX-NIHIL-FLEUR-NARCOTIQUE-1946,,Catálogo de la casa / referencia de catálogo,,,,,,Referencia — revisar antes de publicar,
PERF-01948,Ex Nihilo,Nicho,Lust in Paradise,EDP/EDT/Parfum (verificar),,,EX-NIHIL-LUST-IN-PARADISE-1947,,Catálogo de la casa / referencia de catálogo,,,,,,Referencia — revisar antes de publicar,
PERF-01949,Ex Nihilo,Nicho,Brompton Immortals,EDP/EDT/Parfum (verificar),,,EX-NIHIL-BROMPTON-IMMORTALS-1948,,Catálogo de la casa / referencia de catálogo,,,,,,Referencia — revisar antes de publicar,
PERF-01950,Ex Nihilo,Nicho,The Hedonist,EDP/EDT/Parfum (verificar),,,EX-NIHIL-THE-HEDONIST-1949,,Catálogo de la casa / referencia de catálogo,,,,,,Referencia — revisar antes de publicar,
PERF-01951,Ex Nihilo,Nicho,Blue Talisman,EDP/EDT/Parfum (verificar),,,EX-NIHIL-BLUE-TALISMAN-1950,,Catálogo de la casa / referencia de catálogo,,,,,,Referencia — revisar antes de publicar,
PERF-01952,Ex Nihilo,Nicho,Gold Immortals,EDP/EDT/Parfum (verificar),,,EX-NIHIL-GOLD-IMMORTALS-1951,,Catálogo de la casa / referencia de catálogo,,,,,,Referencia — revisar antes de publicar,
PERF-01953,Ex Nihilo,Nicho,Santal Calling,EDP/EDT/Parfum (verificar),,,EX-NIHIL-SANTAL-CALLING-1952,,Catálogo de la casa / referencia de catálogo,,,,,,Referencia — revisar antes de publicar,
PERF-01954,Ex Nihilo,Nicho,Honore Delights,EDP/EDT/Parfum (verificar),,,EX-NIHIL-HONORE-DELIGHTS-1953,,Catálogo de la casa / referencia de catálogo,,,,,,Referencia — revisar antes de publicar,
PERF-01955,Ex Nihilo,Nicho,Vesper Glitz,EDP/EDT/Parfum (verificar),,,EX-NIHIL-VESPER-GLITZ-1954,,Catálogo de la casa / referencia de catálogo,,,,,,Referencia — revisar antes de publicar,
PERF-01956,Ex Nihilo,Nicho,Musky Haze,EDP/EDT/Parfum (verificar),,,EX-NIHIL-MUSKY-HAZE-1955,,Catálogo de la casa / referencia de catálogo,,,,,,Referencia — revisar antes de publicar,
PERF-01957,Ex Nihilo,Nicho,French Affair,EDP/EDT/Parfum (verificar),,,EX-NIHIL-FRENCH-AFFAIR-1956,,Catálogo de la casa / referencia de catálogo,,,,,,Referencia — revisar antes de publicar,
PERF-01958,Ex Nihilo,Nicho,Explicite,EDP/EDT/Parfum (verificar),,,EX-NIHIL-EXPLICITE-1957,,Catálogo de la casa / referencia de catálogo,,,,,,Referencia — revisar antes de publicar,
PERF-01959,Ex Nihilo,Nicho,Speed Legends,EDP/EDT/Parfum (verificar),,,EX-NIHIL-SPEED-LEGENDS-1958,,Catálogo de la casa / referencia de catálogo,,,,,,Referencia — revisar antes de publicar,
PERF-01960,Ex Nihilo,Nicho,Love Shot,EDP/EDT/Parfum (verificar),,,EX-NIHIL-LOVE-SHOT-1959,,Catálogo de la casa / referencia de catálogo,,,,,,Referencia — revisar antes de publicar,
PERF-01961,Ex Nihilo,Nicho,10019 Wonders,EDP/EDT/Parfum (verificar),,,EX-NIHIL-10019-WONDERS-1960,,Catálogo de la casa / referencia de catálogo,,,,,,Referencia — revisar antes de publicar,
PERF-01962,Ex Nihilo,Nicho,Citrus Splash,EDP/EDT/Parfum (verificar),,,EX-NIHIL-CITRUS-SPLASH-1961,,Catálogo de la casa / referencia de catálogo,,,,,,Referencia — revisar antes de publicar,
PERF-01963,Ex Nihilo,Nicho,Fleur Narcotique Extrait,EDP/EDT/Parfum (verificar),,,EX-NIHIL-FLEUR-NARCOTIQUE-EXTRAIT-1962,,Catálogo de la casa / referencia de catálogo,,,,,,Referencia — revisar antes de publicar,
PERF-01964,Ex Nihilo,Nicho,Blue Talisman Extrait,EDP/EDT/Parfum (verificar),,,EX-NIHIL-BLUE-TALISMAN-EXTRAIT-1963,,Catálogo de la casa / referencia de catálogo,,,,,,Referencia — revisar antes de publicar,
PERF-01965,Ex Nihilo,Nicho,Santal Calling Extrait,EDP/EDT/Parfum (verificar),,,EX-NIHIL-SANTAL-CALLING-EXTRAIT-1964,,Catálogo de la casa / referencia de catálogo,,,,,,Referencia — revisar antes de publicar,
PERF-01966,Ex Nihilo,Nicho,Viper Green,EDP/EDT/Parfum (verificar),,,EX-NIHIL-VIPER-GREEN-1965,,Catálogo de la casa / referencia de catálogo,,,,,,Referencia — revisar antes de publicar,
PERF-01967,Ex Nihilo,Nicho,Midnight Special,EDP/EDT/Parfum (verificar),,,EX-NIHIL-MIDNIGHT-SPECIAL-1966,,Catálogo de la casa / referencia de catálogo,,,,,,Referencia — revisar antes de publicar,
PERF-01968,Ex Nihilo,Nicho,The Hedonist Bois,EDP/EDT/Parfum (verificar),,,EX-NIHIL-THE-HEDONIST-BOIS-1967,,Catálogo de la casa / referencia de catálogo,,,,,,Referencia — revisar antes de publicar,
PERF-01969,Ex Nihilo,Nicho,Coriander 39,EDP/EDT/Parfum (verificar),,,EX-NIHIL-CORIANDER-39-1968,,Catálogo de la casa / referencia de catálogo,,,,,,Referencia — revisar antes de publicar,
PERF-01970,Ex Nihilo,Nicho,Atlas Fever,EDP/EDT/Parfum (verificar),,,EX-NIHIL-ATLAS-FEVER-1969,,Catálogo de la casa / referencia de catálogo,,,,,,Referencia — revisar antes de publicar,
PERF-01971,Ex Nihilo,Nicho,Tuberose 29,EDP/EDT/Parfum (verificar),,,EX-NIHIL-TUBEROSE-29-1970,,Catálogo de la casa / referencia de catálogo,,,,,,Referencia — revisar antes de publicar,
PERF-01972,Matière Première,Nicho,Parisian Musc,EDP/EDT/Parfum (verificar),,,MATI-RE--PARISIAN-MUSC-1971,,Catálogo de la casa / referencia de catálogo,,,,,,Referencia — revisar antes de publicar,
PERF-01973,Matière Première,Nicho,Encens Suave,EDP/EDT/Parfum (verificar),,,MATI-RE--ENCENS-SUAVE-1972,,Catálogo de la casa / referencia de catálogo,,,,,,Referencia — revisar antes de publicar,
PERF-01974,Matière Première,Nicho,Radical Rose,EDP/EDT/Parfum (verificar),,,MATI-RE--RADICAL-ROSE-1973,,Catálogo de la casa / referencia de catálogo,,,,,,Referencia — revisar antes de publicar,
PERF-01975,Matière Première,Nicho,Falcon Leather,EDP/EDT/Parfum (verificar),,,MATI-RE--FALCON-LEATHER-1974,,Catálogo de la casa / referencia de catálogo,,,,,,Referencia — revisar antes de publicar,
PERF-01976,Matière Première,Nicho,French Flower,EDP/EDT/Parfum (verificar),,,MATI-RE--FRENCH-FLOWER-1975,,Catálogo de la casa / referencia de catálogo,,,,,,Referencia — revisar antes de publicar,
PERF-01977,Matière Première,Nicho,Santal Austral,EDP/EDT/Parfum (verificar),,,MATI-RE--SANTAL-AUSTRAL-1976,,Catálogo de la casa / referencia de catálogo,,,,,,Referencia — revisar antes de publicar,
PERF-01978,Matière Première,Nicho,Vanille Powder,EDP/EDT/Parfum (verificar),,,MATI-RE--VANILLE-POWDER-1977,,Catálogo de la casa / referencia de catálogo,,,,,,Referencia — revisar antes de publicar,
PERF-01979,Matière Première,Nicho,Crystal Saffron,EDP/EDT/Parfum (verificar),,,MATI-RE--CRYSTAL-SAFFRON-1978,,Catálogo de la casa / referencia de catálogo,,,,,,Referencia — revisar antes de publicar,
PERF-01980,Matière Première,Nicho,Cologne Cédrat,EDP/EDT/Parfum (verificar),,,MATI-RE--COLOGNE-C-DRAT-1979,,Catálogo de la casa / referencia de catálogo,,,,,,Referencia — revisar antes de publicar,
PERF-01981,Matière Première,Nicho,Bois d'Ébène,EDP/EDT/Parfum (verificar),,,MATI-RE--BOIS-D-B-NE-1980,,Catálogo de la casa / referencia de catálogo,,,,,,Referencia — revisar antes de publicar,
PERF-01982,Matière Première,Nicho,Bois d'Ebene,EDP/EDT/Parfum (verificar),,,MATI-RE--BOIS-D-EBENE-1981,,Catálogo de la casa / referencia de catálogo,,,,,,Referencia — revisar antes de publicar,
PERF-01983,Matière Première,Nicho,Parisian Musc Extrait,EDP/EDT/Parfum (verificar),,,MATI-RE--PARISIAN-MUSC-EXTRAIT-1982,,Catálogo de la casa / referencia de catálogo,,,,,,Referencia — revisar antes de publicar,
PERF-01984,Matière Première,Nicho,Radical Rose Extrait,EDP/EDT/Parfum (verificar),,,MATI-RE--RADICAL-ROSE-EXTRAIT-1983,,Catálogo de la casa / referencia de catálogo,,,,,,Referencia — revisar antes de publicar,
PERF-01985,Matière Première,Nicho,Falcon Leather Extrait,EDP/EDT/Parfum (verificar),,,MATI-RE--FALCON-LEATHER-EXTRAIT-1984,,Catálogo de la casa / referencia de catálogo,,,,,,Referencia — revisar antes de publicar,
PERF-01986,Matière Première,Nicho,Santal Austral Extrait,EDP/EDT/Parfum (verificar),,,MATI-RE--SANTAL-AUSTRAL-EXTRAIT-1985,,Catálogo de la casa / referencia de catálogo,,,,,,Referencia — revisar antes de publicar,
PERF-01987,Matière Première,Nicho,Vanille Powder Extrait,EDP/EDT/Parfum (verificar),,,MATI-RE--VANILLE-POWDER-EXTRAIT-1986,,Catálogo de la casa / referencia de catálogo,,,,,,Referencia — revisar antes de publicar,
PERF-01988,Matière Première,Nicho,Encens Suave Extrait,EDP/EDT/Parfum (verificar),,,MATI-RE--ENCENS-SUAVE-EXTRAIT-1987,,Catálogo de la casa / referencia de catálogo,,,,,,Referencia — revisar antes de publicar,
PERF-01989,Matière Première,Nicho,Crystal Saffron Extrait,EDP/EDT/Parfum (verificar),,,MATI-RE--CRYSTAL-SAFFRON-EXTRAIT-1988,,Catálogo de la casa / referencia de catálogo,,,,,,Referencia — revisar antes de publicar,
PERF-01990,Matière Première,Nicho,French Flower Extrait,EDP/EDT/Parfum (verificar),,,MATI-RE--FRENCH-FLOWER-EXTRAIT-1989,,Catálogo de la casa / referencia de catálogo,,,,,,Referencia — revisar antes de publicar,
PERF-01991,Matière Première,Nicho,Neroli Oranger,EDP/EDT/Parfum (verificar),,,MATI-RE--NEROLI-ORANGER-1990,,Catálogo de la casa / referencia de catálogo,,,,,,Referencia — revisar antes de publicar,
PERF-01992,Matière Première,Nicho,Encens Suave Intense,EDP/EDT/Parfum (verificar),,,MATI-RE--ENCENS-SUAVE-INTENSE-1991,,Catálogo de la casa / referencia de catálogo,,,,,,Referencia — revisar antes de publicar,
PERF-01993,Matière Première,Nicho,Falcon Leather Absolu,EDP/EDT/Parfum (verificar),,,MATI-RE--FALCON-LEATHER-ABSOLU-1992,,Catálogo de la casa / referencia de catálogo,,,,,,Referencia — revisar antes de publicar,
PERF-01994,Penhaligon's,Nicho,Halfeti,EDP/EDT/Parfum (verificar),,,PENHALIG-HALFETI-1993,,Catálogo de la casa / referencia de catálogo,,,,,,Referencia — revisar antes de publicar,
PERF-01995,Penhaligon's,Nicho,Halfeti Leather,EDP/EDT/Parfum (verificar),,,PENHALIG-HALFETI-LEATHER-1994,,Catálogo de la casa / referencia de catálogo,,,,,,Referencia — revisar antes de publicar,
PERF-01996,Penhaligon's,Nicho,The Tragedy of Lord George,EDP/EDT/Parfum (verificar),,,PENHALIG-THE-TRAGEDY-OF-LORD-GEOR-1995,,Catálogo de la casa / referencia de catálogo,,,,,,Referencia — revisar antes de publicar,
PERF-01997,Penhaligon's,Nicho,Endymion,EDP/EDT/Parfum (verificar),,,PENHALIG-ENDYMION-1996,,Catálogo de la casa / referencia de catálogo,,,,,,Referencia — revisar antes de publicar,
PERF-01998,Penhaligon's,Nicho,Endymion Concentré,EDP/EDT/Parfum (verificar),,,PENHALIG-ENDYMION-CONCENTR-1997,,Catálogo de la casa / referencia de catálogo,,,,,,Referencia — revisar antes de publicar,
PERF-01999,Penhaligon's,Nicho,The Blazing Mr Sam,EDP/EDT/Parfum (verificar),,,PENHALIG-THE-BLAZING-MR-SAM-1998,,Catálogo de la casa / referencia de catálogo,,,,,,Referencia — revisar antes de publicar,
PERF-02000,Penhaligon's,Nicho,Changing Constance,EDP/EDT/Parfum (verificar),,,PENHALIG-CHANGING-CONSTANCE-1999,,Catálogo de la casa / referencia de catálogo,,,,,,Referencia — revisar antes de publicar,
PERF-02001,Penhaligon's,Nicho,The Favourite,EDP/EDT/Parfum (verificar),,,PENHALIG-THE-FAVOURITE-2000,,Catálogo de la casa / referencia de catálogo,,,,,,Referencia — revisar antes de publicar,
PERF-02002,Penhaligon's,Nicho,Luna,EDP/EDT/Parfum (verificar),,,PENHALIG-LUNA-2001,,Catálogo de la casa / referencia de catálogo,,,,,,Referencia — revisar antes de publicar,
PERF-02003,Penhaligon's,Nicho,Juniper Sling,EDP/EDT/Parfum (verificar),,,PENHALIG-JUNIPER-SLING-2002,,Catálogo de la casa / referencia de catálogo,,,,,,Referencia — revisar antes de publicar,
PERF-02004,Penhaligon's,Nicho,Quercus,EDP/EDT/Parfum (verificar),,,PENHALIG-QUERCUS-2003,,Catálogo de la casa / referencia de catálogo,,,,,,Referencia — revisar antes de publicar,
PERF-02005,Penhaligon's,Nicho,Portraits The Revenge of Lady Blanche,EDP/EDT/Parfum (verificar),,,PENHALIG-PORTRAITS-THE-REVENGE-OF-2004,,Catálogo de la casa / referencia de catálogo,,,,,,Referencia — revisar antes de publicar,
PERF-02006,Penhaligon's,Nicho,Portraits The Duke,EDP/EDT/Parfum (verificar),,,PENHALIG-PORTRAITS-THE-DUKE-2005,,Catálogo de la casa / referencia de catálogo,,,,,,Referencia — revisar antes de publicar,
PERF-02007,Penhaligon's,Nicho,Portraits The Coveted Duchess Rose,EDP/EDT/Parfum (verificar),,,PENHALIG-PORTRAITS-THE-COVETED-DU-2006,,Catálogo de la casa / referencia de catálogo,,,,,,Referencia — revisar antes de publicar,
PERF-02008,Penhaligon's,Nicho,Portraits The Impudent Cousin Matthew,EDP/EDT/Parfum (verificar),,,PENHALIG-PORTRAITS-THE-IMPUDENT-C-2007,,Catálogo de la casa / referencia de catálogo,,,,,,Referencia — revisar antes de publicar,
PERF-02009,Penhaligon's,Nicho,Portraits Much Ado About The Duke,EDP/EDT/Parfum (verificar),,,PENHALIG-PORTRAITS-MUCH-ADO-ABOUT-2008,,Catálogo de la casa / referencia de catálogo,,,,,,Referencia — revisar antes de publicar,
PERF-02010,Penhaligon's,Nicho,The Uncompromising Sohan,EDP/EDT/Parfum (verificar),,,PENHALIG-THE-UNCOMPROMISING-SOHAN-2009,,Catálogo de la casa / referencia de catálogo,,,,,,Referencia — revisar antes de publicar,
PERF-02011,Penhaligon's,Nicho,The Bewitching Yasmine,EDP/EDT/Parfum (verificar),,,PENHALIG-THE-BEWITCHING-YASMINE-2010,,Catálogo de la casa / referencia de catálogo,,,,,,Referencia — revisar antes de publicar,
PERF-02012,Penhaligon's,Nicho,The Ruthless Countess Dorothea,EDP/EDT/Parfum (verificar),,,PENHALIG-THE-RUTHLESS-COUNTESS-DO-2011,,Catálogo de la casa / referencia de catálogo,,,,,,Referencia — revisar antes de publicar,
PERF-02013,Penhaligon's,Nicho,The Inimitable William Penhaligon,EDP/EDT/Parfum (verificar),,,PENHALIG-THE-INIMITABLE-WILLIAM-P-2012,,Catálogo de la casa / referencia de catálogo,,,,,,Referencia — revisar antes de publicar,
PERF-02014,Penhaligon's,Nicho,The Inimitable William,EDP/EDT/Parfum (verificar),,,PENHALIG-THE-INIMITABLE-WILLIAM-2013,,Catálogo de la casa / referencia de catálogo,,,,,,Referencia — revisar antes de publicar,
PERF-02015,Penhaligon's,Nicho,Lord George,EDP/EDT/Parfum (verificar),,,PENHALIG-LORD-GEORGE-2014,,Catálogo de la casa / referencia de catálogo,,,,,,Referencia — revisar antes de publicar,
PERF-02016,Penhaligon's,Nicho,Halfeti Cedar,EDP/EDT/Parfum (verificar),,,PENHALIG-HALFETI-CEDAR-2015,,Catálogo de la casa / referencia de catálogo,,,,,,Referencia — revisar antes de publicar,
PERF-02017,Penhaligon's,Nicho,Halfeti Leather Eau de Parfum,EDP/EDT/Parfum (verificar),,,PENHALIG-HALFETI-LEATHER-EAU-DE-P-2016,,Catálogo de la casa / referencia de catálogo,,,,,,Referencia — revisar antes de publicar,
PERF-02018,Penhaligon's,Nicho,Empressa,EDP/EDT/Parfum (verificar),,,PENHALIG-EMPRESSA-2017,,Catálogo de la casa / referencia de catálogo,,,,,,Referencia — revisar antes de publicar,
PERF-02019,Penhaligon's,Nicho,Constantinople,EDP/EDT/Parfum (verificar),,,PENHALIG-CONSTANTINOPLE-2018,,Catálogo de la casa / referencia de catálogo,,,,,,Referencia — revisar antes de publicar,
PERF-02020,Penhaligon's,Nicho,Legacy of Petra,EDP/EDT/Parfum (verificar),,,PENHALIG-LEGACY-OF-PETRA-2019,,Catálogo de la casa / referencia de catálogo,,,,,,Referencia — revisar antes de publicar,
PERF-02021,Penhaligon's,Nicho,Cairo,EDP/EDT/Parfum (verificar),,,PENHALIG-CAIRO-2020,,Catálogo de la casa / referencia de catálogo,,,,,,Referencia — revisar antes de publicar,
PERF-02022,Penhaligon's,Nicho,Clandestine Clara,EDP/EDT/Parfum (verificar),,,PENHALIG-CLANDESTINE-CLARA-2021,,Catálogo de la casa / referencia de catálogo,,,,,,Referencia — revisar antes de publicar,
PERF-02023,Penhaligon's,Nicho,Roaring Radcliff,EDP/EDT/Parfum (verificar),,,PENHALIG-ROARING-RADCLIFF-2022,,Catálogo de la casa / referencia de catálogo,,,,,,Referencia — revisar antes de publicar,
PERF-02024,Penhaligon's,Nicho,Vaara,EDP/EDT/Parfum (verificar),,,PENHALIG-VAARA-2023,,Catálogo de la casa / referencia de catálogo,,,,,,Referencia — revisar antes de publicar,
PERF-02025,Penhaligon's,Nicho,Savoy Steam,EDP/EDT/Parfum (verificar),,,PENHALIG-SAVOY-STEAM-2024,,Catálogo de la casa / referencia de catálogo,,,,,,Referencia — revisar antes de publicar,
PERF-02026,Penhaligon's,Nicho,The Favourite Eau de Parfum,EDP/EDT/Parfum (verificar),,,PENHALIG-THE-FAVOURITE-EAU-DE-PAR-2025,,Catálogo de la casa / referencia de catálogo,,,,,,Referencia — revisar antes de publicar,
PERF-02027,Lattafa,Árabe,Oud Mood,Eau de Parfum,100 ml / 3.4 oz,6291106065114.0,LAT-OUD-MOOD-100,,Lattafa USA,,,,,,Referencia — revisar antes de publicar,
